일시,기온(°C),강수량(mm),습도(%),적설(cm),미세먼지 등급,미세먼지 수치
2024-07-01 00:00:00,22.8,,87.0,,,
2024-07-01 01:00:00,22.5,,88.0,,좋음,30.0
2024-07-01 02:00:00,22.4,,89.0,,좋음,27.0
2024-07-01 03:00:00,22.4,,89.0,,좋음,29.0
2024-07-01 04:00:00,22.3,,88.0,,좋음,23.0
2024-07-01 05:00:00,22.1,,86.0,,좋음,22.0
2024-07-01 06:00:00,22.0,,85.0,,좋음,25.0
2024-07-01 07:00:00,22.4,,84.0,,보통,33.0
2024-07-01 08:00:00,23.0,,82.0,,보통,31.0
2024-07-01 09:00:00,24.9,,71.0,,좋음,29.0
2024-07-01 10:00:00,25.2,,70.0,,좋음,25.0
2024-07-01 11:00:00,26.8,,61.0,,좋음,28.0
2024-07-01 12:00:00,28.0,,57.0,,좋음,29.0
2024-07-01 13:00:00,29.0,,55.0,,좋음,29.0
2024-07-01 14:00:00,30.3,,52.0,,보통,34.0
2024-07-01 15:00:00,30.7,,51.0,,보통,42.0
2024-07-01 16:00:00,31.2,,48.0,,보통,46.0
2024-07-01 17:00:00,31.1,,49.0,,보통,45.0
2024-07-01 18:00:00,30.8,,52.0,,보통,37.0
2024-07-01 19:00:00,29.5,,61.0,,보통,36.0
2024-07-01 20:00:00,27.8,,67.0,,좋음,28.0
2024-07-01 21:00:00,26.5,,71.0,,보통,31.0
2024-07-01 22:00:00,25.9,,74.0,,좋음,27.0
2024-07-01 23:00:00,25.6,,76.0,,좋음,30.0
2024-07-02 00:00:00,25.2,,77.0,,좋음,27.0
2024-07-02 01:00:00,24.8,,78.0,,좋음,24.0
2024-07-02 02:00:00,24.6,,80.0,,좋음,21.0
2024-07-02 03:00:00,24.4,,81.0,,좋음,26.0
2024-07-02 04:00:00,24.4,,82.0,,좋음,28.0
2024-07-02 05:00:00,24.4,,81.0,,보통,33.0
2024-07-02 06:00:00,24.4,,80.0,,보통,37.0
2024-07-02 07:00:00,24.4,0.0,78.0,,보통,37.0
2024-07-02 08:00:00,24.0,0.3,82.0,,보통,36.0
2024-07-02 09:00:00,23.7,0.7,85.0,,보통,39.0
2024-07-02 10:00:00,23.5,2.5,89.0,,보통,36.0
2024-07-02 11:00:00,23.1,5.5,91.0,,좋음,30.0
2024-07-02 12:00:00,22.1,20.1,94.0,,좋음,20.0
2024-07-02 13:00:00,22.0,21.9,96.0,,좋음,21.0
2024-07-02 14:00:00,22.0,7.2,97.0,,좋음,13.0
2024-07-02 15:00:00,22.0,1.9,96.0,,좋음,12.0
2024-07-02 16:00:00,22.1,1.5,97.0,,좋음,9.0
2024-07-02 17:00:00,22.1,1.0,96.0,,좋음,12.0
2024-07-02 18:00:00,22.1,0.2,95.0,,좋음,9.0
2024-07-02 19:00:00,22.3,0.1,95.0,,좋음,12.0
2024-07-02 20:00:00,22.4,0.1,95.0,,좋음,13.0
2024-07-02 21:00:00,22.7,0.2,94.0,,좋음,21.0
2024-07-02 22:00:00,23.1,0.0,94.0,,좋음,23.0
2024-07-02 23:00:00,23.8,0.3,93.0,,좋음,17.0
2024-07-03 00:00:00,24.1,1.6,95.0,,좋음,18.0
2024-07-03 01:00:00,24.5,0.8,94.0,,좋음,19.0
2024-07-03 02:00:00,24.3,0.0,91.0,,좋음,28.0
2024-07-03 03:00:00,24.1,0.0,90.0,,보통,36.0
2024-07-03 04:00:00,24.1,0.0,88.0,,좋음,29.0
2024-07-03 05:00:00,24.0,,86.0,,보통,32.0
2024-07-03 06:00:00,23.7,,85.0,,좋음,28.0
2024-07-03 07:00:00,23.7,0.0,85.0,,좋음,26.0
2024-07-03 08:00:00,23.7,0.0,83.0,,좋음,26.0
2024-07-03 09:00:00,24.3,,80.0,,좋음,29.0
2024-07-03 10:00:00,24.8,,77.0,,좋음,25.0
2024-07-03 11:00:00,25.5,,73.0,,좋음,25.0
2024-07-03 12:00:00,25.9,,70.0,,,
2024-07-03 13:00:00,25.2,,73.0,,,
2024-07-03 14:00:00,24.9,,74.0,,,
2024-07-03 15:00:00,25.4,,73.0,,좋음,26.0
2024-07-03 16:00:00,25.4,,74.0,,좋음,28.0
2024-07-03 17:00:00,25.4,,75.0,,보통,38.0
2024-07-03 18:00:00,25.2,,76.0,,보통,34.0
2024-07-03 19:00:00,25.1,,78.0,,보통,37.0
2024-07-03 20:00:00,24.8,,80.0,,보통,40.0
2024-07-03 21:00:00,24.7,,82.0,,보통,47.0
2024-07-03 22:00:00,24.6,,84.0,,보통,47.0
2024-07-03 23:00:00,24.3,,84.0,,보통,51.0
2024-07-04 00:00:00,24.1,,86.0,,보통,43.0
2024-07-04 01:00:00,24.0,,87.0,,보통,48.0
2024-07-04 02:00:00,24.0,,86.0,,보통,49.0
2024-07-04 03:00:00,23.9,,86.0,,보통,55.0
2024-07-04 04:00:00,23.8,,86.0,,보통,51.0
2024-07-04 05:00:00,23.5,0.0,85.0,,보통,50.0
2024-07-04 06:00:00,23.4,,86.0,,보통,44.0
2024-07-04 07:00:00,23.3,,86.0,,보통,47.0
2024-07-04 08:00:00,23.7,,82.0,,보통,43.0
2024-07-04 09:00:00,24.5,,79.0,,보통,51.0
2024-07-04 10:00:00,25.2,,77.0,,보통,53.0
2024-07-04 11:00:00,26.5,,72.0,,보통,53.0
2024-07-04 12:00:00,28.0,,66.0,,보통,46.0
2024-07-04 13:00:00,28.4,,65.0,,보통,45.0
2024-07-04 14:00:00,29.7,,62.0,,보통,39.0
2024-07-04 15:00:00,30.6,,60.0,,보통,46.0
2024-07-04 16:00:00,30.3,,57.0,,,
2024-07-04 17:00:00,29.5,0.0,59.0,,보통,37.0
2024-07-04 18:00:00,29.3,0.0,63.0,,보통,42.0
2024-07-04 19:00:00,29.0,0.0,65.0,,보통,36.0
2024-07-04 20:00:00,28.7,0.0,69.0,,보통,35.0
2024-07-04 21:00:00,29.0,0.0,71.0,,보통,37.0
2024-07-04 22:00:00,28.2,0.0,76.0,,좋음,28.0
2024-07-04 23:00:00,26.2,3.6,85.0,,좋음,27.0
2024-07-05 00:00:00,25.8,0.0,87.0,,좋음,26.0
2024-07-05 01:00:00,24.7,3.3,90.0,,좋음,19.0
2024-07-05 02:00:00,23.6,0.6,87.0,,좋음,15.0
2024-07-05 03:00:00,22.3,0.0,90.0,,좋음,23.0
2024-07-05 04:00:00,21.9,0.0,90.0,,좋음,20.0
2024-07-05 05:00:00,21.4,0.0,93.0,,좋음,13.0
2024-07-05 06:00:00,21.3,0.2,95.0,,좋음,14.0
2024-07-05 07:00:00,21.5,0.0,94.0,,좋음,21.0
2024-07-05 08:00:00,22.1,,92.0,,좋음,20.0
2024-07-05 09:00:00,22.2,,89.0,,좋음,19.0
2024-07-05 10:00:00,22.4,,89.0,,좋음,18.0
2024-07-05 11:00:00,22.8,,85.0,,좋음,20.0
2024-07-05 12:00:00,23.5,,82.0,,좋음,21.0
2024-07-05 13:00:00,24.6,,75.0,,좋음,28.0
2024-07-05 14:00:00,25.0,,74.0,,좋음,27.0
2024-07-05 15:00:00,25.3,,73.0,,좋음,26.0
2024-07-05 16:00:00,25.5,,71.0,,좋음,23.0
2024-07-05 17:00:00,26.1,,69.0,,좋음,25.0
2024-07-05 18:00:00,25.6,,68.0,,좋음,20.0
2024-07-05 19:00:00,25.1,,70.0,,좋음,25.0
2024-07-05 20:00:00,24.2,,70.0,,좋음,19.0
2024-07-05 21:00:00,24.0,,71.0,,좋음,24.0
2024-07-05 22:00:00,23.5,,74.0,,좋음,26.0
2024-07-05 23:00:00,23.3,,76.0,,좋음,30.0
2024-07-06 00:00:00,23.2,,76.0,,좋음,27.0
2024-07-06 01:00:00,23.0,,78.0,,좋음,25.0
2024-07-06 02:00:00,22.7,,80.0,,좋음,28.0
2024-07-06 03:00:00,22.9,,81.0,,좋음,29.0
2024-07-06 04:00:00,22.9,0.0,82.0,,좋음,29.0
2024-07-06 05:00:00,22.4,1.0,89.0,,보통,35.0
2024-07-06 06:00:00,22.1,1.5,92.0,,보통,31.0
2024-07-06 07:00:00,22.1,0.0,93.0,,좋음,26.0
2024-07-06 08:00:00,22.3,,92.0,,좋음,22.0
2024-07-06 09:00:00,22.7,,91.0,,좋음,24.0
2024-07-06 10:00:00,23.4,,90.0,,좋음,30.0
2024-07-06 11:00:00,25.1,,88.0,,보통,34.0
2024-07-06 12:00:00,26.6,,85.0,,보통,32.0
2024-07-06 13:00:00,28.2,,80.0,,보통,35.0
2024-07-06 14:00:00,29.6,,75.0,,보통,33.0
2024-07-06 15:00:00,29.6,,73.0,,보통,40.0
2024-07-06 16:00:00,28.7,,76.0,,보통,36.0
2024-07-06 17:00:00,28.7,,76.0,,보통,40.0
2024-07-06 18:00:00,27.8,0.0,79.0,,보통,40.0
2024-07-06 19:00:00,27.1,,81.0,,보통,43.0
2024-07-06 20:00:00,26.5,0.0,83.0,,보통,43.0
2024-07-06 21:00:00,25.3,0.1,88.0,,보통,44.0
2024-07-06 22:00:00,24.5,0.2,87.0,,보통,38.0
2024-07-06 23:00:00,24.3,,86.0,,보통,34.0
2024-07-07 00:00:00,24.0,,84.0,,보통,36.0
2024-07-07 01:00:00,23.1,,84.0,,좋음,30.0
2024-07-07 02:00:00,22.6,,86.0,,좋음,28.0
2024-07-07 03:00:00,22.2,,87.0,,보통,31.0
2024-07-07 04:00:00,21.9,,89.0,,좋음,28.0
2024-07-07 05:00:00,21.6,,89.0,,좋음,28.0
2024-07-07 06:00:00,21.5,,90.0,,좋음,26.0
2024-07-07 07:00:00,22.0,,90.0,,보통,32.0
2024-07-07 08:00:00,22.7,,88.0,,좋음,29.0
2024-07-07 09:00:00,23.6,,86.0,,좋음,30.0
2024-07-07 10:00:00,25.0,,80.0,,좋음,30.0
2024-07-07 11:00:00,25.8,,78.0,,보통,36.0
2024-07-07 12:00:00,26.0,,75.0,,보통,32.0
2024-07-07 13:00:00,27.5,,72.0,,보통,33.0
2024-07-07 14:00:00,28.0,,69.0,,보통,35.0
2024-07-07 15:00:00,27.4,,72.0,,보통,36.0
2024-07-07 16:00:00,26.5,,79.0,,좋음,28.0
2024-07-07 17:00:00,26.6,,79.0,,좋음,18.0
2024-07-07 18:00:00,26.0,0.0,82.0,,좋음,15.0
2024-07-07 19:00:00,24.5,19.9,91.0,,좋음,15.0
2024-07-07 20:00:00,24.2,7.3,91.0,,좋음,12.0
2024-07-07 21:00:00,24.4,0.6,94.0,,좋음,10.0
2024-07-07 22:00:00,24.4,0.8,94.0,,좋음,8.0
2024-07-07 23:00:00,24.4,0.1,94.0,,좋음,20.0
2024-07-08 00:00:00,24.3,,95.0,,좋음,19.0
2024-07-08 01:00:00,24.0,0.0,96.0,,좋음,17.0
2024-07-08 02:00:00,24.0,0.0,95.0,,좋음,13.0
2024-07-08 03:00:00,23.9,0.8,96.0,,좋음,15.0
2024-07-08 04:00:00,23.8,1.4,96.0,,좋음,11.0
2024-07-08 05:00:00,23.8,6.8,97.0,,좋음,17.0
2024-07-08 06:00:00,23.9,0.5,96.0,,좋음,27.0
2024-07-08 07:00:00,24.2,0.0,96.0,,좋음,25.0
2024-07-08 08:00:00,24.2,,94.0,,좋음,26.0
2024-07-08 09:00:00,24.2,0.0,93.0,,좋음,19.0
2024-07-08 10:00:00,24.1,0.0,91.0,,좋음,17.0
2024-07-08 11:00:00,24.1,0.0,90.0,,좋음,15.0
2024-07-08 12:00:00,23.9,0.3,92.0,,좋음,11.0
2024-07-08 13:00:00,24.0,0.4,93.0,,좋음,12.0
2024-07-08 14:00:00,23.9,3.2,94.0,,좋음,8.0
2024-07-08 15:00:00,24.0,1.8,94.0,,좋음,10.0
2024-07-08 16:00:00,24.3,0.2,93.0,,좋음,7.0
2024-07-08 17:00:00,24.5,0.0,92.0,,좋음,10.0
2024-07-08 18:00:00,24.3,0.0,90.0,,좋음,12.0
2024-07-08 19:00:00,23.9,2.7,93.0,,좋음,15.0
2024-07-08 20:00:00,23.4,3.0,93.0,,좋음,11.0
2024-07-08 21:00:00,23.1,0.0,92.0,,좋음,15.0
2024-07-08 22:00:00,23.2,,92.0,,좋음,14.0
2024-07-08 23:00:00,23.2,0.0,93.0,,좋음,15.0
2024-07-09 00:00:00,23.2,,94.0,,좋음,12.0
2024-07-09 01:00:00,23.3,,93.0,,좋음,15.0
2024-07-09 02:00:00,23.2,,93.0,,좋음,12.0
2024-07-09 03:00:00,22.9,,93.0,,좋음,17.0
2024-07-09 04:00:00,22.9,,94.0,,좋음,11.0
2024-07-09 05:00:00,22.8,,93.0,,좋음,16.0
2024-07-09 06:00:00,22.8,,94.0,,좋음,16.0
2024-07-09 07:00:00,23.0,,93.0,,좋음,21.0
2024-07-09 08:00:00,23.5,,92.0,,좋음,22.0
2024-07-09 09:00:00,24.1,,87.0,,좋음,25.0
2024-07-09 10:00:00,25.4,,83.0,,좋음,26.0
2024-07-09 11:00:00,26.0,,80.0,,좋음,26.0
2024-07-09 12:00:00,26.2,0.0,80.0,,좋음,25.0
2024-07-09 13:00:00,26.4,0.0,80.0,,보통,31.0
2024-07-09 14:00:00,26.4,,81.0,,좋음,26.0
2024-07-09 15:00:00,25.8,0.0,83.0,,좋음,21.0
2024-07-09 16:00:00,25.3,0.0,83.0,,좋음,24.0
2024-07-09 17:00:00,25.2,0.1,84.0,,좋음,27.0
2024-07-09 18:00:00,25.1,0.0,84.0,,좋음,27.0
2024-07-09 19:00:00,25.1,,83.0,,좋음,28.0
2024-07-09 20:00:00,25.0,,84.0,,좋음,17.0
2024-07-09 21:00:00,24.8,0.0,84.0,,좋음,21.0
2024-07-09 22:00:00,24.6,0.0,85.0,,좋음,16.0
2024-07-09 23:00:00,24.3,0.0,87.0,,좋음,16.0
2024-07-10 00:00:00,23.9,0.2,90.0,,좋음,17.0
2024-07-10 01:00:00,23.6,1.4,92.0,,좋음,14.0
2024-07-10 02:00:00,23.4,0.0,92.0,,좋음,12.0
2024-07-10 03:00:00,23.1,0.0,93.0,,좋음,11.0
2024-07-10 04:00:00,23.0,0.0,88.0,,좋음,9.0
2024-07-10 05:00:00,22.8,0.0,87.0,,좋음,10.0
2024-07-10 06:00:00,22.8,,88.0,,좋음,13.0
2024-07-10 07:00:00,23.4,,88.0,,좋음,15.0
2024-07-10 08:00:00,24.9,,83.0,,좋음,16.0
2024-07-10 09:00:00,26.4,,77.0,,좋음,25.0
2024-07-10 10:00:00,27.9,,72.0,,좋음,24.0
2024-07-10 11:00:00,29.1,,68.0,,좋음,26.0
2024-07-10 12:00:00,30.3,,62.0,,좋음,18.0
2024-07-10 13:00:00,30.6,,60.0,,좋음,21.0
2024-07-10 14:00:00,30.4,,62.0,,좋음,20.0
2024-07-10 15:00:00,29.0,0.0,71.0,,좋음,24.0
2024-07-10 16:00:00,29.6,0.0,67.0,,좋음,21.0
2024-07-10 17:00:00,29.9,,64.0,,좋음,15.0
2024-07-10 18:00:00,29.5,,70.0,,좋음,16.0
2024-07-10 19:00:00,28.7,,72.0,,좋음,17.0
2024-07-10 20:00:00,27.2,,76.0,,좋음,13.0
2024-07-10 21:00:00,26.7,,76.0,,좋음,9.0
2024-07-10 22:00:00,25.9,,78.0,,좋음,13.0
2024-07-10 23:00:00,25.5,,79.0,,좋음,21.0
2024-07-11 00:00:00,25.1,,80.0,,좋음,17.0
2024-07-11 01:00:00,24.8,,81.0,,좋음,20.0
2024-07-11 02:00:00,24.5,,83.0,,좋음,27.0
2024-07-11 03:00:00,24.4,,85.0,,보통,32.0
2024-07-11 04:00:00,24.2,,86.0,,좋음,30.0
2024-07-11 05:00:00,24.0,,86.0,,보통,34.0
2024-07-11 06:00:00,23.8,,87.0,,보통,43.0
2024-07-11 07:00:00,23.9,,87.0,,보통,56.0
2024-07-11 08:00:00,24.5,,86.0,,보통,48.0
2024-07-11 09:00:00,24.4,,87.0,,보통,39.0
2024-07-11 10:00:00,26.1,,79.0,,보통,42.0
2024-07-11 11:00:00,27.2,,75.0,,보통,53.0
2024-07-11 12:00:00,28.3,,73.0,,보통,66.0
2024-07-11 13:00:00,28.0,,71.0,,보통,77.0
2024-07-11 14:00:00,28.4,,70.0,,보통,65.0
2024-07-11 15:00:00,28.4,,69.0,,보통,53.0
2024-07-11 16:00:00,28.7,,67.0,,보통,48.0
2024-07-11 17:00:00,28.3,,68.0,,보통,58.0
2024-07-11 18:00:00,28.3,,69.0,,보통,49.0
2024-07-11 19:00:00,27.2,,71.0,,보통,49.0
2024-07-11 20:00:00,25.8,,74.0,,보통,32.0
2024-07-11 21:00:00,24.8,,81.0,,좋음,28.0
2024-07-11 22:00:00,24.1,,82.0,,좋음,28.0
2024-07-11 23:00:00,23.6,,84.0,,좋음,29.0
2024-07-12 00:00:00,23.3,,86.0,,좋음,25.0
2024-07-12 01:00:00,23.0,,86.0,,좋음,29.0
2024-07-12 02:00:00,22.7,,88.0,,좋음,23.0
2024-07-12 03:00:00,22.5,,89.0,,보통,31.0
2024-07-12 04:00:00,22.3,,90.0,,보통,39.0
2024-07-12 05:00:00,22.0,,90.0,,보통,41.0
2024-07-12 06:00:00,21.9,,90.0,,보통,37.0
2024-07-12 07:00:00,22.4,,90.0,,보통,43.0
2024-07-12 08:00:00,23.2,,88.0,,보통,38.0
2024-07-12 09:00:00,23.8,,86.0,,보통,46.0
2024-07-12 10:00:00,24.2,,84.0,,보통,44.0
2024-07-12 11:00:00,25.0,,81.0,,보통,48.0
2024-07-12 12:00:00,25.9,,79.0,,보통,47.0
2024-07-12 13:00:00,26.6,,74.0,,보통,50.0
2024-07-12 14:00:00,28.0,,72.0,,보통,45.0
2024-07-12 15:00:00,29.0,,66.0,,보통,54.0
2024-07-12 16:00:00,29.9,,63.0,,보통,56.0
2024-07-12 17:00:00,30.1,,62.0,,보통,61.0
2024-07-12 18:00:00,29.9,,62.0,,보통,60.0
2024-07-12 19:00:00,28.8,,71.0,,보통,70.0
2024-07-12 20:00:00,27.5,,76.0,,보통,65.0
2024-07-12 21:00:00,26.6,,80.0,,보통,68.0
2024-07-12 22:00:00,25.9,,83.0,,보통,58.0
2024-07-12 23:00:00,25.5,,84.0,,보통,57.0
2024-07-13 00:00:00,25.1,,84.0,,보통,45.0
2024-07-13 01:00:00,24.6,,86.0,,보통,40.0
2024-07-13 02:00:00,24.4,,86.0,,보통,35.0
2024-07-13 03:00:00,24.1,,88.0,,보통,42.0
2024-07-13 04:00:00,23.9,,89.0,,보통,46.0
2024-07-13 05:00:00,23.7,,91.0,,보통,53.0
2024-07-13 06:00:00,23.5,,91.0,,보통,49.0
2024-07-13 07:00:00,24.2,,92.0,,보통,53.0
2024-07-13 08:00:00,25.6,,87.0,,보통,57.0
2024-07-13 09:00:00,27.2,,79.0,,보통,63.0
2024-07-13 10:00:00,28.3,,75.0,,보통,60.0
2024-07-13 11:00:00,29.5,,70.0,,보통,63.0
2024-07-13 12:00:00,30.6,,65.0,,보통,56.0
2024-07-13 13:00:00,31.8,,60.0,,보통,53.0
2024-07-13 14:00:00,32.5,,55.0,,보통,55.0
2024-07-13 15:00:00,32.6,,45.0,,보통,66.0
2024-07-13 16:00:00,32.9,,44.0,,보통,65.0
2024-07-13 17:00:00,32.5,,44.0,,보통,66.0
2024-07-13 18:00:00,32.2,,48.0,,보통,65.0
2024-07-13 19:00:00,30.2,,67.0,,보통,74.0
2024-07-13 20:00:00,28.8,,69.0,,보통,69.0
2024-07-13 21:00:00,27.8,,70.0,,보통,73.0
2024-07-13 22:00:00,27.0,,71.0,,보통,66.0
2024-07-13 23:00:00,26.8,0.0,73.0,,보통,58.0
2024-07-14 00:00:00,26.7,0.0,74.0,,보통,52.0
2024-07-14 01:00:00,26.7,0.0,78.0,,보통,56.0
2024-07-14 02:00:00,26.4,,80.0,,보통,47.0
2024-07-14 03:00:00,26.1,,75.0,,보통,55.0
2024-07-14 04:00:00,25.8,,75.0,,보통,54.0
2024-07-14 05:00:00,25.6,,76.0,,보통,50.0
2024-07-14 06:00:00,25.0,,77.0,,보통,46.0
2024-07-14 07:00:00,24.9,,74.0,,보통,47.0
2024-07-14 08:00:00,25.7,,70.0,,보통,42.0
2024-07-14 09:00:00,26.8,,66.0,,보통,49.0
2024-07-14 10:00:00,28.5,,64.0,,보통,40.0
2024-07-14 11:00:00,29.5,,63.0,,보통,32.0
2024-07-14 12:00:00,30.6,,59.0,,좋음,28.0
2024-07-14 13:00:00,30.9,,58.0,,보통,34.0
2024-07-14 14:00:00,31.6,,56.0,,좋음,28.0
2024-07-14 15:00:00,31.3,,57.0,,,
2024-07-14 16:00:00,31.4,,56.0,,좋음,26.0
2024-07-14 17:00:00,32.1,,55.0,,좋음,22.0
2024-07-14 18:00:00,31.5,,56.0,,좋음,22.0
2024-07-14 19:00:00,30.5,,57.0,,좋음,20.0
2024-07-14 20:00:00,29.1,0.4,66.0,,좋음,16.0
2024-07-14 21:00:00,28.5,,66.0,,좋음,15.0
2024-07-14 22:00:00,28.0,,68.0,,좋음,15.0
2024-07-14 23:00:00,27.4,,71.0,,좋음,15.0
2024-07-15 00:00:00,27.1,,71.0,,좋음,10.0
2024-07-15 01:00:00,26.3,,73.0,,좋음,10.0
2024-07-15 02:00:00,25.6,,73.0,,좋음,8.0
2024-07-15 03:00:00,25.2,,72.0,,좋음,15.0
2024-07-15 04:00:00,25.0,,72.0,,좋음,11.0
2024-07-15 05:00:00,24.7,,72.0,,좋음,11.0
2024-07-15 06:00:00,24.6,,73.0,,좋음,11.0
2024-07-15 07:00:00,25.1,,71.0,,좋음,16.0
2024-07-15 08:00:00,26.5,,67.0,,좋음,16.0
2024-07-15 09:00:00,28.2,,63.0,,좋음,17.0
2024-07-15 10:00:00,29.0,,60.0,,좋음,17.0
2024-07-15 11:00:00,29.9,,59.0,,좋음,20.0
2024-07-15 12:00:00,30.3,,60.0,,좋음,20.0
2024-07-15 13:00:00,30.5,,58.0,,좋음,20.0
2024-07-15 14:00:00,30.7,,59.0,,좋음,19.0
2024-07-15 15:00:00,30.9,,57.0,,좋음,18.0
2024-07-15 16:00:00,30.8,,58.0,,좋음,20.0
2024-07-15 17:00:00,30.9,,58.0,,좋음,21.0
2024-07-15 18:00:00,30.7,,58.0,,좋음,18.0
2024-07-15 19:00:00,30.4,,59.0,,좋음,15.0
2024-07-15 20:00:00,29.8,,61.0,,좋음,16.0
2024-07-15 21:00:00,29.4,,64.0,,좋음,18.0
2024-07-15 22:00:00,29.1,,65.0,,좋음,23.0
2024-07-15 23:00:00,28.8,,67.0,,좋음,29.0
2024-07-16 00:00:00,28.2,0.0,70.0,,좋음,21.0
2024-07-16 01:00:00,27.9,,70.0,,좋음,21.0
2024-07-16 02:00:00,27.6,,72.0,,좋음,19.0
2024-07-16 03:00:00,27.2,,73.0,,좋음,21.0
2024-07-16 04:00:00,26.6,,75.0,,좋음,12.0
2024-07-16 05:00:00,25.9,,77.0,,좋음,15.0
2024-07-16 06:00:00,25.8,,78.0,,좋음,17.0
2024-07-16 07:00:00,26.0,,77.0,,좋음,21.0
2024-07-16 08:00:00,27.5,,73.0,,좋음,19.0
2024-07-16 09:00:00,28.7,,68.0,,좋음,19.0
2024-07-16 10:00:00,30.0,,65.0,,좋음,19.0
2024-07-16 11:00:00,29.5,,65.0,,,
2024-07-16 12:00:00,30.3,,63.0,,,
2024-07-16 13:00:00,30.1,,64.0,,,
2024-07-16 14:00:00,28.9,0.0,69.0,,좋음,18.0
2024-07-16 15:00:00,28.3,0.0,71.0,,좋음,20.0
2024-07-16 16:00:00,25.9,3.5,84.0,,좋음,16.0
2024-07-16 17:00:00,25.6,2.8,89.0,,좋음,20.0
2024-07-16 18:00:00,25.8,0.4,89.0,,좋음,18.0
2024-07-16 19:00:00,25.5,0.0,87.0,,좋음,19.0
2024-07-16 20:00:00,25.1,7.2,91.0,,좋음,15.0
2024-07-16 21:00:00,25.4,0.5,92.0,,좋음,19.0
2024-07-16 22:00:00,25.4,0.2,91.0,,좋음,18.0
2024-07-16 23:00:00,24.7,1.9,92.0,,좋음,14.0
2024-07-17 00:00:00,24.6,0.5,93.0,,좋음,11.0
2024-07-17 01:00:00,24.4,0.3,90.0,,좋음,8.0
2024-07-17 02:00:00,24.4,1.6,93.0,,좋음,10.0
2024-07-17 03:00:00,24.2,3.4,94.0,,좋음,10.0
2024-07-17 04:00:00,24.1,1.1,93.0,,좋음,5.0
2024-07-17 05:00:00,24.3,0.2,93.0,,좋음,9.0
2024-07-17 06:00:00,24.7,0.0,93.0,,좋음,11.0
2024-07-17 07:00:00,25.0,0.0,94.0,,좋음,13.0
2024-07-17 08:00:00,25.2,6.5,96.0,,좋음,17.0
2024-07-17 09:00:00,25.2,32.2,97.0,,좋음,20.0
2024-07-17 10:00:00,24.4,39.0,95.0,,좋음,19.0
2024-07-17 11:00:00,24.4,0.1,94.0,,좋음,22.0
2024-07-17 12:00:00,25.6,0.0,92.0,,좋음,17.0
2024-07-17 13:00:00,26.7,0.0,87.0,,좋음,18.0
2024-07-17 14:00:00,28.0,0.0,77.0,,좋음,19.0
2024-07-17 15:00:00,27.1,0.0,85.0,,좋음,16.0
2024-07-17 16:00:00,26.7,0.4,87.0,,좋음,15.0
2024-07-17 17:00:00,26.2,1.8,91.0,,좋음,18.0
2024-07-17 18:00:00,25.0,4.0,89.0,,좋음,15.0
2024-07-17 19:00:00,24.5,0.0,92.0,,좋음,22.0
2024-07-17 20:00:00,24.9,0.0,93.0,,좋음,19.0
2024-07-17 21:00:00,25.9,,90.0,,좋음,16.0
2024-07-17 22:00:00,26.2,0.0,88.0,,좋음,15.0
2024-07-17 23:00:00,26.1,0.5,89.0,,좋음,15.0
2024-07-18 00:00:00,25.6,7.7,93.0,,좋음,15.0
2024-07-18 01:00:00,25.5,3.0,93.0,,좋음,18.0
2024-07-18 02:00:00,25.5,0.8,92.0,,좋음,14.0
2024-07-18 03:00:00,25.6,0.1,90.0,,좋음,18.0
2024-07-18 04:00:00,24.5,9.4,92.0,,좋음,15.0
2024-07-18 05:00:00,23.9,5.8,95.0,,좋음,11.0
2024-07-18 06:00:00,24.1,9.6,98.0,,좋음,9.0
2024-07-18 07:00:00,23.7,10.3,97.0,,좋음,7.0
2024-07-18 08:00:00,23.2,14.0,96.0,,좋음,5.0
2024-07-18 09:00:00,23.3,2.7,95.0,,좋음,12.0
2024-07-18 10:00:00,23.3,7.3,97.0,,좋음,19.0
2024-07-18 11:00:00,23.5,7.7,98.0,,좋음,17.0
2024-07-18 12:00:00,23.9,3.7,97.0,,좋음,11.0
2024-07-18 13:00:00,23.9,12.9,98.0,,좋음,15.0
2024-07-18 14:00:00,23.9,14.0,97.0,,좋음,13.0
2024-07-18 15:00:00,23.9,18.0,98.0,,좋음,16.0
2024-07-18 16:00:00,24.3,9.5,97.0,,좋음,13.0
2024-07-18 17:00:00,24.5,0.0,95.0,,좋음,13.0
2024-07-18 18:00:00,24.7,,94.0,,좋음,8.0
2024-07-18 19:00:00,24.6,,93.0,,좋음,13.0
2024-07-18 20:00:00,24.6,,93.0,,좋음,13.0
2024-07-18 21:00:00,24.8,0.0,95.0,,좋음,16.0
2024-07-18 22:00:00,24.5,,94.0,,좋음,18.0
2024-07-18 23:00:00,24.4,0.0,95.0,,좋음,30.0
2024-07-19 00:00:00,24.4,0.0,95.0,,좋음,22.0
2024-07-19 01:00:00,24.4,0.0,96.0,,좋음,26.0
2024-07-19 02:00:00,24.4,0.0,96.0,,좋음,26.0
2024-07-19 03:00:00,24.3,0.1,96.0,,좋음,26.0
2024-07-19 04:00:00,24.3,0.0,95.0,,좋음,26.0
2024-07-19 05:00:00,24.3,,94.0,,보통,32.0
2024-07-19 06:00:00,24.3,,95.0,,보통,32.0
2024-07-19 07:00:00,24.4,,94.0,,보통,38.0
2024-07-19 08:00:00,24.8,,92.0,,보통,31.0
2024-07-19 09:00:00,25.8,,87.0,,좋음,29.0
2024-07-19 10:00:00,26.7,,83.0,,좋음,27.0
2024-07-19 11:00:00,28.0,,77.0,,좋음,26.0
2024-07-19 12:00:00,28.4,,72.0,,좋음,29.0
2024-07-19 13:00:00,29.1,,71.0,,보통,38.0
2024-07-19 14:00:00,29.9,,67.0,,좋음,27.0
2024-07-19 15:00:00,30.7,,62.0,,좋음,29.0
2024-07-19 16:00:00,30.7,,62.0,,좋음,30.0
2024-07-19 17:00:00,30.2,,66.0,,보통,34.0
2024-07-19 18:00:00,29.8,,63.0,,좋음,26.0
2024-07-19 19:00:00,28.7,,71.0,,좋음,29.0
2024-07-19 20:00:00,27.8,,77.0,,좋음,30.0
2024-07-19 21:00:00,26.9,,81.0,,좋음,29.0
2024-07-19 22:00:00,26.6,,83.0,,,
2024-07-19 23:00:00,26.3,,84.0,,좋음,29.0
2024-07-20 00:00:00,26.0,,85.0,,보통,31.0
2024-07-20 01:00:00,25.8,,85.0,,좋음,28.0
2024-07-20 02:00:00,25.7,,84.0,,좋음,20.0
2024-07-20 03:00:00,25.5,,84.0,,좋음,21.0
2024-07-20 04:00:00,25.3,,84.0,,좋음,25.0
2024-07-20 05:00:00,25.1,,87.0,,좋음,23.0
2024-07-20 06:00:00,25.2,,86.0,,좋음,18.0
2024-07-20 07:00:00,25.3,,85.0,,좋음,19.0
2024-07-20 08:00:00,26.3,,82.0,,좋음,19.0
2024-07-20 09:00:00,26.5,0.0,79.0,,좋음,19.0
2024-07-20 10:00:00,25.8,0.4,83.0,,좋음,17.0
2024-07-20 11:00:00,26.8,0.0,79.0,,좋음,22.0
2024-07-20 12:00:00,27.8,,77.0,,좋음,16.0
2024-07-20 13:00:00,27.5,,77.0,,좋음,15.0
2024-07-20 14:00:00,28.4,,76.0,,좋음,16.0
2024-07-20 15:00:00,29.6,,74.0,,좋음,14.0
2024-07-20 16:00:00,30.4,,69.0,,좋음,17.0
2024-07-20 17:00:00,29.9,,70.0,,좋음,20.0
2024-07-20 18:00:00,29.6,,73.0,,좋음,15.0
2024-07-20 19:00:00,27.6,12.1,88.0,,좋음,21.0
2024-07-20 20:00:00,26.3,1.7,87.0,,좋음,14.0
2024-07-20 21:00:00,26.6,0.6,90.0,,좋음,17.0
2024-07-20 22:00:00,26.7,0.1,89.0,,좋음,24.0
2024-07-20 23:00:00,26.5,,85.0,,좋음,28.0
2024-07-21 00:00:00,26.4,,80.0,,좋음,23.0
2024-07-21 01:00:00,25.9,0.0,80.0,,좋음,27.0
2024-07-21 02:00:00,25.1,0.0,79.0,,좋음,22.0
2024-07-21 03:00:00,24.4,0.0,83.0,,좋음,21.0
2024-07-21 04:00:00,22.6,2.9,94.0,,좋음,22.0
2024-07-21 05:00:00,22.5,3.8,95.0,,좋음,23.0
2024-07-21 06:00:00,23.0,0.7,93.0,,좋음,22.0
2024-07-21 07:00:00,23.2,,91.0,,좋음,27.0
2024-07-21 08:00:00,23.7,0.0,90.0,,좋음,21.0
2024-07-21 09:00:00,23.7,0.0,90.0,,좋음,21.0
2024-07-21 10:00:00,24.0,1.1,92.0,,좋음,23.0
2024-07-21 11:00:00,25.6,,91.0,,보통,37.0
2024-07-21 12:00:00,27.0,,80.0,,좋음,26.0
2024-07-21 13:00:00,27.6,,81.0,,좋음,24.0
2024-07-21 14:00:00,28.0,,80.0,,좋음,26.0
2024-07-21 15:00:00,28.2,,80.0,,보통,32.0
2024-07-21 16:00:00,29.4,,76.0,,좋음,20.0
2024-07-21 17:00:00,29.3,,73.0,,좋음,18.0
2024-07-21 18:00:00,29.6,,75.0,,좋음,23.0
2024-07-21 19:00:00,29.4,,77.0,,좋음,27.0
2024-07-21 20:00:00,28.6,0.0,80.0,,좋음,21.0
2024-07-21 21:00:00,28.2,,83.0,,좋음,19.0
2024-07-21 22:00:00,28.1,,84.0,,좋음,20.0
2024-07-21 23:00:00,28.1,,84.0,,좋음,29.0
2024-07-22 00:00:00,27.9,,85.0,,보통,36.0
2024-07-22 01:00:00,27.9,,84.0,,좋음,19.0
2024-07-22 02:00:00,27.7,,85.0,,좋음,22.0
2024-07-22 03:00:00,27.6,,85.0,,좋음,24.0
2024-07-22 04:00:00,27.2,0.0,87.0,,좋음,19.0
2024-07-22 05:00:00,26.8,0.5,91.0,,좋음,18.0
2024-07-22 06:00:00,26.3,10.9,92.0,,좋음,18.0
2024-07-22 07:00:00,26.2,0.0,92.0,,좋음,17.0
2024-07-22 08:00:00,26.5,,90.0,,좋음,17.0
2024-07-22 09:00:00,26.5,0.0,88.0,,좋음,19.0
2024-07-22 10:00:00,26.6,0.0,87.0,,좋음,19.0
2024-07-22 11:00:00,24.4,14.6,90.0,,좋음,18.0
2024-07-22 12:00:00,25.4,1.9,91.0,,좋음,15.0
2024-07-22 13:00:00,27.0,,89.0,,좋음,19.0
2024-07-22 14:00:00,26.7,1.2,90.0,,좋음,18.0
2024-07-22 15:00:00,26.0,16.0,93.0,,좋음,21.0
2024-07-22 16:00:00,26.7,2.6,92.0,,좋음,18.0
2024-07-22 17:00:00,27.2,0.0,89.0,,좋음,17.0
2024-07-22 18:00:00,27.3,,86.0,,좋음,17.0
2024-07-22 19:00:00,27.6,,83.0,,좋음,14.0
2024-07-22 20:00:00,27.7,,81.0,,좋음,17.0
2024-07-22 21:00:00,27.6,0.0,82.0,,좋음,20.0
2024-07-22 22:00:00,27.8,,82.0,,좋음,16.0
2024-07-22 23:00:00,27.2,0.3,86.0,,좋음,17.0
2024-07-23 00:00:00,26.0,31.9,95.0,,좋음,16.0
2024-07-23 01:00:00,26.2,0.0,93.0,,좋음,16.0
2024-07-23 02:00:00,26.2,,93.0,,좋음,20.0
2024-07-23 03:00:00,26.2,,91.0,,좋음,19.0
2024-07-23 04:00:00,26.1,,91.0,,좋음,15.0
2024-07-23 05:00:00,25.8,0.1,93.0,,좋음,13.0
2024-07-23 06:00:00,25.9,0.0,93.0,,좋음,19.0
2024-07-23 07:00:00,25.9,0.0,91.0,,좋음,20.0
2024-07-23 08:00:00,26.2,,89.0,,좋음,12.0
2024-07-23 09:00:00,26.4,,87.0,,좋음,11.0
2024-07-23 10:00:00,26.5,,84.0,,좋음,13.0
2024-07-23 11:00:00,25.9,0.8,91.0,,좋음,12.0
2024-07-23 12:00:00,26.0,0.3,91.0,,좋음,13.0
2024-07-23 13:00:00,26.3,0.5,90.0,,좋음,14.0
2024-07-23 14:00:00,26.4,0.3,88.0,,좋음,11.0
2024-07-23 15:00:00,27.0,0.0,85.0,,좋음,11.0
2024-07-23 16:00:00,27.2,,83.0,,좋음,12.0
2024-07-23 17:00:00,27.0,,85.0,,좋음,15.0
2024-07-23 18:00:00,27.2,,85.0,,좋음,14.0
2024-07-23 19:00:00,27.1,,84.0,,좋음,18.0
2024-07-23 20:00:00,26.8,,81.0,,좋음,12.0
2024-07-23 21:00:00,26.5,,83.0,,좋음,15.0
2024-07-23 22:00:00,26.3,,82.0,,좋음,19.0
2024-07-23 23:00:00,26.4,,86.0,,좋음,17.0
2024-07-24 00:00:00,26.3,,88.0,,좋음,15.0
2024-07-24 01:00:00,26.4,0.0,90.0,,좋음,19.0
2024-07-24 02:00:00,26.4,0.1,92.0,,좋음,21.0
2024-07-24 03:00:00,26.1,0.9,93.0,,좋음,20.0
2024-07-24 04:00:00,26.2,0.0,94.0,,좋음,17.0
2024-07-24 05:00:00,26.2,0.2,94.0,,좋음,21.0
2024-07-24 06:00:00,26.1,12.2,95.0,,좋음,19.0
2024-07-24 07:00:00,26.2,,95.0,,좋음,19.0
2024-07-24 08:00:00,26.4,0.0,94.0,,좋음,20.0
2024-07-24 09:00:00,27.2,0.7,93.0,,좋음,23.0
2024-07-24 10:00:00,27.4,0.4,89.0,,좋음,17.0
2024-07-24 11:00:00,28.2,0.2,89.0,,좋음,18.0
2024-07-24 12:00:00,29.2,0.0,81.0,,좋음,16.0
2024-07-24 13:00:00,30.0,,78.0,,좋음,29.0
2024-07-24 14:00:00,30.9,,74.0,,좋음,16.0
2024-07-24 15:00:00,30.8,,73.0,,좋음,14.0
2024-07-24 16:00:00,30.8,,73.0,,좋음,16.0
2024-07-24 17:00:00,30.7,,73.0,,좋음,14.0
2024-07-24 18:00:00,29.9,,76.0,,좋음,18.0
2024-07-24 19:00:00,29.2,,78.0,,좋음,23.0
2024-07-24 20:00:00,28.5,,81.0,,좋음,18.0
2024-07-24 21:00:00,28.1,,83.0,,좋음,19.0
2024-07-24 22:00:00,28.0,,85.0,,좋음,18.0
2024-07-24 23:00:00,27.7,,85.0,,좋음,18.0
2024-07-25 00:00:00,27.6,,86.0,,좋음,19.0
2024-07-25 01:00:00,27.4,,88.0,,좋음,20.0
2024-07-25 02:00:00,27.2,0.0,88.0,,좋음,21.0
2024-07-25 03:00:00,27.0,,88.0,,좋음,25.0
2024-07-25 04:00:00,27.0,,89.0,,좋음,19.0
2024-07-25 05:00:00,26.9,,89.0,,좋음,23.0
2024-07-25 06:00:00,26.8,,90.0,,좋음,28.0
2024-07-25 07:00:00,27.1,0.0,89.0,,보통,35.0
2024-07-25 08:00:00,27.6,,87.0,,좋음,27.0
2024-07-25 09:00:00,28.5,,83.0,,좋음,30.0
2024-07-25 10:00:00,29.3,,79.0,,좋음,25.0
2024-07-25 11:00:00,30.7,,71.0,,좋음,28.0
2024-07-25 12:00:00,30.6,0.0,73.0,,좋음,24.0
2024-07-25 13:00:00,29.8,5.9,81.0,,좋음,27.0
2024-07-25 14:00:00,31.3,,75.0,,좋음,26.0
2024-07-25 15:00:00,31.5,,68.0,,좋음,25.0
2024-07-25 16:00:00,32.2,,66.0,,좋음,29.0
2024-07-25 17:00:00,32.0,,66.0,,좋음,25.0
2024-07-25 18:00:00,31.6,,70.0,,좋음,25.0
2024-07-25 19:00:00,30.9,,71.0,,좋음,29.0
2024-07-25 20:00:00,30.2,,72.0,,좋음,28.0
2024-07-25 21:00:00,29.1,,74.0,,보통,33.0
2024-07-25 22:00:00,26.1,15.1,88.0,,좋음,20.0
2024-07-25 23:00:00,25.9,0.0,90.0,,좋음,13.0
2024-07-26 00:00:00,25.4,4.3,92.0,,좋음,12.0
2024-07-26 01:00:00,25.3,0.7,92.0,,좋음,16.0
2024-07-26 02:00:00,25.2,,93.0,,좋음,12.0
2024-07-26 03:00:00,25.2,,92.0,,좋음,15.0
2024-07-26 04:00:00,25.3,,93.0,,좋음,15.0
2024-07-26 05:00:00,25.3,,92.0,,좋음,18.0
2024-07-26 06:00:00,25.3,,92.0,,좋음,21.0
2024-07-26 07:00:00,25.9,,91.0,,보통,34.0
2024-07-26 08:00:00,27.2,,88.0,,좋음,28.0
2024-07-26 09:00:00,28.6,,84.0,,좋음,26.0
2024-07-26 10:00:00,29.4,,80.0,,좋음,23.0
2024-07-26 11:00:00,31.3,,72.0,,좋음,24.0
2024-07-26 12:00:00,32.0,,69.0,,좋음,25.0
2024-07-26 13:00:00,32.2,,68.0,,좋음,24.0
2024-07-26 14:00:00,30.4,2.9,80.0,,좋음,28.0
2024-07-26 15:00:00,32.4,,74.0,,좋음,25.0
2024-07-26 16:00:00,32.2,,67.0,,좋음,24.0
2024-07-26 17:00:00,29.1,1.9,82.0,,보통,31.0
2024-07-26 18:00:00,29.3,,81.0,,좋음,23.0
2024-07-26 19:00:00,29.1,,81.0,,좋음,23.0
2024-07-26 20:00:00,29.0,,81.0,,좋음,21.0
2024-07-26 21:00:00,28.8,,80.0,,좋음,18.0
2024-07-26 22:00:00,28.6,,82.0,,좋음,17.0
2024-07-26 23:00:00,28.5,0.0,82.0,,좋음,17.0
2024-07-27 00:00:00,28.1,0.0,83.0,,좋음,17.0
2024-07-27 01:00:00,27.9,0.0,83.0,,좋음,17.0
2024-07-27 02:00:00,27.8,0.0,84.0,,좋음,15.0
2024-07-27 03:00:00,27.7,,84.0,,좋음,17.0
2024-07-27 04:00:00,27.7,,85.0,,좋음,18.0
2024-07-27 05:00:00,27.6,,85.0,,좋음,20.0
2024-07-27 06:00:00,27.5,,85.0,,좋음,21.0
2024-07-27 07:00:00,27.6,,85.0,,좋음,20.0
2024-07-27 08:00:00,28.7,,81.0,,좋음,17.0
2024-07-27 09:00:00,29.2,,78.0,,좋음,14.0
2024-07-27 10:00:00,29.7,,77.0,,좋음,13.0
2024-07-27 11:00:00,30.4,,74.0,,좋음,18.0
2024-07-27 12:00:00,31.2,,70.0,,좋음,14.0
2024-07-27 13:00:00,31.3,,69.0,,좋음,19.0
2024-07-27 14:00:00,30.1,1.5,81.0,,좋음,19.0
2024-07-27 15:00:00,30.9,4.8,79.0,,좋음,20.0
2024-07-27 16:00:00,29.2,3.4,85.0,,좋음,18.0
2024-07-27 17:00:00,29.3,5.9,86.0,,좋음,22.0
2024-07-27 18:00:00,28.7,10.1,90.0,,좋음,23.0
2024-07-27 19:00:00,28.3,7.8,90.0,,좋음,22.0
2024-07-27 20:00:00,28.3,,89.0,,좋음,24.0
2024-07-27 21:00:00,28.1,,91.0,,좋음,27.0
2024-07-27 22:00:00,27.9,,91.0,,좋음,22.0
2024-07-27 23:00:00,27.7,,91.0,,좋음,22.0
2024-07-28 00:00:00,27.5,,92.0,,좋음,20.0
2024-07-28 01:00:00,27.5,,92.0,,좋음,20.0
2024-07-28 02:00:00,27.5,,91.0,,좋음,19.0
2024-07-28 03:00:00,27.5,,90.0,,좋음,21.0
2024-07-28 04:00:00,27.4,,89.0,,좋음,22.0
2024-07-28 05:00:00,27.4,,87.0,,좋음,26.0
2024-07-28 06:00:00,27.3,,87.0,,좋음,25.0
2024-07-28 07:00:00,27.5,,85.0,,좋음,26.0
2024-07-28 08:00:00,28.6,,81.0,,좋음,23.0
2024-07-28 09:00:00,29.3,,75.0,,좋음,24.0
2024-07-28 10:00:00,30.1,,72.0,,좋음,20.0
2024-07-28 11:00:00,30.5,,70.0,,좋음,23.0
2024-07-28 12:00:00,31.0,,65.0,,좋음,22.0
2024-07-28 13:00:00,31.7,,64.0,,좋음,22.0
2024-07-28 14:00:00,32.0,,61.0,,좋음,16.0
2024-07-28 15:00:00,31.9,,64.0,,좋음,13.0
2024-07-28 16:00:00,30.6,0.0,68.0,,좋음,19.0
2024-07-28 17:00:00,30.5,,69.0,,좋음,18.0
2024-07-28 18:00:00,30.3,,69.0,,좋음,14.0
2024-07-28 19:00:00,29.7,,73.0,,좋음,17.0
2024-07-28 20:00:00,29.2,,75.0,,좋음,16.0
2024-07-28 21:00:00,28.8,,77.0,,좋음,25.0
2024-07-28 22:00:00,28.3,,78.0,,좋음,18.0
2024-07-28 23:00:00,28.0,,79.0,,좋음,18.0
2024-07-29 00:00:00,27.8,,81.0,,좋음,15.0
2024-07-29 01:00:00,27.7,,82.0,,좋음,17.0
2024-07-29 02:00:00,27.5,,82.0,,좋음,15.0
2024-07-29 03:00:00,27.4,,83.0,,좋음,18.0
2024-07-29 04:00:00,27.3,,83.0,,좋음,15.0
2024-07-29 05:00:00,27.3,,84.0,,좋음,17.0
2024-07-29 06:00:00,27.2,0.0,84.0,,좋음,18.0
2024-07-29 07:00:00,27.3,0.0,84.0,,좋음,22.0
2024-07-29 08:00:00,27.4,0.0,84.0,,좋음,21.0
2024-07-29 09:00:00,27.6,0.0,82.0,,좋음,22.0
2024-07-29 10:00:00,27.5,0.0,83.0,,좋음,21.0
2024-07-29 11:00:00,27.5,0.0,83.0,,좋음,23.0
2024-07-29 12:00:00,27.6,0.0,84.0,,좋음,23.0
2024-07-29 13:00:00,27.6,,84.0,,좋음,29.0
2024-07-29 14:00:00,27.7,0.0,84.0,,좋음,26.0
2024-07-29 15:00:00,27.6,0.0,84.0,,좋음,30.0
2024-07-29 16:00:00,27.6,,84.0,,보통,32.0
2024-07-29 17:00:00,27.4,,85.0,,보통,34.0
2024-07-29 18:00:00,27.4,,85.0,,좋음,27.0
2024-07-29 19:00:00,27.4,,84.0,,좋음,30.0
2024-07-29 20:00:00,27.2,,85.0,,좋음,29.0
2024-07-29 21:00:00,27.2,,85.0,,좋음,30.0
2024-07-29 22:00:00,27.1,,84.0,,좋음,29.0
2024-07-29 23:00:00,27.0,,84.0,,좋음,30.0
2024-07-30 00:00:00,26.8,,85.0,,좋음,26.0
2024-07-30 01:00:00,26.7,,86.0,,좋음,26.0
2024-07-30 02:00:00,26.6,,86.0,,좋음,27.0
2024-07-30 03:00:00,26.5,,86.0,,보통,31.0
2024-07-30 04:00:00,26.4,,86.0,,좋음,25.0
2024-07-30 05:00:00,26.3,,85.0,,좋음,23.0
2024-07-30 06:00:00,26.3,,85.0,,좋음,25.0
2024-07-30 07:00:00,26.4,,86.0,,좋음,27.0
2024-07-30 08:00:00,26.5,,87.0,,좋음,27.0
2024-07-30 09:00:00,26.7,,85.0,,보통,34.0
2024-07-30 10:00:00,27.2,,84.0,,보통,32.0
2024-07-30 11:00:00,29.0,,78.0,,좋음,28.0
2024-07-30 12:00:00,30.2,,74.0,,좋음,25.0
2024-07-30 13:00:00,30.8,,71.0,,보통,31.0
2024-07-30 14:00:00,31.1,,70.0,,,
2024-07-30 15:00:00,31.8,,66.0,,,
2024-07-30 16:00:00,31.8,,68.0,,,
2024-07-30 17:00:00,30.9,,71.0,,보통,36.0
2024-07-30 18:00:00,31.2,,69.0,,좋음,29.0
2024-07-30 19:00:00,30.1,,73.0,,좋음,24.0
2024-07-30 20:00:00,29.2,,78.0,,보통,31.0
2024-07-30 21:00:00,28.6,,81.0,,보통,31.0
2024-07-30 22:00:00,28.2,,82.0,,좋음,27.0
2024-07-30 23:00:00,27.9,,84.0,,좋음,30.0
2024-07-31 00:00:00,27.7,,84.0,,좋음,25.0
2024-07-31 01:00:00,27.4,,81.0,,좋음,23.0
2024-07-31 02:00:00,27.2,,79.0,,좋음,19.0
2024-07-31 03:00:00,27.1,,80.0,,좋음,26.0
2024-07-31 04:00:00,27.0,,80.0,,좋음,19.0
2024-07-31 05:00:00,27.0,,81.0,,좋음,19.0
2024-07-31 06:00:00,27.0,,82.0,,좋음,22.0
2024-07-31 07:00:00,27.1,,82.0,,좋음,25.0
2024-07-31 08:00:00,27.7,,80.0,,좋음,25.0
2024-07-31 09:00:00,28.3,,79.0,,좋음,20.0
2024-07-31 10:00:00,29.1,,75.0,,좋음,21.0
2024-07-31 11:00:00,30.1,,72.0,,좋음,24.0
2024-07-31 12:00:00,30.7,,68.0,,좋음,19.0
2024-07-31 13:00:00,31.5,,67.0,,좋음,24.0
2024-07-31 14:00:00,32.2,,64.0,,좋음,20.0
2024-07-31 15:00:00,32.6,,64.0,,좋음,21.0
2024-07-31 16:00:00,32.6,,60.0,,좋음,14.0
2024-07-31 17:00:00,32.7,,61.0,,좋음,13.0
2024-07-31 18:00:00,32.3,,64.0,,좋음,18.0
2024-07-31 19:00:00,31.2,,63.0,,좋음,19.0
2024-07-31 20:00:00,29.7,,76.0,,좋음,14.0
2024-07-31 21:00:00,28.9,,79.0,,좋음,17.0
2024-07-31 22:00:00,28.7,,78.0,,좋음,17.0
2024-07-31 23:00:00,28.3,,78.0,,좋음,16.0
2024-08-01 00:00:00,27.9,,80.0,,좋음,15.0
2024-08-01 01:00:00,27.8,,81.0,,좋음,14.0
2024-08-01 02:00:00,27.8,,82.0,,좋음,15.0
2024-08-01 03:00:00,27.8,,82.0,,좋음,16.0
2024-08-01 04:00:00,27.7,0.0,84.0,,좋음,15.0
2024-08-01 05:00:00,27.3,0.3,85.0,,좋음,16.0
2024-08-01 06:00:00,27.5,,82.0,,좋음,17.0
2024-08-01 07:00:00,27.6,0.0,83.0,,좋음,22.0
2024-08-01 08:00:00,28.0,0.0,83.0,,좋음,22.0
2024-08-01 09:00:00,28.9,,80.0,,좋음,21.0
2024-08-01 10:00:00,29.5,,78.0,,좋음,23.0
2024-08-01 11:00:00,30.4,,74.0,,좋음,25.0
2024-08-01 12:00:00,31.1,,71.0,,좋음,28.0
2024-08-01 13:00:00,31.3,,71.0,,좋음,26.0
2024-08-01 14:00:00,32.2,,67.0,,좋음,23.0
2024-08-01 15:00:00,32.7,,65.0,,좋음,22.0
2024-08-01 16:00:00,33.1,,67.0,,좋음,28.0
2024-08-01 17:00:00,32.6,,67.0,,좋음,26.0
2024-08-01 18:00:00,32.6,,67.0,,좋음,27.0
2024-08-01 19:00:00,31.7,,68.0,,좋음,27.0
2024-08-01 20:00:00,30.4,,75.0,,좋음,22.0
2024-08-01 21:00:00,29.6,,78.0,,좋음,21.0
2024-08-01 22:00:00,29.2,,80.0,,좋음,23.0
2024-08-01 23:00:00,29.1,,79.0,,좋음,22.0
2024-08-02 00:00:00,29.0,,79.0,,좋음,24.0
2024-08-02 01:00:00,28.8,,80.0,,좋음,27.0
2024-08-02 02:00:00,28.7,,82.0,,좋음,28.0
2024-08-02 03:00:00,28.5,,82.0,,좋음,26.0
2024-08-02 04:00:00,28.4,,83.0,,좋음,27.0
2024-08-02 05:00:00,28.3,,83.0,,좋음,28.0
2024-08-02 06:00:00,28.2,,83.0,,좋음,29.0
2024-08-02 07:00:00,28.3,,83.0,,좋음,30.0
2024-08-02 08:00:00,28.5,,83.0,,좋음,30.0
2024-08-02 09:00:00,28.9,,80.0,,보통,34.0
2024-08-02 10:00:00,28.9,,80.0,,보통,32.0
2024-08-02 11:00:00,29.3,,82.0,,보통,35.0
2024-08-02 12:00:00,29.8,,78.0,,좋음,29.0
2024-08-02 13:00:00,30.8,,76.0,,좋음,25.0
2024-08-02 14:00:00,31.1,,73.0,,좋음,27.0
2024-08-02 15:00:00,31.7,,72.0,,좋음,28.0
2024-08-02 16:00:00,32.2,,70.0,,보통,33.0
2024-08-02 17:00:00,32.4,,68.0,,좋음,30.0
2024-08-02 18:00:00,31.7,,73.0,,보통,32.0
2024-08-02 19:00:00,30.9,,77.0,,보통,36.0
2024-08-02 20:00:00,29.8,,81.0,,보통,32.0
2024-08-02 21:00:00,29.2,,83.0,,보통,37.0
2024-08-02 22:00:00,29.2,,82.0,,보통,39.0
2024-08-02 23:00:00,29.0,,82.0,,보통,49.0
2024-08-03 00:00:00,28.9,,84.0,,보통,49.0
2024-08-03 01:00:00,28.3,,86.0,,보통,44.0
2024-08-03 02:00:00,28.0,,88.0,,보통,37.0
2024-08-03 03:00:00,27.7,,88.0,,보통,35.0
2024-08-03 04:00:00,27.3,,87.0,,좋음,30.0
2024-08-03 05:00:00,27.2,,88.0,,보통,33.0
2024-08-03 06:00:00,27.3,,88.0,,보통,31.0
2024-08-03 07:00:00,27.4,,87.0,,좋음,20.0
2024-08-03 08:00:00,27.9,,85.0,,좋음,23.0
2024-08-03 09:00:00,28.6,,83.0,,좋음,22.0
2024-08-03 10:00:00,29.9,,79.0,,보통,32.0
2024-08-03 11:00:00,31.0,,73.0,,보통,39.0
2024-08-03 12:00:00,32.0,,69.0,,보통,42.0
2024-08-03 13:00:00,32.9,,65.0,,보통,44.0
2024-08-03 14:00:00,33.2,,62.0,,보통,45.0
2024-08-03 15:00:00,33.8,,60.0,,보통,40.0
2024-08-03 16:00:00,34.0,,60.0,,보통,35.0
2024-08-03 17:00:00,33.8,,62.0,,좋음,30.0
2024-08-03 18:00:00,33.4,,63.0,,보통,31.0
2024-08-03 19:00:00,32.3,,66.0,,좋음,30.0
2024-08-03 20:00:00,30.7,,70.0,,좋음,27.0
2024-08-03 21:00:00,30.0,,73.0,,좋음,21.0
2024-08-03 22:00:00,29.6,,75.0,,좋음,19.0
2024-08-03 23:00:00,29.2,,75.0,,좋음,22.0
2024-08-04 00:00:00,28.7,,76.0,,좋음,23.0
2024-08-04 01:00:00,28.4,,79.0,,좋음,21.0
2024-08-04 02:00:00,28.1,,81.0,,좋음,20.0
2024-08-04 03:00:00,28.0,,83.0,,좋음,26.0
2024-08-04 04:00:00,27.8,,84.0,,좋음,24.0
2024-08-04 05:00:00,27.6,,85.0,,좋음,22.0
2024-08-04 06:00:00,27.3,,87.0,,좋음,24.0
2024-08-04 07:00:00,27.6,,87.0,,좋음,27.0
2024-08-04 08:00:00,29.1,,84.0,,좋음,29.0
2024-08-04 09:00:00,30.6,,77.0,,보통,38.0
2024-08-04 10:00:00,31.8,,71.0,,보통,38.0
2024-08-04 11:00:00,33.6,,63.0,,보통,40.0
2024-08-04 12:00:00,35.0,,55.0,,보통,36.0
2024-08-04 13:00:00,34.2,,57.0,,보통,38.0
2024-08-04 14:00:00,35.5,,56.0,,보통,35.0
2024-08-04 15:00:00,36.1,,53.0,,보통,38.0
2024-08-04 16:00:00,36.0,,53.0,,보통,37.0
2024-08-04 17:00:00,35.4,,56.0,,보통,40.0
2024-08-04 18:00:00,34.9,,57.0,,보통,40.0
2024-08-04 19:00:00,33.8,,62.0,,보통,37.0
2024-08-04 20:00:00,32.6,,67.0,,보통,39.0
2024-08-04 21:00:00,31.8,,71.0,,보통,32.0
2024-08-04 22:00:00,31.3,,70.0,,보통,33.0
2024-08-04 23:00:00,30.8,,72.0,,보통,38.0
2024-08-05 00:00:00,30.6,,71.0,,보통,35.0
2024-08-05 01:00:00,30.3,,71.0,,보통,40.0
2024-08-05 02:00:00,29.0,,72.0,,보통,41.0
2024-08-05 03:00:00,28.9,,76.0,,보통,45.0
2024-08-05 04:00:00,29.0,0.5,79.0,,보통,40.0
2024-08-05 05:00:00,28.8,0.0,82.0,,보통,38.0
2024-08-05 06:00:00,27.5,0.0,85.0,,보통,33.0
2024-08-05 07:00:00,27.6,,88.0,,보통,39.0
2024-08-05 08:00:00,27.6,,84.0,,보통,39.0
2024-08-05 09:00:00,29.1,,82.0,,보통,44.0
2024-08-05 10:00:00,30.5,,78.0,,보통,51.0
2024-08-05 11:00:00,31.5,,71.0,,보통,48.0
2024-08-05 12:00:00,32.0,0.0,68.0,,보통,54.0
2024-08-05 13:00:00,32.3,0.0,67.0,,보통,52.0
2024-08-05 14:00:00,32.7,,68.0,,보통,39.0
2024-08-05 15:00:00,32.9,,69.0,,보통,37.0
2024-08-05 16:00:00,33.2,,64.0,,보통,44.0
2024-08-05 17:00:00,32.7,0.0,69.0,,보통,35.0
2024-08-05 18:00:00,33.0,0.0,65.0,,보통,31.0
2024-08-05 19:00:00,31.6,,64.0,,보통,32.0
2024-08-05 20:00:00,30.4,,73.0,,좋음,22.0
2024-08-05 21:00:00,30.0,,76.0,,좋음,22.0
2024-08-05 22:00:00,29.9,,76.0,,좋음,23.0
2024-08-05 23:00:00,28.8,0.0,77.0,,좋음,26.0
2024-08-06 00:00:00,26.9,0.8,83.0,,좋음,22.0
2024-08-06 01:00:00,26.6,0.0,85.0,,좋음,18.0
2024-08-06 02:00:00,26.7,,87.0,,좋음,14.0
2024-08-06 03:00:00,26.4,,86.0,,좋음,12.0
2024-08-06 04:00:00,26.2,,87.0,,좋음,12.0
2024-08-06 05:00:00,25.8,,88.0,,좋음,16.0
2024-08-06 06:00:00,25.7,,87.0,,좋음,15.0
2024-08-06 07:00:00,26.2,0.0,86.0,,좋음,19.0
2024-08-06 08:00:00,26.7,0.0,83.0,,좋음,19.0
2024-08-06 09:00:00,27.2,0.0,82.0,,좋음,20.0
2024-08-06 10:00:00,27.8,,81.0,,좋음,21.0
2024-08-06 11:00:00,28.8,,79.0,,좋음,21.0
2024-08-06 12:00:00,30.5,,71.0,,좋음,22.0
2024-08-06 13:00:00,31.4,,68.0,,좋음,18.0
2024-08-06 14:00:00,30.8,,69.0,,좋음,25.0
2024-08-06 15:00:00,32.9,,63.0,,좋음,26.0
2024-08-06 16:00:00,33.2,,60.0,,보통,35.0
2024-08-06 17:00:00,32.9,,61.0,,보통,32.0
2024-08-06 18:00:00,33.2,,61.0,,보통,31.0
2024-08-06 19:00:00,32.6,,64.0,,보통,31.0
2024-08-06 20:00:00,31.5,,67.0,,좋음,20.0
2024-08-06 21:00:00,30.8,,69.0,,좋음,25.0
2024-08-06 22:00:00,30.0,,73.0,,좋음,28.0
2024-08-06 23:00:00,29.2,,77.0,,보통,34.0
2024-08-07 00:00:00,28.9,,79.0,,보통,31.0
2024-08-07 01:00:00,28.5,,80.0,,좋음,29.0
2024-08-07 02:00:00,28.2,,78.0,,좋음,16.0
2024-08-07 03:00:00,27.8,,78.0,,좋음,15.0
2024-08-07 04:00:00,27.6,,79.0,,좋음,22.0
2024-08-07 05:00:00,27.3,,79.0,,좋음,20.0
2024-08-07 06:00:00,27.2,,80.0,,좋음,18.0
2024-08-07 07:00:00,27.4,,80.0,,좋음,23.0
2024-08-07 08:00:00,28.5,,79.0,,좋음,28.0
2024-08-07 09:00:00,29.8,,72.0,,좋음,30.0
2024-08-07 10:00:00,29.5,0.0,74.0,,좋음,30.0
2024-08-07 11:00:00,28.3,3.4,80.0,,좋음,25.0
2024-08-07 12:00:00,30.1,0.0,74.0,,좋음,20.0
2024-08-07 13:00:00,31.4,,70.0,,좋음,25.0
2024-08-07 14:00:00,32.3,,62.0,,좋음,23.0
2024-08-07 15:00:00,33.2,,59.0,,좋음,30.0
2024-08-07 16:00:00,33.3,,58.0,,좋음,27.0
2024-08-07 17:00:00,33.1,,58.0,,좋음,22.0
2024-08-07 18:00:00,32.3,,59.0,,좋음,26.0
2024-08-07 19:00:00,31.2,,65.0,,좋음,25.0
2024-08-07 20:00:00,29.6,,71.0,,좋음,19.0
2024-08-07 21:00:00,28.7,,74.0,,좋음,22.0
2024-08-07 22:00:00,28.2,,78.0,,좋음,19.0
2024-08-07 23:00:00,27.9,,79.0,,좋음,16.0
2024-08-08 00:00:00,27.7,,80.0,,좋음,17.0
2024-08-08 01:00:00,27.7,,80.0,,좋음,17.0
2024-08-08 02:00:00,27.6,,81.0,,좋음,21.0
2024-08-08 03:00:00,27.6,,81.0,,좋음,21.0
2024-08-08 04:00:00,27.4,,84.0,,좋음,21.0
2024-08-08 05:00:00,27.3,,84.0,,좋음,24.0
2024-08-08 06:00:00,27.1,,85.0,,좋음,20.0
2024-08-08 07:00:00,27.3,0.0,84.0,,좋음,25.0
2024-08-08 08:00:00,27.6,,84.0,,좋음,25.0
2024-08-08 09:00:00,27.4,,80.0,,좋음,20.0
2024-08-08 10:00:00,28.8,,77.0,,좋음,24.0
2024-08-08 11:00:00,29.2,,76.0,,좋음,24.0
2024-08-08 12:00:00,29.6,,73.0,,좋음,24.0
2024-08-08 13:00:00,29.6,0.0,74.0,,좋음,21.0
2024-08-08 14:00:00,29.6,0.0,74.0,,좋음,24.0
2024-08-08 15:00:00,30.2,,74.0,,보통,31.0
2024-08-08 16:00:00,30.8,,71.0,,좋음,25.0
2024-08-08 17:00:00,31.4,,65.0,,좋음,21.0
2024-08-08 18:00:00,30.8,,66.0,,좋음,26.0
2024-08-08 19:00:00,30.3,,69.0,,좋음,30.0
2024-08-08 20:00:00,29.1,,74.0,,좋음,22.0
2024-08-08 21:00:00,28.2,,78.0,,좋음,27.0
2024-08-08 22:00:00,27.7,,78.0,,좋음,22.0
2024-08-08 23:00:00,27.2,,80.0,,좋음,23.0
2024-08-09 00:00:00,26.9,,83.0,,좋음,21.0
2024-08-09 01:00:00,26.6,,83.0,,좋음,25.0
2024-08-09 02:00:00,26.4,,85.0,,좋음,25.0
2024-08-09 03:00:00,26.2,,86.0,,좋음,25.0
2024-08-09 04:00:00,25.9,,86.0,,좋음,25.0
2024-08-09 05:00:00,25.6,,88.0,,좋음,29.0
2024-08-09 06:00:00,25.6,,88.0,,보통,32.0
2024-08-09 07:00:00,25.8,,88.0,,보통,35.0
2024-08-09 08:00:00,27.1,,86.0,,보통,33.0
2024-08-09 09:00:00,29.1,,75.0,,보통,32.0
2024-08-09 10:00:00,29.4,,73.0,,보통,34.0
2024-08-09 11:00:00,29.6,,73.0,,보통,37.0
2024-08-09 12:00:00,30.5,,69.0,,,
2024-08-09 13:00:00,31.7,,64.0,,,
2024-08-09 14:00:00,33.2,,58.0,,보통,40.0
2024-08-09 15:00:00,32.5,,57.0,,보통,51.0
2024-08-09 16:00:00,32.6,,59.0,,보통,50.0
2024-08-09 17:00:00,32.6,,63.0,,보통,49.0
2024-08-09 18:00:00,32.2,,65.0,,보통,39.0
2024-08-09 19:00:00,31.3,,67.0,,보통,43.0
2024-08-09 20:00:00,30.3,,71.0,,보통,39.0
2024-08-09 21:00:00,29.6,,73.0,,보통,41.0
2024-08-09 22:00:00,29.2,,75.0,,보통,42.0
2024-08-09 23:00:00,28.8,,78.0,,보통,44.0
2024-08-10 00:00:00,28.4,,80.0,,보통,33.0
2024-08-10 01:00:00,27.9,,81.0,,보통,35.0
2024-08-10 02:00:00,27.6,,84.0,,보통,35.0
2024-08-10 03:00:00,27.3,,84.0,,보통,41.0
2024-08-10 04:00:00,26.9,,85.0,,보통,34.0
2024-08-10 05:00:00,26.5,,87.0,,보통,39.0
2024-08-10 06:00:00,26.4,,87.0,,보통,41.0
2024-08-10 07:00:00,26.7,,86.0,,보통,43.0
2024-08-10 08:00:00,27.4,,84.0,,보통,47.0
2024-08-10 09:00:00,28.9,,79.0,,보통,49.0
2024-08-10 10:00:00,30.2,,73.0,,보통,53.0
2024-08-10 11:00:00,31.2,,71.0,,보통,55.0
2024-08-10 12:00:00,32.2,,63.0,,보통,44.0
2024-08-10 13:00:00,32.8,,62.0,,보통,42.0
2024-08-10 14:00:00,33.1,,56.0,,보통,37.0
2024-08-10 15:00:00,33.2,,57.0,,보통,39.0
2024-08-10 16:00:00,33.3,,60.0,,보통,38.0
2024-08-10 17:00:00,32.6,,59.0,,보통,37.0
2024-08-10 18:00:00,32.8,,57.0,,보통,39.0
2024-08-10 19:00:00,32.2,,59.0,,보통,44.0
2024-08-10 20:00:00,31.1,,63.0,,보통,36.0
2024-08-10 21:00:00,30.2,,67.0,,보통,34.0
2024-08-10 22:00:00,29.8,,69.0,,보통,38.0
2024-08-10 23:00:00,29.3,,71.0,,보통,40.0
2024-08-11 00:00:00,29.0,,72.0,,보통,36.0
2024-08-11 01:00:00,28.8,,75.0,,보통,37.0
2024-08-11 02:00:00,28.7,,74.0,,보통,38.0
2024-08-11 03:00:00,28.7,,73.0,,보통,33.0
2024-08-11 04:00:00,28.5,,73.0,,보통,33.0
2024-08-11 05:00:00,28.1,,74.0,,좋음,30.0
2024-08-11 06:00:00,27.8,,75.0,,좋음,24.0
2024-08-11 07:00:00,28.2,,78.0,,좋음,24.0
2024-08-11 08:00:00,28.9,,77.0,,좋음,29.0
2024-08-11 09:00:00,30.2,,75.0,,보통,33.0
2024-08-11 10:00:00,31.1,,71.0,,보통,31.0
2024-08-11 11:00:00,32.2,,63.0,,보통,34.0
2024-08-11 12:00:00,32.6,,62.0,,보통,32.0
2024-08-11 13:00:00,33.4,,60.0,,좋음,30.0
2024-08-11 14:00:00,33.9,,55.0,,좋음,29.0
2024-08-11 15:00:00,33.8,,56.0,,보통,31.0
2024-08-11 16:00:00,33.7,,56.0,,좋음,29.0
2024-08-11 17:00:00,33.3,,56.0,,보통,31.0
2024-08-11 18:00:00,32.9,,58.0,,보통,34.0
2024-08-11 19:00:00,32.5,,60.0,,좋음,28.0
2024-08-11 20:00:00,31.9,,62.0,,좋음,29.0
2024-08-11 21:00:00,31.0,,68.0,,좋음,29.0
2024-08-11 22:00:00,30.4,,71.0,,좋음,27.0
2024-08-11 23:00:00,30.0,,73.0,,좋음,24.0
2024-08-12 00:00:00,29.5,,75.0,,좋음,27.0
2024-08-12 01:00:00,29.3,,77.0,,좋음,30.0
2024-08-12 02:00:00,29.0,,78.0,,좋음,25.0
2024-08-12 03:00:00,28.9,,78.0,,좋음,27.0
2024-08-12 04:00:00,28.6,,80.0,,좋음,24.0
2024-08-12 05:00:00,28.5,,80.0,,좋음,21.0
2024-08-12 06:00:00,28.3,,82.0,,좋음,24.0
2024-08-12 07:00:00,28.4,,82.0,,좋음,29.0
2024-08-12 08:00:00,29.3,,79.0,,좋음,28.0
2024-08-12 09:00:00,30.0,,76.0,,좋음,24.0
2024-08-12 10:00:00,30.3,,72.0,,좋음,28.0
2024-08-12 11:00:00,32.5,,64.0,,좋음,30.0
2024-08-12 12:00:00,32.8,,63.0,,보통,33.0
2024-08-12 13:00:00,32.9,,63.0,,보통,37.0
2024-08-12 14:00:00,32.9,,63.0,,보통,37.0
2024-08-12 15:00:00,33.8,,60.0,,보통,44.0
2024-08-12 16:00:00,33.6,,59.0,,보통,45.0
2024-08-12 17:00:00,33.7,,59.0,,보통,38.0
2024-08-12 18:00:00,33.7,,60.0,,보통,34.0
2024-08-12 19:00:00,32.8,,63.0,,보통,33.0
2024-08-12 20:00:00,31.7,,68.0,,좋음,28.0
2024-08-12 21:00:00,31.0,,71.0,,좋음,26.0
2024-08-12 22:00:00,30.5,,71.0,,좋음,23.0
2024-08-12 23:00:00,30.2,,71.0,,좋음,22.0
2024-08-13 00:00:00,29.9,,74.0,,좋음,21.0
2024-08-13 01:00:00,29.4,,77.0,,좋음,23.0
2024-08-13 02:00:00,29.2,,78.0,,좋음,21.0
2024-08-13 03:00:00,28.8,,80.0,,좋음,21.0
2024-08-13 04:00:00,28.5,,82.0,,좋음,26.0
2024-08-13 05:00:00,28.2,,83.0,,좋음,24.0
2024-08-13 06:00:00,28.2,,82.0,,좋음,28.0
2024-08-13 07:00:00,28.2,,83.0,,보통,33.0
2024-08-13 08:00:00,29.6,,79.0,,보통,37.0
2024-08-13 09:00:00,30.5,,74.0,,보통,35.0
2024-08-13 10:00:00,32.0,,68.0,,보통,35.0
2024-08-13 11:00:00,32.5,,64.0,,보통,39.0
2024-08-13 12:00:00,33.8,,59.0,,보통,35.0
2024-08-13 13:00:00,34.9,,55.0,,보통,46.0
2024-08-13 14:00:00,35.6,,57.0,,보통,42.0
2024-08-13 15:00:00,36.3,,51.0,,보통,48.0
2024-08-13 16:00:00,35.9,,53.0,,보통,47.0
2024-08-13 17:00:00,34.3,0.0,60.0,,보통,45.0
2024-08-13 18:00:00,32.1,0.0,68.0,,보통,37.0
2024-08-13 19:00:00,30.8,0.0,74.0,,좋음,22.0
2024-08-13 20:00:00,31.2,,66.0,,좋음,26.0
2024-08-13 21:00:00,30.8,,70.0,,보통,36.0
2024-08-13 22:00:00,30.4,,73.0,,좋음,23.0
2024-08-13 23:00:00,30.1,,75.0,,좋음,26.0
2024-08-14 00:00:00,29.8,,76.0,,좋음,26.0
2024-08-14 01:00:00,29.5,,77.0,,좋음,24.0
2024-08-14 02:00:00,29.4,,78.0,,좋음,26.0
2024-08-14 03:00:00,29.4,,79.0,,좋음,28.0
2024-08-14 04:00:00,29.0,,79.0,,좋음,24.0
2024-08-14 05:00:00,28.6,,80.0,,보통,31.0
2024-08-14 06:00:00,28.3,,81.0,,좋음,29.0
2024-08-14 07:00:00,28.5,,80.0,,보통,35.0
2024-08-14 08:00:00,29.7,,75.0,,보통,35.0
2024-08-14 09:00:00,31.1,,72.0,,보통,35.0
2024-08-14 10:00:00,32.2,,65.0,,보통,34.0
2024-08-14 11:00:00,33.2,,61.0,,보통,38.0
2024-08-14 12:00:00,33.1,,61.0,,보통,39.0
2024-08-14 13:00:00,33.3,,59.0,,보통,39.0
2024-08-14 14:00:00,34.6,,55.0,,보통,36.0
2024-08-14 15:00:00,34.7,,53.0,,보통,38.0
2024-08-14 16:00:00,34.0,,63.0,,보통,50.0
2024-08-14 17:00:00,30.4,2.8,73.0,,보통,55.0
2024-08-14 18:00:00,28.0,0.2,79.0,,보통,35.0
2024-08-14 19:00:00,27.9,0.0,77.0,,좋음,19.0
2024-08-14 20:00:00,27.4,,77.0,,좋음,17.0
2024-08-14 21:00:00,27.5,,79.0,,좋음,24.0
2024-08-14 22:00:00,27.6,,78.0,,좋음,26.0
2024-08-14 23:00:00,27.6,,80.0,,좋음,25.0
2024-08-15 00:00:00,27.8,,80.0,,좋음,27.0
2024-08-15 01:00:00,27.9,0.0,80.0,,좋음,24.0
2024-08-15 02:00:00,27.7,0.2,85.0,,좋음,28.0
2024-08-15 03:00:00,27.3,0.1,85.0,,좋음,27.0
2024-08-15 04:00:00,27.2,,83.0,,좋음,21.0
2024-08-15 05:00:00,26.9,,84.0,,좋음,22.0
2024-08-15 06:00:00,26.7,,84.0,,좋음,25.0
2024-08-15 07:00:00,26.9,,82.0,,보통,34.0
2024-08-15 08:00:00,27.7,,79.0,,좋음,28.0
2024-08-15 09:00:00,29.3,,73.0,,좋음,27.0
2024-08-15 10:00:00,30.1,,69.0,,좋음,25.0
2024-08-15 11:00:00,31.5,,61.0,,보통,33.0
2024-08-15 12:00:00,32.0,,62.0,,좋음,28.0
2024-08-15 13:00:00,32.5,,60.0,,좋음,25.0
2024-08-15 14:00:00,33.9,,56.0,,좋음,30.0
2024-08-15 15:00:00,34.2,,56.0,,보통,32.0
2024-08-15 16:00:00,34.5,,54.0,,보통,34.0
2024-08-15 17:00:00,28.2,6.1,78.0,,보통,38.0
2024-08-15 18:00:00,28.6,0.0,78.0,,보통,37.0
2024-08-15 19:00:00,28.5,,80.0,,보통,33.0
2024-08-15 20:00:00,28.1,,80.0,,좋음,29.0
2024-08-15 21:00:00,28.1,,80.0,,보통,35.0
2024-08-15 22:00:00,28.1,,80.0,,보통,32.0
2024-08-15 23:00:00,27.9,,77.0,,보통,37.0
2024-08-16 00:00:00,27.5,,79.0,,보통,37.0
2024-08-16 01:00:00,27.4,,81.0,,보통,34.0
2024-08-16 02:00:00,27.1,,83.0,,보통,33.0
2024-08-16 03:00:00,27.2,,82.0,,보통,31.0
2024-08-16 04:00:00,26.9,,82.0,,좋음,25.0
2024-08-16 05:00:00,26.8,,83.0,,좋음,30.0
2024-08-16 06:00:00,26.8,,80.0,,좋음,28.0
2024-08-16 07:00:00,27.0,,79.0,,좋음,22.0
2024-08-16 08:00:00,28.4,,77.0,,좋음,24.0
2024-08-16 09:00:00,29.4,,71.0,,좋음,21.0
2024-08-16 10:00:00,30.7,,66.0,,좋음,21.0
2024-08-16 11:00:00,31.9,,61.0,,좋음,22.0
2024-08-16 12:00:00,31.7,,61.0,,좋음,26.0
2024-08-16 13:00:00,33.1,,59.0,,좋음,19.0
2024-08-16 14:00:00,33.9,,53.0,,좋음,29.0
2024-08-16 15:00:00,33.5,,54.0,,보통,36.0
2024-08-16 16:00:00,33.5,0.0,55.0,,보통,33.0
2024-08-16 17:00:00,33.5,,57.0,,좋음,30.0
2024-08-16 18:00:00,32.4,,62.0,,보통,34.0
2024-08-16 19:00:00,30.9,,68.0,,보통,37.0
2024-08-16 20:00:00,30.1,,70.0,,보통,33.0
2024-08-16 21:00:00,29.0,,70.0,,좋음,29.0
2024-08-16 22:00:00,28.9,,74.0,,좋음,23.0
2024-08-16 23:00:00,28.6,,74.0,,좋음,25.0
2024-08-17 00:00:00,28.4,,75.0,,좋음,30.0
2024-08-17 01:00:00,28.1,,77.0,,보통,31.0
2024-08-17 02:00:00,28.1,,78.0,,좋음,27.0
2024-08-17 03:00:00,28.2,,76.0,,좋음,30.0
2024-08-17 04:00:00,28.1,,76.0,,좋음,24.0
2024-08-17 05:00:00,27.6,,78.0,,보통,31.0
2024-08-17 06:00:00,27.2,,79.0,,보통,31.0
2024-08-17 07:00:00,27.3,,79.0,,보통,36.0
2024-08-17 08:00:00,28.7,,77.0,,좋음,29.0
2024-08-17 09:00:00,30.0,,69.0,,좋음,28.0
2024-08-17 10:00:00,31.1,,63.0,,좋음,21.0
2024-08-17 11:00:00,32.2,,59.0,,좋음,23.0
2024-08-17 12:00:00,32.6,,57.0,,좋음,27.0
2024-08-17 13:00:00,32.8,,58.0,,좋음,28.0
2024-08-17 14:00:00,33.0,0.0,57.0,,좋음,30.0
2024-08-17 15:00:00,33.7,0.0,54.0,,보통,35.0
2024-08-17 16:00:00,33.6,,55.0,,보통,33.0
2024-08-17 17:00:00,32.2,,68.0,,보통,50.0
2024-08-17 18:00:00,31.4,0.0,69.0,,보통,54.0
2024-08-17 19:00:00,27.4,11.0,82.0,,보통,47.0
2024-08-17 20:00:00,27.5,,79.0,,좋음,27.0
2024-08-17 21:00:00,27.6,,81.0,,보통,34.0
2024-08-17 22:00:00,27.5,,83.0,,보통,40.0
2024-08-17 23:00:00,27.5,,85.0,,좋음,26.0
2024-08-18 00:00:00,27.3,,83.0,,좋음,29.0
2024-08-18 01:00:00,27.3,,84.0,,보통,31.0
2024-08-18 02:00:00,27.2,,85.0,,좋음,28.0
2024-08-18 03:00:00,27.1,,84.0,,좋음,30.0
2024-08-18 04:00:00,27.1,0.0,83.0,,좋음,26.0
2024-08-18 05:00:00,27.1,,83.0,,좋음,25.0
2024-08-18 06:00:00,27.0,,84.0,,좋음,24.0
2024-08-18 07:00:00,27.3,,83.0,,좋음,26.0
2024-08-18 08:00:00,27.7,,82.0,,좋음,21.0
2024-08-18 09:00:00,29.5,,73.0,,좋음,21.0
2024-08-18 10:00:00,30.2,,69.0,,좋음,19.0
2024-08-18 11:00:00,32.0,,63.0,,좋음,17.0
2024-08-18 12:00:00,32.4,,61.0,,좋음,24.0
2024-08-18 13:00:00,33.6,,56.0,,좋음,24.0
2024-08-18 14:00:00,33.1,,62.0,,좋음,24.0
2024-08-18 15:00:00,31.8,0.0,66.0,,좋음,28.0
2024-08-18 16:00:00,31.3,0.0,73.0,,좋음,26.0
2024-08-18 17:00:00,31.5,,66.0,,좋음,25.0
2024-08-18 18:00:00,30.8,,71.0,,보통,36.0
2024-08-18 19:00:00,30.5,,71.0,,보통,46.0
2024-08-18 20:00:00,30.2,,73.0,,보통,38.0
2024-08-18 21:00:00,29.3,,70.0,,보통,40.0
2024-08-18 22:00:00,28.4,,77.0,,보통,41.0
2024-08-18 23:00:00,28.1,,78.0,,좋음,26.0
2024-08-19 00:00:00,27.8,,81.0,,좋음,21.0
2024-08-19 01:00:00,27.6,,82.0,,좋음,27.0
2024-08-19 02:00:00,27.5,,82.0,,좋음,28.0
2024-08-19 03:00:00,27.3,,83.0,,보통,31.0
2024-08-19 04:00:00,27.0,,86.0,,보통,31.0
2024-08-19 05:00:00,26.7,,86.0,,좋음,28.0
2024-08-19 06:00:00,26.4,,87.0,,좋음,30.0
2024-08-19 07:00:00,26.7,,88.0,,좋음,30.0
2024-08-19 08:00:00,28.2,,83.0,,좋음,28.0
2024-08-19 09:00:00,29.5,,76.0,,좋음,30.0
2024-08-19 10:00:00,30.8,,68.0,,보통,33.0
2024-08-19 11:00:00,32.3,,64.0,,보통,35.0
2024-08-19 12:00:00,33.5,,57.0,,보통,36.0
2024-08-19 13:00:00,34.6,,53.0,,보통,36.0
2024-08-19 14:00:00,35.2,,49.0,,보통,33.0
2024-08-19 15:00:00,34.4,,49.0,,보통,41.0
2024-08-19 16:00:00,34.4,,48.0,,보통,41.0
2024-08-19 17:00:00,33.6,,58.0,,보통,38.0
2024-08-19 18:00:00,30.8,0.0,62.0,,보통,42.0
2024-08-19 19:00:00,27.8,2.3,81.0,,보통,47.0
2024-08-19 20:00:00,27.7,,84.0,,보통,44.0
2024-08-19 21:00:00,27.9,,82.0,,보통,51.0
2024-08-19 22:00:00,27.9,,82.0,,보통,38.0
2024-08-19 23:00:00,27.9,,80.0,,보통,41.0
2024-08-20 00:00:00,27.6,,82.0,,보통,40.0
2024-08-20 01:00:00,27.5,,83.0,,보통,39.0
2024-08-20 02:00:00,27.3,,82.0,,보통,39.0
2024-08-20 03:00:00,27.2,,84.0,,보통,38.0
2024-08-20 04:00:00,27.0,,85.0,,보통,39.0
2024-08-20 05:00:00,27.1,,86.0,,보통,33.0
2024-08-20 06:00:00,27.0,,83.0,,보통,35.0
2024-08-20 07:00:00,27.4,,82.0,,보통,35.0
2024-08-20 08:00:00,29.1,,76.0,,보통,33.0
2024-08-20 09:00:00,30.4,,72.0,,보통,35.0
2024-08-20 10:00:00,31.6,,67.0,,보통,38.0
2024-08-20 11:00:00,32.8,,63.0,,보통,37.0
2024-08-20 12:00:00,33.6,,60.0,,보통,38.0
2024-08-20 13:00:00,34.1,,58.0,,보통,31.0
2024-08-20 14:00:00,35.0,,56.0,,보통,33.0
2024-08-20 15:00:00,35.1,,55.0,,보통,32.0
2024-08-20 16:00:00,35.1,,55.0,,보통,33.0
2024-08-20 17:00:00,34.9,,56.0,,보통,36.0
2024-08-20 18:00:00,34.3,,56.0,,좋음,30.0
2024-08-20 19:00:00,33.5,,60.0,,보통,33.0
2024-08-20 20:00:00,32.9,,62.0,,좋음,23.0
2024-08-20 21:00:00,32.5,0.0,64.0,,좋음,28.0
2024-08-20 22:00:00,31.7,0.0,69.0,,좋음,25.0
2024-08-20 23:00:00,31.2,,71.0,,좋음,25.0
2024-08-21 00:00:00,30.8,,72.0,,좋음,18.0
2024-08-21 01:00:00,30.6,0.0,73.0,,좋음,16.0
2024-08-21 02:00:00,28.8,1.7,83.0,,좋음,16.0
2024-08-21 03:00:00,28.1,5.1,89.0,,좋음,17.0
2024-08-21 04:00:00,27.5,0.4,90.0,,좋음,12.0
2024-08-21 05:00:00,27.3,0.1,91.0,,좋음,8.0
2024-08-21 06:00:00,27.1,6.4,93.0,,좋음,11.0
2024-08-21 07:00:00,26.9,4.9,93.0,,좋음,15.0
2024-08-21 08:00:00,27.1,8.1,94.0,,좋음,10.0
2024-08-21 09:00:00,27.0,13.3,94.0,,좋음,13.0
2024-08-21 10:00:00,27.2,1.1,93.0,,좋음,13.0
2024-08-21 11:00:00,27.4,0.7,91.0,,좋음,17.0
2024-08-21 12:00:00,27.9,0.3,91.0,,좋음,15.0
2024-08-21 13:00:00,27.9,0.1,88.0,,좋음,15.0
2024-08-21 14:00:00,28.3,0.0,85.0,,좋음,15.0
2024-08-21 15:00:00,29.1,0.0,83.0,,좋음,19.0
2024-08-21 16:00:00,29.6,,79.0,,좋음,25.0
2024-08-21 17:00:00,29.7,,79.0,,좋음,26.0
2024-08-21 18:00:00,29.7,,80.0,,좋음,26.0
2024-08-21 19:00:00,29.8,,78.0,,좋음,27.0
2024-08-21 20:00:00,29.6,,80.0,,좋음,25.0
2024-08-21 21:00:00,29.5,,78.0,,좋음,28.0
2024-08-21 22:00:00,29.2,,78.0,,좋음,22.0
2024-08-21 23:00:00,29.0,,78.0,,좋음,21.0
2024-08-22 00:00:00,28.9,,79.0,,좋음,20.0
2024-08-22 01:00:00,28.7,,81.0,,좋음,21.0
2024-08-22 02:00:00,28.6,,81.0,,좋음,22.0
2024-08-22 03:00:00,28.4,,81.0,,좋음,26.0
2024-08-22 04:00:00,28.3,,82.0,,좋음,22.0
2024-08-22 05:00:00,28.2,,82.0,,좋음,21.0
2024-08-22 06:00:00,28.1,,84.0,,좋음,19.0
2024-08-22 07:00:00,28.1,,83.0,,좋음,23.0
2024-08-22 08:00:00,29.2,,78.0,,좋음,19.0
2024-08-22 09:00:00,29.9,,74.0,,좋음,17.0
2024-08-22 10:00:00,30.2,,72.0,,좋음,18.0
2024-08-22 11:00:00,29.8,0.0,74.0,,좋음,25.0
2024-08-22 12:00:00,30.2,,74.0,,좋음,21.0
2024-08-22 13:00:00,30.3,0.0,73.0,,,
2024-08-22 14:00:00,30.2,0.0,74.0,,,
2024-08-22 15:00:00,29.5,0.0,80.0,,좋음,25.0
2024-08-22 16:00:00,29.0,0.4,80.0,,좋음,18.0
2024-08-22 17:00:00,28.5,0.1,83.0,,좋음,20.0
2024-08-22 18:00:00,28.5,,80.0,,좋음,20.0
2024-08-22 19:00:00,27.9,0.1,83.0,,좋음,24.0
2024-08-22 20:00:00,27.7,,81.0,,좋음,18.0
2024-08-22 21:00:00,27.3,0.0,83.0,,좋음,14.0
2024-08-22 22:00:00,27.2,,81.0,,좋음,13.0
2024-08-22 23:00:00,27.1,,81.0,,좋음,15.0
2024-08-23 00:00:00,27.1,,83.0,,좋음,17.0
2024-08-23 01:00:00,27.1,,82.0,,좋음,27.0
2024-08-23 02:00:00,27.0,,82.0,,보통,31.0
2024-08-23 03:00:00,26.7,,82.0,,보통,31.0
2024-08-23 04:00:00,26.7,,83.0,,좋음,30.0
2024-08-23 05:00:00,26.5,,86.0,,좋음,29.0
2024-08-23 06:00:00,26.4,,86.0,,좋음,29.0
2024-08-23 07:00:00,26.4,0.0,87.0,,좋음,30.0
2024-08-23 08:00:00,26.4,0.0,87.0,,좋음,28.0
2024-08-23 09:00:00,27.0,,82.0,,좋음,29.0
2024-08-23 10:00:00,28.3,,74.0,,좋음,28.0
2024-08-23 11:00:00,29.4,,70.0,,좋음,25.0
2024-08-23 12:00:00,30.3,,66.0,,보통,31.0
2024-08-23 13:00:00,30.7,,65.0,,보통,36.0
2024-08-23 14:00:00,31.0,,64.0,,보통,39.0
2024-08-23 15:00:00,31.3,,61.0,,보통,43.0
2024-08-23 16:00:00,31.8,,62.0,,보통,42.0
2024-08-23 17:00:00,31.6,,61.0,,보통,35.0
2024-08-23 18:00:00,30.7,,61.0,,보통,38.0
2024-08-23 19:00:00,29.6,,65.0,,보통,62.0
2024-08-23 20:00:00,28.7,,70.0,,보통,32.0
2024-08-23 21:00:00,28.0,,71.0,,보통,34.0
2024-08-23 22:00:00,27.6,,75.0,,보통,35.0
2024-08-23 23:00:00,27.2,,77.0,,보통,34.0
2024-08-24 00:00:00,27.0,,79.0,,보통,37.0
2024-08-24 01:00:00,26.6,,81.0,,보통,44.0
2024-08-24 02:00:00,26.2,,83.0,,보통,41.0
2024-08-24 03:00:00,25.9,,83.0,,보통,50.0
2024-08-24 04:00:00,25.7,,85.0,,보통,47.0
2024-08-24 05:00:00,25.5,,87.0,,보통,47.0
2024-08-24 06:00:00,25.2,,87.0,,보통,51.0
2024-08-24 07:00:00,25.3,,88.0,,보통,52.0
2024-08-24 08:00:00,26.2,,87.0,,보통,55.0
2024-08-24 09:00:00,27.7,,81.0,,보통,60.0
2024-08-24 10:00:00,29.2,,76.0,,보통,54.0
2024-08-24 11:00:00,30.1,,68.0,,보통,55.0
2024-08-24 12:00:00,29.0,0.7,76.0,,보통,58.0
2024-08-24 13:00:00,28.1,0.8,73.0,,보통,44.0
2024-08-24 14:00:00,28.1,0.0,78.0,,보통,41.0
2024-08-24 15:00:00,29.1,0.5,78.0,,보통,58.0
2024-08-24 16:00:00,30.1,,75.0,,보통,45.0
2024-08-24 17:00:00,30.4,,68.0,,보통,40.0
2024-08-24 18:00:00,29.8,0.0,72.0,,보통,35.0
2024-08-24 19:00:00,29.3,0.0,75.0,,보통,34.0
2024-08-24 20:00:00,28.3,,72.0,,보통,32.0
2024-08-24 21:00:00,27.8,,73.0,,보통,38.0
2024-08-24 22:00:00,27.3,,75.0,,보통,36.0
2024-08-24 23:00:00,26.8,,76.0,,보통,38.0
2024-08-25 00:00:00,26.5,,80.0,,보통,38.0
2024-08-25 01:00:00,26.1,,80.0,,보통,39.0
2024-08-25 02:00:00,25.9,,83.0,,보통,36.0
2024-08-25 03:00:00,25.7,,83.0,,보통,40.0
2024-08-25 04:00:00,25.5,,86.0,,보통,39.0
2024-08-25 05:00:00,25.2,,88.0,,보통,37.0
2024-08-25 06:00:00,25.0,,90.0,,보통,35.0
2024-08-25 07:00:00,25.1,,90.0,,보통,35.0
2024-08-25 08:00:00,26.1,,89.0,,보통,39.0
2024-08-25 09:00:00,27.4,,84.0,,보통,42.0
2024-08-25 10:00:00,28.5,,77.0,,보통,40.0
2024-08-25 11:00:00,29.4,,74.0,,보통,50.0
2024-08-25 12:00:00,30.7,,69.0,,보통,46.0
2024-08-25 13:00:00,31.5,,64.0,,보통,44.0
2024-08-25 14:00:00,31.5,,62.0,,보통,48.0
2024-08-25 15:00:00,31.7,,64.0,,보통,47.0
2024-08-25 16:00:00,32.6,,60.0,,보통,57.0
2024-08-25 17:00:00,31.8,,63.0,,보통,47.0
2024-08-25 18:00:00,30.9,,68.0,,보통,44.0
2024-08-25 19:00:00,30.2,,69.0,,보통,41.0
2024-08-25 20:00:00,29.5,,74.0,,보통,38.0
2024-08-25 21:00:00,28.8,,74.0,,보통,44.0
2024-08-25 22:00:00,28.3,,78.0,,보통,44.0
2024-08-25 23:00:00,27.9,,81.0,,보통,41.0
2024-08-26 00:00:00,27.6,,81.0,,보통,40.0
2024-08-26 01:00:00,27.1,,81.0,,보통,46.0
2024-08-26 02:00:00,26.8,,83.0,,보통,46.0
2024-08-26 03:00:00,26.6,,83.0,,보통,50.0
2024-08-26 04:00:00,26.3,,85.0,,보통,45.0
2024-08-26 05:00:00,26.0,,87.0,,보통,46.0
2024-08-26 06:00:00,25.7,,88.0,,보통,46.0
2024-08-26 07:00:00,25.7,,88.0,,보통,52.0
2024-08-26 08:00:00,26.7,,86.0,,보통,53.0
2024-08-26 09:00:00,27.2,,83.0,,보통,56.0
2024-08-26 10:00:00,27.8,,81.0,,보통,52.0
2024-08-26 11:00:00,29.1,,75.0,,보통,59.0
2024-08-26 12:00:00,29.7,,71.0,,보통,57.0
2024-08-26 13:00:00,29.9,,72.0,,보통,56.0
2024-08-26 14:00:00,29.7,,70.0,,보통,52.0
2024-08-26 15:00:00,30.5,,69.0,,보통,52.0
2024-08-26 16:00:00,30.4,,68.0,,보통,52.0
2024-08-26 17:00:00,29.5,0.0,74.0,,보통,51.0
2024-08-26 18:00:00,29.3,,74.0,,보통,48.0
2024-08-26 19:00:00,28.3,,62.0,,보통,44.0
2024-08-26 20:00:00,28.1,,70.0,,보통,34.0
2024-08-26 21:00:00,28.1,,76.0,,보통,41.0
2024-08-26 22:00:00,27.7,,75.0,,보통,40.0
2024-08-26 23:00:00,27.5,,77.0,,보통,37.0
2024-08-27 00:00:00,27.3,,78.0,,보통,36.0
2024-08-27 01:00:00,27.0,,79.0,,보통,35.0
2024-08-27 02:00:00,26.8,0.0,80.0,,보통,34.0
2024-08-27 03:00:00,26.5,0.0,80.0,,보통,37.0
2024-08-27 04:00:00,26.1,0.0,81.0,,보통,33.0
2024-08-27 05:00:00,25.9,,78.0,,좋음,29.0
2024-08-27 06:00:00,25.5,,74.0,,좋음,30.0
2024-08-27 07:00:00,25.3,0.0,73.0,,좋음,29.0
2024-08-27 08:00:00,25.2,0.0,69.0,,좋음,30.0
2024-08-27 09:00:00,25.0,0.0,78.0,,보통,35.0
2024-08-27 10:00:00,24.7,0.3,73.0,,보통,38.0
2024-08-27 11:00:00,25.2,,72.0,,보통,39.0
2024-08-27 12:00:00,25.6,,72.0,,보통,46.0
2024-08-27 13:00:00,26.0,,65.0,,좋음,28.0
2024-08-27 14:00:00,27.4,,64.0,,좋음,29.0
2024-08-27 15:00:00,28.2,,61.0,,좋음,30.0
2024-08-27 16:00:00,29.4,,58.0,,보통,31.0
2024-08-27 17:00:00,30.1,,53.0,,보통,35.0
2024-08-27 18:00:00,29.6,,55.0,,좋음,30.0
2024-08-27 19:00:00,28.4,,59.0,,좋음,24.0
2024-08-27 20:00:00,27.1,,62.0,,좋음,26.0
2024-08-27 21:00:00,26.3,,66.0,,좋음,28.0
2024-08-27 22:00:00,25.8,,67.0,,좋음,28.0
2024-08-27 23:00:00,25.4,,71.0,,좋음,26.0
2024-08-28 00:00:00,25.0,,72.0,,좋음,23.0
2024-08-28 01:00:00,24.7,,74.0,,좋음,21.0
2024-08-28 02:00:00,24.5,,74.0,,좋음,20.0
2024-08-28 03:00:00,24.1,,75.0,,좋음,21.0
2024-08-28 04:00:00,23.7,,75.0,,좋음,16.0
2024-08-28 05:00:00,23.3,,76.0,,좋음,17.0
2024-08-28 06:00:00,23.0,,77.0,,좋음,22.0
2024-08-28 07:00:00,23.2,,76.0,,좋음,25.0
2024-08-28 08:00:00,25.4,,69.0,,좋음,21.0
2024-08-28 09:00:00,27.0,,66.0,,좋음,22.0
2024-08-28 10:00:00,28.7,,60.0,,좋음,20.0
2024-08-28 11:00:00,29.9,,56.0,,좋음,21.0
2024-08-28 12:00:00,30.7,,54.0,,좋음,22.0
2024-08-28 13:00:00,31.6,,54.0,,좋음,25.0
2024-08-28 14:00:00,32.5,,51.0,,좋음,22.0
2024-08-28 15:00:00,32.5,,50.0,,좋음,22.0
2024-08-28 16:00:00,32.8,,46.0,,좋음,19.0
2024-08-28 17:00:00,32.5,,48.0,,좋음,18.0
2024-08-28 18:00:00,32.0,,52.0,,좋음,21.0
2024-08-28 19:00:00,30.9,,53.0,,좋음,14.0
2024-08-28 20:00:00,30.0,,56.0,,좋음,16.0
2024-08-28 21:00:00,29.3,,59.0,,좋음,25.0
2024-08-28 22:00:00,28.5,,61.0,,좋음,23.0
2024-08-28 23:00:00,27.7,,63.0,,좋음,22.0
2024-08-29 00:00:00,26.9,,64.0,,좋음,13.0
2024-08-29 01:00:00,26.4,,64.0,,좋음,14.0
2024-08-29 02:00:00,25.8,,65.0,,좋음,10.0
2024-08-29 03:00:00,25.2,,67.0,,좋음,11.0
2024-08-29 04:00:00,24.5,,70.0,,좋음,12.0
2024-08-29 05:00:00,24.1,,71.0,,좋음,15.0
2024-08-29 06:00:00,23.6,,72.0,,좋음,13.0
2024-08-29 07:00:00,23.7,,74.0,,좋음,18.0
2024-08-29 08:00:00,25.6,,66.0,,좋음,19.0
2024-08-29 09:00:00,27.2,,61.0,,좋음,19.0
2024-08-29 10:00:00,28.8,,57.0,,좋음,19.0
2024-08-29 11:00:00,30.3,,56.0,,좋음,21.0
2024-08-29 12:00:00,31.4,,54.0,,좋음,22.0
2024-08-29 13:00:00,32.6,,53.0,,좋음,21.0
2024-08-29 14:00:00,33.0,,51.0,,좋음,19.0
2024-08-29 15:00:00,33.3,,52.0,,좋음,24.0
2024-08-29 16:00:00,33.2,,50.0,,좋음,16.0
2024-08-29 17:00:00,32.8,,51.0,,좋음,18.0
2024-08-29 18:00:00,31.7,,55.0,,좋음,23.0
2024-08-29 19:00:00,30.2,,57.0,,좋음,9.0
2024-08-29 20:00:00,29.1,,61.0,,좋음,11.0
2024-08-29 21:00:00,28.0,,62.0,,좋음,13.0
2024-08-29 22:00:00,27.6,,63.0,,좋음,13.0
2024-08-29 23:00:00,27.1,,64.0,,좋음,18.0
2024-08-30 00:00:00,26.7,,65.0,,좋음,10.0
2024-08-30 01:00:00,25.9,,68.0,,좋음,14.0
2024-08-30 02:00:00,25.4,,69.0,,좋음,11.0
2024-08-30 03:00:00,25.0,,70.0,,좋음,10.0
2024-08-30 04:00:00,24.7,,73.0,,좋음,12.0
2024-08-30 05:00:00,24.1,,74.0,,좋음,15.0
2024-08-30 06:00:00,23.8,,74.0,,좋음,17.0
2024-08-30 07:00:00,23.8,,75.0,,좋음,16.0
2024-08-30 08:00:00,25.6,,71.0,,좋음,16.0
2024-08-30 09:00:00,27.5,,66.0,,좋음,20.0
2024-08-30 10:00:00,29.3,,63.0,,좋음,18.0
2024-08-30 11:00:00,30.3,,59.0,,좋음,18.0
2024-08-30 12:00:00,31.0,,55.0,,,
2024-08-30 13:00:00,32.0,,54.0,,,
2024-08-30 14:00:00,32.7,,52.0,,좋음,18.0
2024-08-30 15:00:00,32.4,,51.0,,좋음,17.0
2024-08-30 16:00:00,32.3,,49.0,,좋음,19.0
2024-08-30 17:00:00,32.3,,47.0,,좋음,15.0
2024-08-30 18:00:00,31.4,,50.0,,좋음,19.0
2024-08-30 19:00:00,29.6,,65.0,,좋음,17.0
2024-08-30 20:00:00,28.1,,70.0,,좋음,25.0
2024-08-30 21:00:00,27.2,,71.0,,좋음,30.0
2024-08-30 22:00:00,26.8,,73.0,,좋음,27.0
2024-08-30 23:00:00,26.5,,73.0,,좋음,29.0
2024-08-31 00:00:00,26.0,,75.0,,보통,37.0
2024-08-31 01:00:00,25.2,,76.0,,보통,45.0
2024-08-31 02:00:00,24.7,,77.0,,보통,47.0
2024-08-31 03:00:00,24.0,,79.0,,보통,39.0
2024-08-31 04:00:00,23.5,,81.0,,보통,40.0
2024-08-31 05:00:00,23.2,,81.0,,보통,37.0
2024-08-31 06:00:00,22.8,,81.0,,보통,36.0
2024-08-31 07:00:00,22.8,,81.0,,보통,34.0
2024-08-31 08:00:00,23.9,,77.0,,보통,38.0
2024-08-31 09:00:00,25.8,,74.0,,보통,45.0
2024-08-31 10:00:00,27.3,,65.0,,보통,41.0
2024-08-31 11:00:00,28.8,,61.0,,보통,45.0
2024-08-31 12:00:00,30.4,,59.0,,보통,53.0
2024-08-31 13:00:00,31.5,,57.0,,보통,51.0
2024-08-31 14:00:00,32.2,,49.0,,보통,48.0
2024-08-31 15:00:00,32.5,,45.0,,보통,52.0
2024-08-31 16:00:00,32.9,,41.0,,보통,48.0
2024-08-31 17:00:00,32.7,,43.0,,보통,47.0
2024-08-31 18:00:00,31.3,,50.0,,보통,44.0
2024-08-31 19:00:00,29.7,,53.0,,보통,37.0
2024-08-31 20:00:00,28.8,,56.0,,보통,40.0
2024-08-31 21:00:00,27.9,,66.0,,보통,42.0
2024-08-31 22:00:00,27.4,,72.0,,보통,47.0
2024-08-31 23:00:00,26.7,,70.0,,보통,45.0
2024-09-01 00:00:00,26.3,,71.0,,보통,42.0
2024-09-01 01:00:00,25.7,,74.0,,보통,47.0
2024-09-01 02:00:00,25.3,,77.0,,보통,45.0
2024-09-01 03:00:00,25.1,,81.0,,보통,52.0
2024-09-01 04:00:00,24.8,,79.0,,보통,45.0
2024-09-01 05:00:00,24.7,,82.0,,보통,44.0
2024-09-01 06:00:00,24.6,,80.0,,보통,40.0
2024-09-01 07:00:00,24.7,,80.0,,보통,40.0
2024-09-01 08:00:00,25.3,,81.0,,보통,43.0
2024-09-01 09:00:00,26.3,,77.0,,보통,43.0
2024-09-01 10:00:00,27.9,,70.0,,보통,55.0
2024-09-01 11:00:00,28.5,,62.0,,보통,47.0
2024-09-01 12:00:00,29.2,,54.0,,보통,44.0
2024-09-01 13:00:00,30.7,,51.0,,보통,41.0
2024-09-01 14:00:00,30.9,,48.0,,보통,38.0
2024-09-01 15:00:00,31.5,,44.0,,좋음,24.0
2024-09-01 16:00:00,30.9,,41.0,,좋음,23.0
2024-09-01 17:00:00,29.7,,44.0,,좋음,27.0
2024-09-01 18:00:00,28.5,,55.0,,좋음,28.0
2024-09-01 19:00:00,27.5,,51.0,,좋음,27.0
2024-09-01 20:00:00,27.0,,53.0,,좋음,19.0
2024-09-01 21:00:00,26.3,,62.0,,좋음,22.0
2024-09-01 22:00:00,25.9,,63.0,,좋음,22.0
2024-09-01 23:00:00,25.5,,65.0,,좋음,21.0
2024-09-02 00:00:00,24.9,,66.0,,좋음,19.0
2024-09-02 01:00:00,24.5,,67.0,,좋음,30.0
2024-09-02 02:00:00,24.4,,68.0,,보통,33.0
2024-09-02 03:00:00,24.3,0.0,68.0,,좋음,20.0
2024-09-02 04:00:00,23.9,0.0,69.0,,좋음,15.0
2024-09-02 05:00:00,23.5,0.4,77.0,,좋음,20.0
2024-09-02 06:00:00,22.6,1.9,88.0,,좋음,24.0
2024-09-02 07:00:00,22.3,0.4,86.0,,좋음,22.0
2024-09-02 08:00:00,22.5,,84.0,,좋음,21.0
2024-09-02 09:00:00,22.8,0.0,75.0,,좋음,26.0
2024-09-02 10:00:00,23.3,0.0,69.0,,좋음,29.0
2024-09-02 11:00:00,23.8,0.0,79.0,,보통,34.0
2024-09-02 12:00:00,24.0,0.0,78.0,,보통,33.0
2024-09-02 13:00:00,24.5,,75.0,,보통,39.0
2024-09-02 14:00:00,25.2,,73.0,,보통,41.0
2024-09-02 15:00:00,25.6,,71.0,,보통,39.0
2024-09-02 16:00:00,26.6,,68.0,,보통,41.0
2024-09-02 17:00:00,26.8,,68.0,,보통,50.0
2024-09-02 18:00:00,26.8,,69.0,,보통,38.0
2024-09-02 19:00:00,26.3,,71.0,,보통,35.0
2024-09-02 20:00:00,25.8,,71.0,,보통,32.0
2024-09-02 21:00:00,25.5,,72.0,,좋음,29.0
2024-09-02 22:00:00,25.2,,70.0,,좋음,20.0
2024-09-02 23:00:00,24.8,,68.0,,좋음,17.0
2024-09-03 00:00:00,24.4,,68.0,,좋음,24.0
2024-09-03 01:00:00,24.2,,67.0,,좋음,7.0
2024-09-03 02:00:00,23.7,,68.0,,좋음,8.0
2024-09-03 03:00:00,23.5,,67.0,,좋음,7.0
2024-09-03 04:00:00,23.5,,65.0,,좋음,7.0
2024-09-03 05:00:00,23.5,,62.0,,좋음,12.0
2024-09-03 06:00:00,23.3,,58.0,,좋음,14.0
2024-09-03 07:00:00,23.2,,54.0,,좋음,22.0
2024-09-03 08:00:00,24.0,,53.0,,좋음,23.0
2024-09-03 09:00:00,25.6,,51.0,,좋음,23.0
2024-09-03 10:00:00,26.9,,49.0,,좋음,19.0
2024-09-03 11:00:00,27.9,,48.0,,좋음,20.0
2024-09-03 12:00:00,29.1,,48.0,,좋음,18.0
2024-09-03 13:00:00,30.1,,47.0,,좋음,25.0
2024-09-03 14:00:00,31.1,,47.0,,좋음,20.0
2024-09-03 15:00:00,31.9,,45.0,,보통,33.0
2024-09-03 16:00:00,30.8,,48.0,,보통,36.0
2024-09-03 17:00:00,30.9,,46.0,,좋음,18.0
2024-09-03 18:00:00,30.0,,51.0,,좋음,22.0
2024-09-03 19:00:00,29.0,,53.0,,좋음,27.0
2024-09-03 20:00:00,28.1,,55.0,,좋음,25.0
2024-09-03 21:00:00,27.1,,57.0,,좋음,20.0
2024-09-03 22:00:00,26.3,,58.0,,좋음,17.0
2024-09-03 23:00:00,25.9,,57.0,,좋음,17.0
2024-09-04 00:00:00,25.4,,59.0,,좋음,15.0
2024-09-04 01:00:00,24.8,,62.0,,좋음,15.0
2024-09-04 02:00:00,24.4,,64.0,,좋음,15.0
2024-09-04 03:00:00,24.4,,65.0,,좋음,16.0
2024-09-04 04:00:00,24.0,,68.0,,좋음,12.0
2024-09-04 05:00:00,23.6,,70.0,,좋음,17.0
2024-09-04 06:00:00,23.2,,71.0,,좋음,15.0
2024-09-04 07:00:00,23.4,,70.0,,좋음,19.0
2024-09-04 08:00:00,24.5,,68.0,,좋음,17.0
2024-09-04 09:00:00,26.1,,62.0,,좋음,20.0
2024-09-04 10:00:00,27.7,,56.0,,좋음,18.0
2024-09-04 11:00:00,29.1,,53.0,,좋음,24.0
2024-09-04 12:00:00,30.3,,50.0,,좋음,21.0
2024-09-04 13:00:00,31.6,,47.0,,좋음,19.0
2024-09-04 14:00:00,32.0,,45.0,,좋음,24.0
2024-09-04 15:00:00,32.6,,46.0,,좋음,29.0
2024-09-04 16:00:00,33.3,,45.0,,좋음,27.0
2024-09-04 17:00:00,32.2,,47.0,,좋음,30.0
2024-09-04 18:00:00,31.7,,55.0,,좋음,29.0
2024-09-04 19:00:00,30.1,,59.0,,보통,36.0
2024-09-04 20:00:00,28.8,,64.0,,보통,32.0
2024-09-04 21:00:00,28.0,,68.0,,보통,47.0
2024-09-04 22:00:00,27.6,,72.0,,보통,45.0
2024-09-04 23:00:00,27.2,,74.0,,보통,41.0
2024-09-05 00:00:00,27.0,,74.0,,보통,33.0
2024-09-05 01:00:00,26.8,,72.0,,보통,33.0
2024-09-05 02:00:00,26.5,,74.0,,좋음,27.0
2024-09-05 03:00:00,26.4,,67.0,,보통,31.0
2024-09-05 04:00:00,26.0,,70.0,,좋음,21.0
2024-09-05 05:00:00,26.1,,72.0,,좋음,24.0
2024-09-05 06:00:00,26.2,,76.0,,좋음,26.0
2024-09-05 07:00:00,26.3,,78.0,,보통,34.0
2024-09-05 08:00:00,26.7,,78.0,,보통,31.0
2024-09-05 09:00:00,27.5,,71.0,,보통,36.0
2024-09-05 10:00:00,28.1,,67.0,,보통,33.0
2024-09-05 11:00:00,28.6,,66.0,,보통,31.0
2024-09-05 12:00:00,26.6,0.3,81.0,,좋음,30.0
2024-09-05 13:00:00,26.1,1.1,87.0,,좋음,29.0
2024-09-05 14:00:00,26.1,2.5,90.0,,좋음,26.0
2024-09-05 15:00:00,25.9,2.8,89.0,,좋음,29.0
2024-09-05 16:00:00,26.2,0.2,91.0,,좋음,21.0
2024-09-05 17:00:00,26.2,,88.0,,좋음,20.0
2024-09-05 18:00:00,26.2,,85.0,,좋음,23.0
2024-09-05 19:00:00,25.7,,79.0,,좋음,26.0
2024-09-05 20:00:00,25.6,,79.0,,좋음,28.0
2024-09-05 21:00:00,25.7,,80.0,,좋음,28.0
2024-09-05 22:00:00,25.7,,83.0,,좋음,27.0
2024-09-05 23:00:00,25.8,,85.0,,좋음,27.0
2024-09-06 00:00:00,25.7,0.0,84.0,,좋음,23.0
2024-09-06 01:00:00,25.5,0.0,85.0,,좋음,23.0
2024-09-06 02:00:00,25.3,0.0,85.0,,좋음,23.0
2024-09-06 03:00:00,25.1,0.0,88.0,,좋음,30.0
2024-09-06 04:00:00,24.6,0.3,90.0,,좋음,25.0
2024-09-06 05:00:00,24.1,0.1,89.0,,좋음,27.0
2024-09-06 06:00:00,23.8,0.0,90.0,,좋음,22.0
2024-09-06 07:00:00,23.9,0.0,89.0,,좋음,27.0
2024-09-06 08:00:00,24.1,,85.0,,좋음,27.0
2024-09-06 09:00:00,24.6,,83.0,,좋음,23.0
2024-09-06 10:00:00,24.6,0.0,84.0,,좋음,22.0
2024-09-06 11:00:00,24.1,0.1,89.0,,좋음,23.0
2024-09-06 12:00:00,23.5,0.1,86.0,,,
2024-09-06 13:00:00,23.4,0.1,85.0,,,
2024-09-06 14:00:00,23.4,0.0,80.0,,,
2024-09-06 15:00:00,24.0,,74.0,,좋음,18.0
2024-09-06 16:00:00,24.4,,72.0,,좋음,21.0
2024-09-06 17:00:00,24.3,,70.0,,좋음,21.0
2024-09-06 18:00:00,24.1,,70.0,,좋음,22.0
2024-09-06 19:00:00,23.8,,70.0,,좋음,19.0
2024-09-06 20:00:00,23.7,,69.0,,좋음,21.0
2024-09-06 21:00:00,23.7,,70.0,,좋음,17.0
2024-09-06 22:00:00,23.5,0.0,72.0,,좋음,25.0
2024-09-06 23:00:00,23.4,,72.0,,좋음,21.0
2024-09-07 00:00:00,23.3,0.0,73.0,,좋음,26.0
2024-09-07 01:00:00,23.1,0.0,74.0,,좋음,23.0
2024-09-07 02:00:00,23.1,0.0,75.0,,좋음,17.0
2024-09-07 03:00:00,23.1,,75.0,,좋음,12.0
2024-09-07 04:00:00,23.1,,78.0,,좋음,14.0
2024-09-07 05:00:00,23.0,,78.0,,좋음,18.0
2024-09-07 06:00:00,23.0,,78.0,,보통,38.0
2024-09-07 07:00:00,22.9,,81.0,,좋음,21.0
2024-09-07 08:00:00,23.6,,79.0,,보통,31.0
2024-09-07 09:00:00,25.0,,76.0,,좋음,22.0
2024-09-07 10:00:00,25.9,,74.0,,좋음,25.0
2024-09-07 11:00:00,27.7,,69.0,,보통,31.0
2024-09-07 12:00:00,29.0,,61.0,,보통,32.0
2024-09-07 13:00:00,30.1,,56.0,,보통,31.0
2024-09-07 14:00:00,30.1,,56.0,,보통,33.0
2024-09-07 15:00:00,31.0,,52.0,,보통,36.0
2024-09-07 16:00:00,30.9,,54.0,,보통,32.0
2024-09-07 17:00:00,30.8,,54.0,,좋음,29.0
2024-09-07 18:00:00,29.5,,60.0,,보통,31.0
2024-09-07 19:00:00,28.1,,65.0,,좋음,27.0
2024-09-07 20:00:00,27.1,,67.0,,보통,32.0
2024-09-07 21:00:00,26.4,,69.0,,보통,35.0
2024-09-07 22:00:00,25.5,,72.0,,보통,34.0
2024-09-07 23:00:00,24.9,,80.0,,보통,37.0
2024-09-08 00:00:00,24.8,,80.0,,보통,39.0
2024-09-08 01:00:00,24.4,,81.0,,보통,39.0
2024-09-08 02:00:00,24.0,,83.0,,보통,35.0
2024-09-08 03:00:00,23.8,,84.0,,보통,32.0
2024-09-08 04:00:00,23.5,,83.0,,보통,34.0
2024-09-08 05:00:00,23.1,,85.0,,보통,34.0
2024-09-08 06:00:00,22.8,,86.0,,보통,33.0
2024-09-08 07:00:00,22.7,,87.0,,보통,34.0
2024-09-08 08:00:00,23.9,,85.0,,보통,38.0
2024-09-08 09:00:00,25.7,,76.0,,보통,34.0
2024-09-08 10:00:00,27.3,,72.0,,보통,35.0
2024-09-08 11:00:00,29.0,,63.0,,보통,35.0
2024-09-08 12:00:00,30.1,,60.0,,보통,37.0
2024-09-08 13:00:00,31.4,,55.0,,보통,36.0
2024-09-08 14:00:00,31.2,,53.0,,보통,37.0
2024-09-08 15:00:00,32.3,,49.0,,보통,37.0
2024-09-08 16:00:00,32.4,,51.0,,보통,38.0
2024-09-08 17:00:00,31.6,,56.0,,보통,44.0
2024-09-08 18:00:00,30.0,,62.0,,보통,44.0
2024-09-08 19:00:00,28.4,,68.0,,보통,45.0
2024-09-08 20:00:00,27.7,,68.0,,보통,37.0
2024-09-08 21:00:00,27.2,,67.0,,보통,38.0
2024-09-08 22:00:00,26.6,,69.0,,보통,37.0
2024-09-08 23:00:00,26.3,,72.0,,보통,38.0
2024-09-09 00:00:00,25.7,,73.0,,보통,31.0
2024-09-09 01:00:00,25.4,,75.0,,보통,36.0
2024-09-09 02:00:00,25.1,,76.0,,보통,42.0
2024-09-09 03:00:00,24.7,,77.0,,보통,41.0
2024-09-09 04:00:00,24.2,,80.0,,보통,41.0
2024-09-09 05:00:00,24.1,,81.0,,보통,41.0
2024-09-09 06:00:00,24.2,,82.0,,보통,43.0
2024-09-09 07:00:00,24.6,,81.0,,보통,40.0
2024-09-09 08:00:00,26.0,,78.0,,보통,40.0
2024-09-09 09:00:00,27.9,,72.0,,보통,39.0
2024-09-09 10:00:00,29.5,,68.0,,보통,33.0
2024-09-09 11:00:00,30.2,,63.0,,보통,33.0
2024-09-09 12:00:00,30.8,,63.0,,보통,32.0
2024-09-09 13:00:00,32.2,,57.0,,좋음,29.0
2024-09-09 14:00:00,33.6,,54.0,,좋음,26.0
2024-09-09 15:00:00,33.5,,52.0,,좋음,28.0
2024-09-09 16:00:00,32.5,,58.0,,보통,37.0
2024-09-09 17:00:00,31.7,,59.0,,보통,39.0
2024-09-09 18:00:00,31.2,,61.0,,보통,37.0
2024-09-09 19:00:00,30.0,,65.0,,보통,38.0
2024-09-09 20:00:00,29.1,,68.0,,보통,34.0
2024-09-09 21:00:00,28.6,,70.0,,보통,33.0
2024-09-09 22:00:00,28.2,,70.0,,보통,32.0
2024-09-09 23:00:00,27.7,,72.0,,보통,36.0
2024-09-10 00:00:00,27.3,,75.0,,보통,33.0
2024-09-10 01:00:00,27.1,,76.0,,보통,34.0
2024-09-10 02:00:00,26.7,,78.0,,보통,40.0
2024-09-10 03:00:00,26.3,,79.0,,보통,36.0
2024-09-10 04:00:00,26.2,,80.0,,보통,36.0
2024-09-10 05:00:00,25.9,,82.0,,보통,50.0
2024-09-10 06:00:00,25.6,,83.0,,보통,47.0
2024-09-10 07:00:00,25.7,,83.0,,보통,43.0
2024-09-10 08:00:00,27.0,,81.0,,보통,39.0
2024-09-10 09:00:00,28.8,,75.0,,보통,37.0
2024-09-10 10:00:00,30.1,,70.0,,보통,31.0
2024-09-10 11:00:00,31.5,,63.0,,보통,33.0
2024-09-10 12:00:00,32.6,,60.0,,보통,33.0
2024-09-10 13:00:00,32.6,,58.0,,보통,39.0
2024-09-10 14:00:00,32.5,,59.0,,보통,36.0
2024-09-10 15:00:00,33.4,,54.0,,보통,48.0
2024-09-10 16:00:00,33.8,,54.0,,보통,45.0
2024-09-10 17:00:00,33.3,,52.0,,보통,39.0
2024-09-10 18:00:00,32.2,,57.0,,보통,35.0
2024-09-10 19:00:00,30.4,,60.0,,보통,35.0
2024-09-10 20:00:00,29.6,,60.0,,좋음,30.0
2024-09-10 21:00:00,28.9,,63.0,,좋음,26.0
2024-09-10 22:00:00,28.7,,62.0,,좋음,26.0
2024-09-10 23:00:00,28.2,,64.0,,좋음,26.0
2024-09-11 00:00:00,27.7,,67.0,,좋음,25.0
2024-09-11 01:00:00,27.1,,69.0,,좋음,25.0
2024-09-11 02:00:00,26.8,,72.0,,좋음,25.0
2024-09-11 03:00:00,26.4,,73.0,,좋음,27.0
2024-09-11 04:00:00,26.1,,73.0,,좋음,25.0
2024-09-11 05:00:00,25.7,,76.0,,보통,34.0
2024-09-11 06:00:00,25.5,,78.0,,보통,34.0
2024-09-11 07:00:00,25.7,,79.0,,보통,42.0
2024-09-11 08:00:00,27.3,,75.0,,보통,42.0
2024-09-11 09:00:00,29.3,,71.0,,보통,45.0
2024-09-11 10:00:00,31.4,,63.0,,보통,45.0
2024-09-11 11:00:00,32.5,,59.0,,보통,48.0
2024-09-11 12:00:00,33.6,,55.0,,보통,39.0
2024-09-11 13:00:00,34.5,,52.0,,보통,41.0
2024-09-11 14:00:00,33.9,,51.0,,보통,34.0
2024-09-11 15:00:00,32.8,0.0,58.0,,보통,40.0
2024-09-11 16:00:00,31.6,0.0,64.0,,보통,36.0
2024-09-11 17:00:00,29.7,,71.0,,보통,36.0
2024-09-11 18:00:00,29.1,,73.0,,보통,40.0
2024-09-11 19:00:00,28.8,,75.0,,보통,46.0
2024-09-11 20:00:00,28.5,,77.0,,보통,41.0
2024-09-11 21:00:00,28.3,,79.0,,보통,49.0
2024-09-11 22:00:00,28.4,,78.0,,보통,38.0
2024-09-11 23:00:00,27.9,0.0,80.0,,보통,31.0
2024-09-12 00:00:00,27.1,0.4,85.0,,좋음,28.0
2024-09-12 01:00:00,26.7,0.1,88.0,,좋음,25.0
2024-09-12 02:00:00,26.2,4.9,91.0,,좋음,27.0
2024-09-12 03:00:00,26.0,1.2,92.0,,좋음,23.0
2024-09-12 04:00:00,26.0,1.2,93.0,,좋음,11.0
2024-09-12 05:00:00,25.8,1.9,93.0,,좋음,13.0
2024-09-12 06:00:00,25.3,7.8,94.0,,좋음,19.0
2024-09-12 07:00:00,25.3,7.0,94.0,,좋음,20.0
2024-09-12 08:00:00,25.4,1.8,94.0,,좋음,17.0
2024-09-12 09:00:00,25.5,0.3,93.0,,좋음,22.0
2024-09-12 10:00:00,25.4,0.2,92.0,,좋음,19.0
2024-09-12 11:00:00,25.6,0.2,93.0,,좋음,16.0
2024-09-12 12:00:00,26.0,0.0,90.0,,좋음,13.0
2024-09-12 13:00:00,26.3,0.0,88.0,,좋음,18.0
2024-09-12 14:00:00,26.0,0.7,89.0,,좋음,15.0
2024-09-12 15:00:00,25.5,3.2,91.0,,좋음,15.0
2024-09-12 16:00:00,25.3,2.0,92.0,,좋음,12.0
2024-09-12 17:00:00,25.3,0.1,91.0,,좋음,18.0
2024-09-12 18:00:00,25.2,0.1,91.0,,좋음,13.0
2024-09-12 19:00:00,25.1,0.0,91.0,,좋음,17.0
2024-09-12 20:00:00,25.0,0.0,91.0,,좋음,14.0
2024-09-12 21:00:00,24.9,0.0,91.0,,좋음,20.0
2024-09-12 22:00:00,24.8,,90.0,,좋음,18.0
2024-09-12 23:00:00,24.8,0.0,90.0,,좋음,22.0
2024-09-13 00:00:00,24.8,0.0,90.0,,좋음,17.0
2024-09-13 01:00:00,24.6,,91.0,,좋음,22.0
2024-09-13 02:00:00,24.5,0.2,92.0,,좋음,14.0
2024-09-13 03:00:00,24.3,0.2,92.0,,좋음,17.0
2024-09-13 04:00:00,24.3,0.0,93.0,,좋음,10.0
2024-09-13 05:00:00,24.2,0.2,94.0,,좋음,12.0
2024-09-13 06:00:00,24.2,0.0,94.0,,좋음,15.0
2024-09-13 07:00:00,24.4,0.0,95.0,,좋음,15.0
2024-09-13 08:00:00,25.0,0.0,94.0,,좋음,18.0
2024-09-13 09:00:00,25.7,,92.0,,좋음,16.0
2024-09-13 10:00:00,26.7,,88.0,,좋음,20.0
2024-09-13 11:00:00,27.3,0.0,85.0,,좋음,26.0
2024-09-13 12:00:00,27.5,0.3,87.0,,좋음,27.0
2024-09-13 13:00:00,27.9,0.0,83.0,,보통,33.0
2024-09-13 14:00:00,27.3,0.5,86.0,,보통,32.0
2024-09-13 15:00:00,26.9,0.6,89.0,,좋음,26.0
2024-09-13 16:00:00,26.1,2.5,90.0,,좋음,24.0
2024-09-13 17:00:00,26.4,0.4,91.0,,좋음,26.0
2024-09-13 18:00:00,26.7,0.0,91.0,,좋음,25.0
2024-09-13 19:00:00,26.6,0.2,90.0,,좋음,27.0
2024-09-13 20:00:00,26.2,0.0,90.0,,좋음,15.0
2024-09-13 21:00:00,26.1,0.3,92.0,,좋음,17.0
2024-09-13 22:00:00,26.0,1.8,94.0,,좋음,16.0
2024-09-13 23:00:00,26.1,0.3,95.0,,좋음,20.0
2024-09-14 00:00:00,26.1,0.1,94.0,,좋음,19.0
2024-09-14 01:00:00,26.1,0.0,94.0,,좋음,19.0
2024-09-14 02:00:00,26.0,,93.0,,좋음,17.0
2024-09-14 03:00:00,25.8,,92.0,,좋음,18.0
2024-09-14 04:00:00,25.5,,92.0,,좋음,14.0
2024-09-14 05:00:00,25.5,,92.0,,좋음,13.0
2024-09-14 06:00:00,25.3,,92.0,,좋음,11.0
2024-09-14 07:00:00,25.2,,92.0,,좋음,14.0
2024-09-14 08:00:00,25.5,,92.0,,좋음,16.0
2024-09-14 09:00:00,27.1,,88.0,,좋음,24.0
2024-09-14 10:00:00,27.9,,84.0,,좋음,19.0
2024-09-14 11:00:00,29.4,,74.0,,좋음,15.0
2024-09-14 12:00:00,29.9,,70.0,,좋음,13.0
2024-09-14 13:00:00,29.1,,72.0,,좋음,17.0
2024-09-14 14:00:00,30.2,,70.0,,좋음,14.0
2024-09-14 15:00:00,31.3,,63.0,,좋음,14.0
2024-09-14 16:00:00,31.7,,60.0,,좋음,12.0
2024-09-14 17:00:00,31.1,,62.0,,좋음,19.0
2024-09-14 18:00:00,30.3,,69.0,,좋음,14.0
2024-09-14 19:00:00,29.0,,73.0,,좋음,12.0
2024-09-14 20:00:00,28.1,,77.0,,좋음,10.0
2024-09-14 21:00:00,27.6,,82.0,,좋음,15.0
2024-09-14 22:00:00,27.2,,83.0,,좋음,12.0
2024-09-14 23:00:00,26.9,,83.0,,좋음,11.0
2024-09-15 00:00:00,26.5,,86.0,,좋음,14.0
2024-09-15 01:00:00,26.2,,87.0,,좋음,16.0
2024-09-15 02:00:00,26.0,,87.0,,좋음,16.0
2024-09-15 03:00:00,25.7,,88.0,,좋음,21.0
2024-09-15 04:00:00,25.4,,89.0,,좋음,18.0
2024-09-15 05:00:00,25.3,,90.0,,좋음,19.0
2024-09-15 06:00:00,25.0,,91.0,,좋음,21.0
2024-09-15 07:00:00,25.1,,92.0,,좋음,22.0
2024-09-15 08:00:00,26.3,,90.0,,좋음,21.0
2024-09-15 09:00:00,27.3,,84.0,,좋음,20.0
2024-09-15 10:00:00,28.8,,79.0,,좋음,22.0
2024-09-15 11:00:00,29.4,,75.0,,좋음,29.0
2024-09-15 12:00:00,30.7,,68.0,,좋음,24.0
2024-09-15 13:00:00,31.1,,65.0,,좋음,24.0
2024-09-15 14:00:00,32.0,,62.0,,좋음,22.0
2024-09-15 15:00:00,32.1,,62.0,,좋음,20.0
2024-09-15 16:00:00,31.8,,60.0,,좋음,18.0
2024-09-15 17:00:00,30.8,,60.0,,좋음,18.0
2024-09-15 18:00:00,28.9,,62.0,,좋음,10.0
2024-09-15 19:00:00,27.7,,64.0,,좋음,6.0
2024-09-15 20:00:00,26.6,,65.0,,좋음,9.0
2024-09-15 21:00:00,25.8,,66.0,,좋음,10.0
2024-09-15 22:00:00,25.1,,67.0,,좋음,19.0
2024-09-15 23:00:00,24.6,,68.0,,좋음,15.0
2024-09-16 00:00:00,24.2,,68.0,,좋음,8.0
2024-09-16 01:00:00,23.8,,69.0,,좋음,10.0
2024-09-16 02:00:00,23.6,,70.0,,좋음,10.0
2024-09-16 03:00:00,23.5,,70.0,,좋음,10.0
2024-09-16 04:00:00,23.6,,71.0,,좋음,14.0
2024-09-16 05:00:00,23.6,,70.0,,좋음,22.0
2024-09-16 06:00:00,22.0,6.4,87.0,,좋음,13.0
2024-09-16 07:00:00,21.4,1.6,91.0,,좋음,29.0
2024-09-16 08:00:00,21.5,1.5,91.0,,좋음,8.0
2024-09-16 09:00:00,22.6,0.0,90.0,,좋음,7.0
2024-09-16 10:00:00,23.3,,84.0,,좋음,10.0
2024-09-16 11:00:00,26.1,,72.0,,좋음,12.0
2024-09-16 12:00:00,27.8,,68.0,,좋음,8.0
2024-09-16 13:00:00,28.8,,65.0,,좋음,9.0
2024-09-16 14:00:00,31.1,,61.0,,좋음,14.0
2024-09-16 15:00:00,32.2,,60.0,,좋음,14.0
2024-09-16 16:00:00,31.7,,61.0,,좋음,17.0
2024-09-16 17:00:00,31.5,,63.0,,좋음,14.0
2024-09-16 18:00:00,30.6,,65.0,,좋음,14.0
2024-09-16 19:00:00,29.4,,70.0,,좋음,10.0
2024-09-16 20:00:00,28.8,,72.0,,좋음,13.0
2024-09-16 21:00:00,28.3,,74.0,,좋음,14.0
2024-09-16 22:00:00,28.1,,76.0,,좋음,17.0
2024-09-16 23:00:00,27.8,,77.0,,좋음,18.0
2024-09-17 00:00:00,27.6,,78.0,,좋음,12.0
2024-09-17 01:00:00,27.3,,79.0,,좋음,16.0
2024-09-17 02:00:00,26.9,,81.0,,좋음,17.0
2024-09-17 03:00:00,26.7,,82.0,,좋음,13.0
2024-09-17 04:00:00,26.3,,83.0,,좋음,13.0
2024-09-17 05:00:00,26.1,,85.0,,좋음,15.0
2024-09-17 06:00:00,25.8,,85.0,,좋음,14.0
2024-09-17 07:00:00,25.9,,86.0,,좋음,17.0
2024-09-17 08:00:00,26.3,,85.0,,좋음,15.0
2024-09-17 09:00:00,27.0,,83.0,,좋음,13.0
2024-09-17 10:00:00,28.2,,80.0,,좋음,15.0
2024-09-17 11:00:00,29.7,,73.0,,좋음,15.0
2024-09-17 12:00:00,31.7,,66.0,,좋음,15.0
2024-09-17 13:00:00,32.4,,63.0,,좋음,13.0
2024-09-17 14:00:00,33.1,,61.0,,좋음,16.0
2024-09-17 15:00:00,32.8,,64.0,,좋음,17.0
2024-09-17 16:00:00,32.0,,66.0,,좋음,18.0
2024-09-17 17:00:00,31.3,,68.0,,,
2024-09-17 18:00:00,29.6,,74.0,,좋음,15.0
2024-09-17 19:00:00,28.7,,78.0,,좋음,15.0
2024-09-17 20:00:00,28.3,,80.0,,좋음,13.0
2024-09-17 21:00:00,28.2,,78.0,,좋음,16.0
2024-09-17 22:00:00,27.9,,79.0,,좋음,17.0
2024-09-17 23:00:00,27.5,,82.0,,좋음,21.0
2024-09-18 00:00:00,27.1,,84.0,,좋음,20.0
2024-09-18 01:00:00,26.9,,84.0,,좋음,21.0
2024-09-18 02:00:00,26.8,,87.0,,좋음,20.0
2024-09-18 03:00:00,26.7,,87.0,,좋음,21.0
2024-09-18 04:00:00,26.6,,87.0,,좋음,20.0
2024-09-18 05:00:00,26.5,,88.0,,좋음,22.0
2024-09-18 06:00:00,26.5,,88.0,,좋음,20.0
2024-09-18 07:00:00,26.7,,88.0,,좋음,22.0
2024-09-18 08:00:00,27.3,,87.0,,좋음,22.0
2024-09-18 09:00:00,28.0,,84.0,,좋음,23.0
2024-09-18 10:00:00,30.1,,76.0,,좋음,24.0
2024-09-18 11:00:00,31.5,,69.0,,좋음,29.0
2024-09-18 12:00:00,31.7,,69.0,,좋음,23.0
2024-09-18 13:00:00,32.4,,61.0,,좋음,25.0
2024-09-18 14:00:00,32.8,,63.0,,좋음,29.0
2024-09-18 15:00:00,32.9,,62.0,,좋음,28.0
2024-09-18 16:00:00,33.0,,63.0,,좋음,19.0
2024-09-18 17:00:00,33.1,,62.0,,좋음,19.0
2024-09-18 18:00:00,31.7,,66.0,,좋음,16.0
2024-09-18 19:00:00,30.7,,68.0,,좋음,21.0
2024-09-18 20:00:00,30.2,,71.0,,좋음,19.0
2024-09-18 21:00:00,29.9,,73.0,,좋음,18.0
2024-09-18 22:00:00,29.5,,75.0,,좋음,19.0
2024-09-18 23:00:00,28.4,0.7,83.0,,좋음,17.0
2024-09-19 00:00:00,27.9,,85.0,,좋음,18.0
2024-09-19 01:00:00,27.4,,86.0,,좋음,19.0
2024-09-19 02:00:00,26.8,,86.0,,좋음,13.0
2024-09-19 03:00:00,26.3,,87.0,,좋음,9.0
2024-09-19 04:00:00,26.1,,88.0,,좋음,11.0
2024-09-19 05:00:00,25.9,,88.0,,좋음,13.0
2024-09-19 06:00:00,25.8,,88.0,,좋음,16.0
2024-09-19 07:00:00,25.7,,87.0,,좋음,18.0
2024-09-19 08:00:00,26.2,,87.0,,좋음,14.0
2024-09-19 09:00:00,27.2,,83.0,,좋음,20.0
2024-09-19 10:00:00,28.1,,79.0,,좋음,19.0
2024-09-19 11:00:00,29.5,,75.0,,좋음,29.0
2024-09-19 12:00:00,31.1,,71.0,,좋음,26.0
2024-09-19 13:00:00,31.3,,69.0,,좋음,26.0
2024-09-19 14:00:00,31.7,,67.0,,좋음,25.0
2024-09-19 15:00:00,32.3,,65.0,,보통,38.0
2024-09-19 16:00:00,31.9,,66.0,,좋음,28.0
2024-09-19 17:00:00,31.9,,65.0,,좋음,22.0
2024-09-19 18:00:00,31.5,,67.0,,좋음,24.0
2024-09-19 19:00:00,30.6,,71.0,,좋음,26.0
2024-09-19 20:00:00,30.1,,74.0,,좋음,30.0
2024-09-19 21:00:00,29.6,,77.0,,좋음,30.0
2024-09-19 22:00:00,29.4,,79.0,,보통,35.0
2024-09-19 23:00:00,29.1,,80.0,,보통,31.0
2024-09-20 00:00:00,28.7,,81.0,,보통,33.0
2024-09-20 01:00:00,28.5,,82.0,,보통,33.0
2024-09-20 02:00:00,28.2,,83.0,,보통,34.0
2024-09-20 03:00:00,28.2,0.0,84.0,,보통,33.0
2024-09-20 04:00:00,26.0,5.1,90.0,,좋음,23.0
2024-09-20 05:00:00,25.8,2.0,91.0,,좋음,17.0
2024-09-20 06:00:00,25.5,0.3,92.0,,좋음,14.0
2024-09-20 07:00:00,25.6,0.1,93.0,,좋음,18.0
2024-09-20 08:00:00,25.8,,91.0,,좋음,15.0
2024-09-20 09:00:00,26.3,,90.0,,좋음,19.0
2024-09-20 10:00:00,27.2,,87.0,,좋음,23.0
2024-09-20 11:00:00,27.1,1.5,88.0,,좋음,23.0
2024-09-20 12:00:00,27.3,0.4,88.0,,좋음,22.0
2024-09-20 13:00:00,27.8,,82.0,,좋음,11.0
2024-09-20 14:00:00,26.9,0.5,86.0,,좋음,11.0
2024-09-20 15:00:00,26.0,3.4,92.0,,좋음,14.0
2024-09-20 16:00:00,25.8,4.7,92.0,,좋음,10.0
2024-09-20 17:00:00,25.8,4.0,94.0,,좋음,10.0
2024-09-20 18:00:00,25.8,4.6,95.0,,좋음,12.0
2024-09-20 19:00:00,26.0,3.2,94.0,,좋음,12.0
2024-09-20 20:00:00,25.9,2.7,95.0,,좋음,12.0
2024-09-20 21:00:00,23.3,0.3,82.0,,좋음,12.0
2024-09-20 22:00:00,20.2,1.9,91.0,,좋음,8.0
2024-09-20 23:00:00,18.6,14.4,95.0,,좋음,11.0
2024-09-21 00:00:00,17.9,5.4,95.0,,좋음,15.0
2024-09-21 01:00:00,17.8,0.1,92.0,,좋음,21.0
2024-09-21 02:00:00,17.6,1.0,94.0,,좋음,11.0
2024-09-21 03:00:00,17.4,1.5,93.0,,좋음,9.0
2024-09-21 04:00:00,17.7,0.0,90.0,,좋음,5.0
2024-09-21 05:00:00,17.4,2.1,95.0,,좋음,7.0
2024-09-21 06:00:00,17.3,1.7,97.0,,좋음,5.0
2024-09-21 07:00:00,17.2,6.5,98.0,,좋음,7.0
2024-09-21 08:00:00,17.1,6.0,98.0,,좋음,5.0
2024-09-21 09:00:00,17.2,7.5,98.0,,좋음,6.0
2024-09-21 10:00:00,17.8,0.6,94.0,,좋음,6.0
2024-09-21 11:00:00,18.6,0.0,88.0,,좋음,8.0
2024-09-21 12:00:00,20.2,,80.0,,좋음,6.0
2024-09-21 13:00:00,21.1,,74.0,,좋음,9.0
2024-09-21 14:00:00,21.6,,74.0,,좋음,9.0
2024-09-21 15:00:00,21.7,,74.0,,좋음,7.0
2024-09-21 16:00:00,21.9,,72.0,,좋음,7.0
2024-09-21 17:00:00,21.8,,72.0,,좋음,7.0
2024-09-21 18:00:00,21.5,,72.0,,좋음,7.0
2024-09-21 19:00:00,20.7,,72.0,,좋음,13.0
2024-09-21 20:00:00,20.3,,72.0,,좋음,10.0
2024-09-21 21:00:00,20.0,,71.0,,좋음,7.0
2024-09-21 22:00:00,19.7,,71.0,,좋음,9.0
2024-09-21 23:00:00,19.2,,72.0,,좋음,11.0
2024-09-22 00:00:00,18.8,,73.0,,좋음,9.0
2024-09-22 01:00:00,18.3,,76.0,,좋음,7.0
2024-09-22 02:00:00,17.9,,78.0,,좋음,7.0
2024-09-22 03:00:00,17.8,,79.0,,좋음,5.0
2024-09-22 04:00:00,17.3,,80.0,,좋음,5.0
2024-09-22 05:00:00,17.1,,82.0,,좋음,5.0
2024-09-22 06:00:00,17.1,,83.0,,좋음,5.0
2024-09-22 07:00:00,17.2,,84.0,,좋음,8.0
2024-09-22 08:00:00,18.4,,80.0,,좋음,6.0
2024-09-22 09:00:00,20.5,,72.0,,좋음,5.0
2024-09-22 10:00:00,21.9,,67.0,,좋음,6.0
2024-09-22 11:00:00,23.5,,62.0,,좋음,7.0
2024-09-22 12:00:00,23.9,,60.0,,좋음,5.0
2024-09-22 13:00:00,25.1,,57.0,,좋음,5.0
2024-09-22 14:00:00,25.6,,54.0,,좋음,5.0
2024-09-22 15:00:00,26.1,,54.0,,좋음,5.0
2024-09-22 16:00:00,26.2,,57.0,,좋음,7.0
2024-09-22 17:00:00,25.6,,57.0,,좋음,7.0
2024-09-22 18:00:00,23.6,,58.0,,좋음,7.0
2024-09-22 19:00:00,22.2,,65.0,,좋음,7.0
2024-09-22 20:00:00,21.1,,66.0,,좋음,8.0
2024-09-22 21:00:00,20.5,,65.0,,좋음,5.0
2024-09-22 22:00:00,19.9,,66.0,,좋음,6.0
2024-09-22 23:00:00,19.5,,67.0,,좋음,5.0
2024-09-23 00:00:00,18.8,,68.0,,좋음,5.0
2024-09-23 01:00:00,18.3,,68.0,,좋음,5.0
2024-09-23 02:00:00,17.9,,70.0,,좋음,5.0
2024-09-23 03:00:00,17.6,,68.0,,좋음,6.0
2024-09-23 04:00:00,17.2,,69.0,,좋음,5.0
2024-09-23 05:00:00,16.8,,71.0,,좋음,8.0
2024-09-23 06:00:00,16.7,,71.0,,좋음,10.0
2024-09-23 07:00:00,16.7,,72.0,,좋음,13.0
2024-09-23 08:00:00,18.2,,65.0,,좋음,12.0
2024-09-23 09:00:00,19.9,,59.0,,좋음,15.0
2024-09-23 10:00:00,21.3,,56.0,,좋음,14.0
2024-09-23 11:00:00,22.7,,55.0,,좋음,16.0
2024-09-23 12:00:00,23.9,,51.0,,좋음,18.0
2024-09-23 13:00:00,24.5,,48.0,,좋음,21.0
2024-09-23 14:00:00,25.2,,48.0,,좋음,12.0
2024-09-23 15:00:00,25.9,,45.0,,좋음,14.0
2024-09-23 16:00:00,25.9,,44.0,,좋음,14.0
2024-09-23 17:00:00,25.3,,43.0,,좋음,18.0
2024-09-23 18:00:00,24.0,,47.0,,좋음,16.0
2024-09-23 19:00:00,22.2,,53.0,,좋음,15.0
2024-09-23 20:00:00,21.0,,57.0,,좋음,9.0
2024-09-23 21:00:00,20.2,,60.0,,좋음,15.0
2024-09-23 22:00:00,19.5,,62.0,,좋음,15.0
2024-09-23 23:00:00,18.8,,64.0,,좋음,16.0
2024-09-24 00:00:00,18.5,,65.0,,좋음,14.0
2024-09-24 01:00:00,18.0,,66.0,,좋음,14.0
2024-09-24 02:00:00,17.5,,69.0,,좋음,12.0
2024-09-24 03:00:00,16.9,,71.0,,좋음,14.0
2024-09-24 04:00:00,16.5,,72.0,,좋음,14.0
2024-09-24 05:00:00,16.1,,74.0,,좋음,14.0
2024-09-24 06:00:00,15.8,,75.0,,좋음,15.0
2024-09-24 07:00:00,15.7,,75.0,,좋음,18.0
2024-09-24 08:00:00,17.4,,70.0,,좋음,19.0
2024-09-24 09:00:00,19.4,,62.0,,좋음,18.0
2024-09-24 10:00:00,21.2,,57.0,,좋음,19.0
2024-09-24 11:00:00,22.9,,53.0,,좋음,20.0
2024-09-24 12:00:00,23.9,,48.0,,좋음,17.0
2024-09-24 13:00:00,25.0,,44.0,,좋음,16.0
2024-09-24 14:00:00,25.7,,42.0,,좋음,15.0
2024-09-24 15:00:00,26.6,,43.0,,좋음,19.0
2024-09-24 16:00:00,26.5,,41.0,,좋음,18.0
2024-09-24 17:00:00,26.3,,40.0,,좋음,20.0
2024-09-24 18:00:00,24.9,,44.0,,좋음,19.0
2024-09-24 19:00:00,23.3,,50.0,,좋음,19.0
2024-09-24 20:00:00,22.2,,52.0,,좋음,15.0
2024-09-24 21:00:00,21.1,,55.0,,좋음,22.0
2024-09-24 22:00:00,20.3,,59.0,,좋음,22.0
2024-09-24 23:00:00,19.8,,62.0,,좋음,23.0
2024-09-25 00:00:00,19.3,,65.0,,좋음,21.0
2024-09-25 01:00:00,19.1,,67.0,,좋음,19.0
2024-09-25 02:00:00,19.0,,68.0,,좋음,21.0
2024-09-25 03:00:00,18.7,,71.0,,좋음,18.0
2024-09-25 04:00:00,18.9,,71.0,,좋음,16.0
2024-09-25 05:00:00,19.1,,71.0,,좋음,16.0
2024-09-25 06:00:00,19.2,,73.0,,좋음,19.0
2024-09-25 07:00:00,19.2,,74.0,,좋음,18.0
2024-09-25 08:00:00,20.5,,73.0,,좋음,22.0
2024-09-25 09:00:00,22.0,,69.0,,좋음,22.0
2024-09-25 10:00:00,22.8,,69.0,,좋음,21.0
2024-09-25 11:00:00,24.1,,67.0,,좋음,22.0
2024-09-25 12:00:00,26.2,,61.0,,,
2024-09-25 13:00:00,26.8,,57.0,,,
2024-09-25 14:00:00,26.3,,58.0,,좋음,19.0
2024-09-25 15:00:00,26.7,,57.0,,좋음,20.0
2024-09-25 16:00:00,27.0,,56.0,,좋음,22.0
2024-09-25 17:00:00,27.0,,56.0,,좋음,27.0
2024-09-25 18:00:00,26.2,,57.0,,좋음,21.0
2024-09-25 19:00:00,25.1,,62.0,,좋음,17.0
2024-09-25 20:00:00,24.4,,65.0,,좋음,22.0
2024-09-25 21:00:00,24.0,,66.0,,좋음,24.0
2024-09-25 22:00:00,23.8,,67.0,,좋음,25.0
2024-09-25 23:00:00,23.5,0.0,70.0,,좋음,26.0
2024-09-26 00:00:00,23.1,0.0,71.0,,좋음,22.0
2024-09-26 01:00:00,22.6,0.1,75.0,,좋음,18.0
2024-09-26 02:00:00,22.2,,77.0,,좋음,15.0
2024-09-26 03:00:00,21.9,,78.0,,좋음,22.0
2024-09-26 04:00:00,21.9,,79.0,,좋음,24.0
2024-09-26 05:00:00,21.7,0.0,82.0,,보통,31.0
2024-09-26 06:00:00,21.4,1.0,85.0,,보통,40.0
2024-09-26 07:00:00,21.2,0.1,86.0,,좋음,28.0
2024-09-26 08:00:00,21.5,0.0,87.0,,좋음,28.0
2024-09-26 09:00:00,22.0,,86.0,,좋음,24.0
2024-09-26 10:00:00,24.0,,78.0,,좋음,24.0
2024-09-26 11:00:00,24.9,,73.0,,좋음,27.0
2024-09-26 12:00:00,25.7,,67.0,,좋음,30.0
2024-09-26 13:00:00,26.2,,63.0,,좋음,29.0
2024-09-26 14:00:00,27.2,,62.0,,좋음,27.0
2024-09-26 15:00:00,27.9,,58.0,,좋음,30.0
2024-09-26 16:00:00,27.0,,61.0,,보통,33.0
2024-09-26 17:00:00,26.7,,61.0,,좋음,30.0
2024-09-26 18:00:00,25.4,,68.0,,좋음,17.0
2024-09-26 19:00:00,24.2,,71.0,,좋음,13.0
2024-09-26 20:00:00,23.4,,74.0,,좋음,13.0
2024-09-26 21:00:00,22.7,,76.0,,좋음,18.0
2024-09-26 22:00:00,22.3,,80.0,,좋음,19.0
2024-09-26 23:00:00,21.9,,82.0,,좋음,19.0
2024-09-27 00:00:00,21.5,,83.0,,좋음,23.0
2024-09-27 01:00:00,21.2,,86.0,,좋음,23.0
2024-09-27 02:00:00,20.9,,87.0,,좋음,30.0
2024-09-27 03:00:00,20.3,,87.0,,좋음,26.0
2024-09-27 04:00:00,20.0,,89.0,,좋음,29.0
2024-09-27 05:00:00,19.7,,89.0,,보통,38.0
2024-09-27 06:00:00,19.3,,90.0,,보통,32.0
2024-09-27 07:00:00,19.2,,89.0,,보통,31.0
2024-09-27 08:00:00,20.1,,89.0,,좋음,25.0
2024-09-27 09:00:00,21.6,,82.0,,좋음,24.0
2024-09-27 10:00:00,22.8,,77.0,,좋음,21.0
2024-09-27 11:00:00,23.4,,72.0,,좋음,23.0
2024-09-27 12:00:00,24.8,,71.0,,좋음,22.0
2024-09-27 13:00:00,26.3,,62.0,,좋음,21.0
2024-09-27 14:00:00,26.7,,61.0,,좋음,20.0
2024-09-27 15:00:00,27.6,,55.0,,좋음,16.0
2024-09-27 16:00:00,27.9,,52.0,,좋음,21.0
2024-09-27 17:00:00,27.3,,53.0,,좋음,23.0
2024-09-27 18:00:00,25.6,,59.0,,좋음,23.0
2024-09-27 19:00:00,23.9,,65.0,,좋음,23.0
2024-09-27 20:00:00,22.8,,67.0,,좋음,16.0
2024-09-27 21:00:00,22.0,,68.0,,좋음,11.0
2024-09-27 22:00:00,21.4,,69.0,,좋음,9.0
2024-09-27 23:00:00,20.9,,70.0,,좋음,14.0
2024-09-28 00:00:00,20.7,,70.0,,좋음,12.0
2024-09-28 01:00:00,20.6,,70.0,,좋음,17.0
2024-09-28 02:00:00,20.3,,71.0,,좋음,12.0
2024-09-28 03:00:00,20.2,,70.0,,좋음,13.0
2024-09-28 04:00:00,19.9,,70.0,,좋음,13.0
2024-09-28 05:00:00,20.0,,68.0,,좋음,14.0
2024-09-28 06:00:00,19.3,,71.0,,좋음,16.0
2024-09-28 07:00:00,19.4,,69.0,,좋음,17.0
2024-09-28 08:00:00,20.7,,66.0,,좋음,15.0
2024-09-28 09:00:00,22.3,,55.0,,좋음,19.0
2024-09-28 10:00:00,23.8,,53.0,,좋음,17.0
2024-09-28 11:00:00,25.2,,52.0,,좋음,21.0
2024-09-28 12:00:00,26.1,,51.0,,좋음,16.0
2024-09-28 13:00:00,27.1,,51.0,,좋음,13.0
2024-09-28 14:00:00,27.9,,50.0,,좋음,17.0
2024-09-28 15:00:00,27.0,,51.0,,좋음,19.0
2024-09-28 16:00:00,27.3,,51.0,,좋음,18.0
2024-09-28 17:00:00,26.8,,53.0,,좋음,18.0
2024-09-28 18:00:00,25.8,,55.0,,좋음,18.0
2024-09-28 19:00:00,24.6,,58.0,,좋음,18.0
2024-09-28 20:00:00,23.8,,58.0,,좋음,17.0
2024-09-28 21:00:00,23.2,,58.0,,좋음,19.0
2024-09-28 22:00:00,22.4,,59.0,,좋음,16.0
2024-09-28 23:00:00,21.8,,61.0,,좋음,16.0
2024-09-29 00:00:00,21.3,,63.0,,좋음,16.0
2024-09-29 01:00:00,20.9,,64.0,,좋음,12.0
2024-09-29 02:00:00,20.5,,64.0,,좋음,14.0
2024-09-29 03:00:00,20.2,,66.0,,좋음,9.0
2024-09-29 04:00:00,19.6,,68.0,,좋음,11.0
2024-09-29 05:00:00,19.4,,68.0,,좋음,14.0
2024-09-29 06:00:00,19.3,,68.0,,좋음,11.0
2024-09-29 07:00:00,19.2,,68.0,,좋음,12.0
2024-09-29 08:00:00,19.7,,69.0,,좋음,13.0
2024-09-29 09:00:00,21.2,,66.0,,좋음,15.0
2024-09-29 10:00:00,23.6,,61.0,,좋음,13.0
2024-09-29 11:00:00,25.0,,57.0,,좋음,12.0
2024-09-29 12:00:00,26.8,,56.0,,좋음,11.0
2024-09-29 13:00:00,27.6,,53.0,,좋음,15.0
2024-09-29 14:00:00,28.5,,50.0,,좋음,10.0
2024-09-29 15:00:00,28.9,,48.0,,좋음,11.0
2024-09-29 16:00:00,27.8,,49.0,,좋음,10.0
2024-09-29 17:00:00,27.3,,54.0,,좋음,8.0
2024-09-29 18:00:00,26.3,,57.0,,좋음,10.0
2024-09-29 19:00:00,25.3,,59.0,,좋음,12.0
2024-09-29 20:00:00,24.5,,61.0,,좋음,13.0
2024-09-29 21:00:00,23.5,,63.0,,좋음,14.0
2024-09-29 22:00:00,22.8,,65.0,,좋음,9.0
2024-09-29 23:00:00,22.1,,67.0,,좋음,11.0
2024-09-30 00:00:00,21.6,,68.0,,좋음,9.0
2024-09-30 01:00:00,21.0,,70.0,,좋음,10.0
2024-09-30 02:00:00,20.4,,71.0,,좋음,9.0
2024-09-30 03:00:00,19.8,,73.0,,좋음,9.0
2024-09-30 04:00:00,19.3,,74.0,,좋음,10.0
2024-09-30 05:00:00,18.9,,75.0,,좋음,12.0
2024-09-30 06:00:00,18.5,,75.0,,좋음,13.0
2024-09-30 07:00:00,18.5,,75.0,,좋음,16.0
2024-09-30 08:00:00,19.8,,70.0,,좋음,15.0
2024-09-30 09:00:00,21.7,,63.0,,좋음,15.0
2024-09-30 10:00:00,23.5,,56.0,,좋음,14.0
2024-09-30 11:00:00,24.5,,55.0,,좋음,16.0
2024-09-30 12:00:00,26.5,,48.0,,좋음,18.0
2024-09-30 13:00:00,27.9,,45.0,,좋음,18.0
2024-09-30 14:00:00,27.2,,48.0,,좋음,18.0
2024-09-30 15:00:00,28.1,,49.0,,좋음,19.0
2024-09-30 16:00:00,28.1,,48.0,,좋음,19.0
2024-09-30 17:00:00,26.3,,53.0,,좋음,27.0
2024-09-30 18:00:00,24.6,,58.0,,좋음,22.0
2024-09-30 19:00:00,23.6,,60.0,,좋음,17.0
2024-09-30 20:00:00,23.1,,63.0,,좋음,21.0
2024-09-30 21:00:00,22.6,,66.0,,좋음,25.0
2024-09-30 22:00:00,22.1,,69.0,,좋음,25.0
2024-09-30 23:00:00,21.8,,70.0,,좋음,27.0
2024-10-01 00:00:00,21.8,,72.0,,좋음,24.0
2024-10-01 01:00:00,21.6,,74.0,,좋음,21.0
2024-10-01 02:00:00,21.3,,75.0,,좋음,19.0
2024-10-01 03:00:00,21.0,,77.0,,좋음,14.0
2024-10-01 04:00:00,21.2,,76.0,,좋음,18.0
2024-10-01 05:00:00,21.0,,78.0,,좋음,17.0
2024-10-01 06:00:00,20.7,1.6,88.0,,좋음,18.0
2024-10-01 07:00:00,20.5,0.5,87.0,,좋음,19.0
2024-10-01 08:00:00,20.6,0.1,89.0,,좋음,25.0
2024-10-01 09:00:00,20.5,0.0,88.0,,좋음,27.0
2024-10-01 10:00:00,18.6,0.3,85.0,,좋음,22.0
2024-10-01 11:00:00,18.7,,79.0,,좋음,13.0
2024-10-01 12:00:00,18.8,,69.0,,좋음,10.0
2024-10-01 13:00:00,18.6,0.0,66.0,,좋음,19.0
2024-10-01 14:00:00,19.2,0.0,64.0,,좋음,12.0
2024-10-01 15:00:00,19.0,,54.0,,좋음,12.0
2024-10-01 16:00:00,19.6,,55.0,,좋음,14.0
2024-10-01 17:00:00,19.6,,43.0,,좋음,17.0
2024-10-01 18:00:00,18.3,,41.0,,좋음,17.0
2024-10-01 19:00:00,17.0,,45.0,,좋음,22.0
2024-10-01 20:00:00,15.9,,52.0,,좋음,16.0
2024-10-01 21:00:00,15.1,,57.0,,좋음,18.0
2024-10-01 22:00:00,14.4,,62.0,,좋음,18.0
2024-10-01 23:00:00,14.0,,64.0,,좋음,18.0
2024-10-02 00:00:00,13.3,,66.0,,좋음,15.0
2024-10-02 01:00:00,12.8,,72.0,,좋음,14.0
2024-10-02 02:00:00,12.5,,74.0,,좋음,14.0
2024-10-02 03:00:00,12.6,,74.0,,좋음,17.0
2024-10-02 04:00:00,12.3,,74.0,,좋음,16.0
2024-10-02 05:00:00,12.3,,69.0,,좋음,16.0
2024-10-02 06:00:00,12.1,,58.0,,좋음,19.0
2024-10-02 07:00:00,11.7,,56.0,,좋음,17.0
2024-10-02 08:00:00,11.7,,60.0,,좋음,15.0
2024-10-02 09:00:00,13.2,,54.0,,좋음,19.0
2024-10-02 10:00:00,14.6,,52.0,,좋음,16.0
2024-10-02 11:00:00,16.2,,47.0,,좋음,19.0
2024-10-02 12:00:00,17.2,,42.0,,좋음,18.0
2024-10-02 13:00:00,18.1,,38.0,,좋음,17.0
2024-10-02 14:00:00,18.7,,34.0,,좋음,17.0
2024-10-02 15:00:00,19.2,,33.0,,,
2024-10-02 16:00:00,19.3,,33.0,,,
2024-10-02 17:00:00,18.9,,35.0,,,
2024-10-02 18:00:00,17.1,,37.0,,좋음,20.0
2024-10-02 19:00:00,16.3,,39.0,,좋음,21.0
2024-10-02 20:00:00,15.7,,37.0,,좋음,21.0
2024-10-02 21:00:00,14.9,,39.0,,좋음,21.0
2024-10-02 22:00:00,14.0,,42.0,,좋음,23.0
2024-10-02 23:00:00,12.9,,48.0,,좋음,25.0
2024-10-03 00:00:00,12.6,,53.0,,좋음,23.0
2024-10-03 01:00:00,11.6,,55.0,,좋음,25.0
2024-10-03 02:00:00,11.5,,57.0,,좋음,26.0
2024-10-03 03:00:00,11.1,,60.0,,좋음,26.0
2024-10-03 04:00:00,11.1,,64.0,,좋음,22.0
2024-10-03 05:00:00,10.9,,68.0,,좋음,21.0
2024-10-03 06:00:00,10.9,,72.0,,좋음,20.0
2024-10-03 07:00:00,10.9,,73.0,,좋음,20.0
2024-10-03 08:00:00,12.5,,72.0,,좋음,19.0
2024-10-03 09:00:00,16.1,,62.0,,좋음,18.0
2024-10-03 10:00:00,18.3,,57.0,,좋음,17.0
2024-10-03 11:00:00,20.0,,49.0,,좋음,16.0
2024-10-03 12:00:00,21.1,,46.0,,좋음,15.0
2024-10-03 13:00:00,22.1,,41.0,,좋음,14.0
2024-10-03 14:00:00,21.4,,41.0,,좋음,14.0
2024-10-03 15:00:00,21.2,,41.0,,좋음,13.0
2024-10-03 16:00:00,20.7,,43.0,,좋음,14.0
2024-10-03 17:00:00,20.6,,45.0,,좋음,19.0
2024-10-03 18:00:00,19.5,,51.0,,좋음,19.0
2024-10-03 19:00:00,18.7,,57.0,,좋음,19.0
2024-10-03 20:00:00,17.7,,61.0,,좋음,22.0
2024-10-03 21:00:00,16.6,,67.0,,좋음,23.0
2024-10-03 22:00:00,15.9,,68.0,,좋음,19.0
2024-10-03 23:00:00,15.3,,72.0,,좋음,19.0
2024-10-04 00:00:00,14.6,,73.0,,좋음,19.0
2024-10-04 01:00:00,14.1,,77.0,,좋음,20.0
2024-10-04 02:00:00,13.7,,81.0,,좋음,15.0
2024-10-04 03:00:00,13.3,,81.0,,좋음,12.0
2024-10-04 04:00:00,13.2,,82.0,,좋음,11.0
2024-10-04 05:00:00,12.7,,83.0,,좋음,11.0
2024-10-04 06:00:00,12.3,,84.0,,좋음,19.0
2024-10-04 07:00:00,11.9,,85.0,,좋음,16.0
2024-10-04 08:00:00,13.3,,81.0,,좋음,17.0
2024-10-04 09:00:00,15.9,,69.0,,좋음,16.0
2024-10-04 10:00:00,18.1,,63.0,,좋음,19.0
2024-10-04 11:00:00,20.2,,49.0,,좋음,19.0
2024-10-04 12:00:00,21.3,,45.0,,좋음,16.0
2024-10-04 13:00:00,22.4,,40.0,,좋음,20.0
2024-10-04 14:00:00,23.8,,39.0,,좋음,20.0
2024-10-04 15:00:00,24.0,,36.0,,좋음,24.0
2024-10-04 16:00:00,23.6,,36.0,,좋음,24.0
2024-10-04 17:00:00,23.0,,37.0,,좋음,28.0
2024-10-04 18:00:00,20.8,,42.0,,좋음,27.0
2024-10-04 19:00:00,19.6,,48.0,,좋음,28.0
2024-10-04 20:00:00,18.8,,51.0,,좋음,26.0
2024-10-04 21:00:00,17.6,,57.0,,보통,35.0
2024-10-04 22:00:00,17.6,,58.0,,보통,36.0
2024-10-04 23:00:00,16.5,,61.0,,좋음,30.0
2024-10-05 00:00:00,15.7,,66.0,,좋음,27.0
2024-10-05 01:00:00,14.9,,67.0,,좋음,28.0
2024-10-05 02:00:00,14.0,,73.0,,좋음,26.0
2024-10-05 03:00:00,13.3,,75.0,,좋음,28.0
2024-10-05 04:00:00,12.8,,77.0,,좋음,24.0
2024-10-05 05:00:00,12.2,,78.0,,좋음,22.0
2024-10-05 06:00:00,11.7,,81.0,,좋음,22.0
2024-10-05 07:00:00,11.6,,82.0,,좋음,22.0
2024-10-05 08:00:00,12.7,,78.0,,좋음,20.0
2024-10-05 09:00:00,15.7,,67.0,,좋음,22.0
2024-10-05 10:00:00,17.6,,62.0,,좋음,24.0
2024-10-05 11:00:00,20.2,,53.0,,좋음,23.0
2024-10-05 12:00:00,21.6,,45.0,,좋음,22.0
2024-10-05 13:00:00,22.8,,42.0,,좋음,23.0
2024-10-05 14:00:00,23.6,,40.0,,좋음,24.0
2024-10-05 15:00:00,24.0,,41.0,,좋음,24.0
2024-10-05 16:00:00,23.9,,42.0,,좋음,25.0
2024-10-05 17:00:00,22.7,,44.0,,보통,33.0
2024-10-05 18:00:00,20.8,,49.0,,보통,33.0
2024-10-05 19:00:00,19.3,,53.0,,보통,35.0
2024-10-05 20:00:00,17.9,,59.0,,보통,34.0
2024-10-05 21:00:00,17.1,,63.0,,보통,33.0
2024-10-05 22:00:00,16.4,,64.0,,보통,32.0
2024-10-05 23:00:00,15.9,,62.0,,보통,38.0
2024-10-06 00:00:00,15.4,,62.0,,보통,34.0
2024-10-06 01:00:00,14.7,,65.0,,보통,54.0
2024-10-06 02:00:00,13.9,,68.0,,보통,54.0
2024-10-06 03:00:00,13.6,,69.0,,보통,39.0
2024-10-06 04:00:00,13.1,,72.0,,좋음,28.0
2024-10-06 05:00:00,12.5,,74.0,,좋음,28.0
2024-10-06 06:00:00,12.4,,76.0,,좋음,25.0
2024-10-06 07:00:00,12.7,,77.0,,좋음,20.0
2024-10-06 08:00:00,13.6,,75.0,,좋음,21.0
2024-10-06 09:00:00,14.6,,75.0,,좋음,20.0
2024-10-06 10:00:00,15.4,,72.0,,좋음,18.0
2024-10-06 11:00:00,16.2,,70.0,,좋음,20.0
2024-10-06 12:00:00,16.6,,69.0,,좋음,23.0
2024-10-06 13:00:00,16.9,,69.0,,좋음,25.0
2024-10-06 14:00:00,17.4,0.0,69.0,,좋음,24.0
2024-10-06 15:00:00,17.9,0.0,68.0,,좋음,28.0
2024-10-06 16:00:00,17.3,0.0,76.0,,좋음,29.0
2024-10-06 17:00:00,16.9,0.0,74.0,,보통,35.0
2024-10-06 18:00:00,16.9,,77.0,,보통,35.0
2024-10-06 19:00:00,16.6,,78.0,,보통,32.0
2024-10-06 20:00:00,16.6,,79.0,,좋음,30.0
2024-10-06 21:00:00,16.4,,78.0,,보통,31.0
2024-10-06 22:00:00,15.8,,73.0,,보통,33.0
2024-10-06 23:00:00,15.0,,75.0,,보통,33.0
2024-10-07 00:00:00,14.7,,76.0,,보통,31.0
2024-10-07 01:00:00,14.6,,78.0,,좋음,28.0
2024-10-07 02:00:00,14.3,,77.0,,좋음,28.0
2024-10-07 03:00:00,14.3,,76.0,,좋음,29.0
2024-10-07 04:00:00,14.3,,78.0,,좋음,27.0
2024-10-07 05:00:00,14.2,,81.0,,보통,31.0
2024-10-07 06:00:00,14.2,,81.0,,보통,34.0
2024-10-07 07:00:00,14.0,,83.0,,보통,38.0
2024-10-07 08:00:00,14.3,,83.0,,보통,36.0
2024-10-07 09:00:00,15.7,,81.0,,보통,44.0
2024-10-07 10:00:00,17.7,,74.0,,보통,45.0
2024-10-07 11:00:00,18.8,,69.0,,보통,48.0
2024-10-07 12:00:00,19.4,,66.0,,보통,46.0
2024-10-07 13:00:00,20.5,,61.0,,보통,47.0
2024-10-07 14:00:00,20.3,,62.0,,보통,45.0
2024-10-07 15:00:00,20.4,,59.0,,보통,46.0
2024-10-07 16:00:00,19.6,,58.0,,보통,46.0
2024-10-07 17:00:00,19.3,,66.0,,보통,47.0
2024-10-07 18:00:00,18.7,,67.0,,보통,48.0
2024-10-07 19:00:00,18.2,,70.0,,보통,59.0
2024-10-07 20:00:00,17.6,,74.0,,보통,64.0
2024-10-07 21:00:00,16.9,,77.0,,보통,65.0
2024-10-07 22:00:00,16.4,,79.0,,보통,65.0
2024-10-07 23:00:00,15.9,,82.0,,보통,66.0
2024-10-08 00:00:00,15.6,,84.0,,보통,66.0
2024-10-08 01:00:00,15.1,,86.0,,보통,70.0
2024-10-08 02:00:00,14.8,,87.0,,보통,65.0
2024-10-08 03:00:00,14.4,,89.0,,보통,65.0
2024-10-08 04:00:00,14.0,,89.0,,보통,61.0
2024-10-08 05:00:00,13.5,,91.0,,보통,60.0
2024-10-08 06:00:00,13.1,,91.0,,보통,67.0
2024-10-08 07:00:00,12.8,,93.0,,보통,62.0
2024-10-08 08:00:00,13.3,,94.0,,보통,56.0
2024-10-08 09:00:00,15.1,,89.0,,보통,58.0
2024-10-08 10:00:00,17.2,,78.0,,보통,64.0
2024-10-08 11:00:00,19.5,,70.0,,보통,71.0
2024-10-08 12:00:00,20.7,,62.0,,보통,62.0
2024-10-08 13:00:00,22.2,,57.0,,보통,52.0
2024-10-08 14:00:00,22.9,,54.0,,보통,43.0
2024-10-08 15:00:00,23.8,,52.0,,보통,41.0
2024-10-08 16:00:00,22.0,,57.0,,보통,35.0
2024-10-08 17:00:00,21.3,,60.0,,좋음,26.0
2024-10-08 18:00:00,20.3,,64.0,,좋음,26.0
2024-10-08 19:00:00,19.0,,68.0,,좋음,25.0
2024-10-08 20:00:00,18.6,,69.0,,좋음,29.0
2024-10-08 21:00:00,17.8,,71.0,,좋음,18.0
2024-10-08 22:00:00,17.1,,71.0,,좋음,14.0
2024-10-08 23:00:00,16.7,,71.0,,좋음,15.0
2024-10-09 00:00:00,16.3,,73.0,,좋음,13.0
2024-10-09 01:00:00,15.9,,74.0,,좋음,11.0
2024-10-09 02:00:00,15.4,,76.0,,좋음,9.0
2024-10-09 03:00:00,15.2,,77.0,,좋음,11.0
2024-10-09 04:00:00,14.8,,78.0,,좋음,10.0
2024-10-09 05:00:00,14.4,,80.0,,좋음,9.0
2024-10-09 06:00:00,14.1,,82.0,,좋음,17.0
2024-10-09 07:00:00,13.9,,83.0,,좋음,18.0
2024-10-09 08:00:00,14.9,,81.0,,좋음,16.0
2024-10-09 09:00:00,17.4,,71.0,,좋음,19.0
2024-10-09 10:00:00,19.3,,63.0,,좋음,18.0
2024-10-09 11:00:00,21.2,,59.0,,좋음,19.0
2024-10-09 12:00:00,22.4,,51.0,,좋음,17.0
2024-10-09 13:00:00,23.1,,49.0,,좋음,19.0
2024-10-09 14:00:00,24.3,,46.0,,좋음,19.0
2024-10-09 15:00:00,23.6,,46.0,,좋음,17.0
2024-10-09 16:00:00,23.5,,46.0,,좋음,17.0
2024-10-09 17:00:00,22.9,,50.0,,좋음,17.0
2024-10-09 18:00:00,21.9,,51.0,,좋음,18.0
2024-10-09 19:00:00,20.0,,58.0,,좋음,19.0
2024-10-09 20:00:00,19.2,,62.0,,좋음,22.0
2024-10-09 21:00:00,18.4,,65.0,,좋음,21.0
2024-10-09 22:00:00,18.2,,68.0,,좋음,19.0
2024-10-09 23:00:00,17.9,,69.0,,좋음,16.0
2024-10-10 00:00:00,17.7,,70.0,,좋음,20.0
2024-10-10 01:00:00,17.2,,71.0,,좋음,18.0
2024-10-10 02:00:00,16.6,,74.0,,좋음,14.0
2024-10-10 03:00:00,16.3,,75.0,,좋음,16.0
2024-10-10 04:00:00,16.2,,75.0,,좋음,15.0
2024-10-10 05:00:00,15.9,,76.0,,좋음,15.0
2024-10-10 06:00:00,15.5,,77.0,,좋음,18.0
2024-10-10 07:00:00,15.4,,77.0,,좋음,26.0
2024-10-10 08:00:00,15.9,,76.0,,좋음,23.0
2024-10-10 09:00:00,17.1,,72.0,,좋음,23.0
2024-10-10 10:00:00,19.2,,63.0,,보통,38.0
2024-10-10 11:00:00,19.8,,58.0,,좋음,25.0
2024-10-10 12:00:00,20.7,,57.0,,좋음,21.0
2024-10-10 13:00:00,21.7,0.0,57.0,,좋음,24.0
2024-10-10 14:00:00,23.1,,50.0,,좋음,22.0
2024-10-10 15:00:00,23.2,,50.0,,좋음,27.0
2024-10-10 16:00:00,23.7,,48.0,,좋음,26.0
2024-10-10 17:00:00,23.4,,49.0,,좋음,29.0
2024-10-10 18:00:00,21.8,,54.0,,좋음,29.0
2024-10-10 19:00:00,20.8,,59.0,,좋음,30.0
2024-10-10 20:00:00,19.9,,65.0,,보통,32.0
2024-10-10 21:00:00,19.1,,69.0,,보통,33.0
2024-10-10 22:00:00,18.4,,71.0,,좋음,27.0
2024-10-10 23:00:00,17.6,,73.0,,보통,36.0
2024-10-11 00:00:00,17.0,,76.0,,보통,36.0
2024-10-11 01:00:00,16.4,,78.0,,보통,36.0
2024-10-11 02:00:00,15.9,,82.0,,보통,36.0
2024-10-11 03:00:00,15.2,,83.0,,보통,35.0
2024-10-11 04:00:00,15.0,,85.0,,좋음,30.0
2024-10-11 05:00:00,14.6,,86.0,,보통,33.0
2024-10-11 06:00:00,14.1,,86.0,,보통,33.0
2024-10-11 07:00:00,14.0,,89.0,,보통,33.0
2024-10-11 08:00:00,14.5,,89.0,,좋음,30.0
2024-10-11 09:00:00,16.8,,81.0,,좋음,29.0
2024-10-11 10:00:00,18.9,,72.0,,보통,33.0
2024-10-11 11:00:00,21.0,,66.0,,보통,40.0
2024-10-11 12:00:00,22.7,,58.0,,보통,34.0
2024-10-11 13:00:00,23.8,,45.0,,보통,34.0
2024-10-11 14:00:00,23.7,,48.0,,보통,41.0
2024-10-11 15:00:00,24.3,,48.0,,보통,44.0
2024-10-11 16:00:00,24.2,,44.0,,보통,49.0
2024-10-11 17:00:00,22.9,,46.0,,보통,45.0
2024-10-11 18:00:00,21.0,,50.0,,보통,42.0
2024-10-11 19:00:00,19.7,,59.0,,보통,47.0
2024-10-11 20:00:00,18.8,,65.0,,보통,50.0
2024-10-11 21:00:00,17.9,,68.0,,보통,53.0
2024-10-11 22:00:00,17.2,,70.0,,보통,50.0
2024-10-11 23:00:00,16.7,,73.0,,보통,52.0
2024-10-12 00:00:00,16.5,,76.0,,보통,48.0
2024-10-12 01:00:00,16.0,,77.0,,보통,46.0
2024-10-12 02:00:00,15.6,,77.0,,보통,46.0
2024-10-12 03:00:00,15.0,,81.0,,보통,46.0
2024-10-12 04:00:00,14.6,,82.0,,보통,45.0
2024-10-12 05:00:00,14.1,,84.0,,보통,43.0
2024-10-12 06:00:00,13.9,,85.0,,보통,41.0
2024-10-12 07:00:00,13.4,,87.0,,보통,43.0
2024-10-12 08:00:00,13.8,,88.0,,보통,43.0
2024-10-12 09:00:00,16.2,,82.0,,보통,49.0
2024-10-12 10:00:00,18.9,,68.0,,보통,47.0
2024-10-12 11:00:00,21.2,,51.0,,보통,48.0
2024-10-12 12:00:00,22.3,,45.0,,보통,42.0
2024-10-12 13:00:00,23.4,,34.0,,보통,38.0
2024-10-12 14:00:00,23.9,,29.0,,보통,36.0
2024-10-12 15:00:00,24.0,,30.0,,보통,31.0
2024-10-12 16:00:00,24.3,,26.0,,좋음,29.0
2024-10-12 17:00:00,23.4,,30.0,,좋음,29.0
2024-10-12 18:00:00,21.3,,36.0,,좋음,30.0
2024-10-12 19:00:00,19.7,,51.0,,보통,32.0
2024-10-12 20:00:00,18.7,,52.0,,보통,32.0
2024-10-12 21:00:00,17.8,,59.0,,보통,34.0
2024-10-12 22:00:00,16.8,,63.0,,보통,39.0
2024-10-12 23:00:00,16.4,,63.0,,보통,43.0
2024-10-13 00:00:00,15.7,,67.0,,보통,39.0
2024-10-13 01:00:00,15.1,,72.0,,보통,41.0
2024-10-13 02:00:00,14.8,,75.0,,보통,38.0
2024-10-13 03:00:00,14.1,,78.0,,보통,39.0
2024-10-13 04:00:00,13.5,,81.0,,보통,35.0
2024-10-13 05:00:00,13.2,,81.0,,보통,32.0
2024-10-13 06:00:00,12.8,,84.0,,좋음,29.0
2024-10-13 07:00:00,12.8,,85.0,,보통,32.0
2024-10-13 08:00:00,14.2,,83.0,,보통,32.0
2024-10-13 09:00:00,16.6,,75.0,,보통,33.0
2024-10-13 10:00:00,19.0,,65.0,,좋음,29.0
2024-10-13 11:00:00,20.9,,58.0,,보통,32.0
2024-10-13 12:00:00,21.8,,57.0,,보통,33.0
2024-10-13 13:00:00,22.1,,54.0,,보통,32.0
2024-10-13 14:00:00,22.1,,51.0,,좋음,28.0
2024-10-13 15:00:00,22.4,,50.0,,좋음,28.0
2024-10-13 16:00:00,22.4,,50.0,,좋음,25.0
2024-10-13 17:00:00,21.7,,51.0,,좋음,27.0
2024-10-13 18:00:00,20.8,,57.0,,좋음,26.0
2024-10-13 19:00:00,20.0,,60.0,,좋음,28.0
2024-10-13 20:00:00,19.4,,65.0,,좋음,29.0
2024-10-13 21:00:00,19.2,,66.0,,좋음,29.0
2024-10-13 22:00:00,19.0,,67.0,,보통,31.0
2024-10-13 23:00:00,18.7,,68.0,,보통,33.0
2024-10-14 00:00:00,18.4,,69.0,,좋음,28.0
2024-10-14 01:00:00,18.2,,70.0,,좋음,25.0
2024-10-14 02:00:00,17.9,,72.0,,좋음,18.0
2024-10-14 03:00:00,17.7,,74.0,,좋음,18.0
2024-10-14 04:00:00,17.6,,74.0,,좋음,17.0
2024-10-14 05:00:00,17.6,,73.0,,좋음,21.0
2024-10-14 06:00:00,17.6,,73.0,,좋음,22.0
2024-10-14 07:00:00,17.6,,72.0,,좋음,19.0
2024-10-14 08:00:00,17.8,,71.0,,좋음,22.0
2024-10-14 09:00:00,18.6,,70.0,,좋음,26.0
2024-10-14 10:00:00,19.3,,69.0,,좋음,24.0
2024-10-14 11:00:00,20.1,,67.0,,좋음,24.0
2024-10-14 12:00:00,20.2,,67.0,,좋음,25.0
2024-10-14 13:00:00,20.5,0.0,69.0,,좋음,26.0
2024-10-14 14:00:00,21.2,0.0,68.0,,좋음,23.0
2024-10-14 15:00:00,21.5,,60.0,,좋음,20.0
2024-10-14 16:00:00,21.2,,59.0,,좋음,17.0
2024-10-14 17:00:00,20.8,,65.0,,좋음,20.0
2024-10-14 18:00:00,20.4,0.0,67.0,,좋음,21.0
2024-10-14 19:00:00,20.1,,68.0,,좋음,20.0
2024-10-14 20:00:00,19.7,,72.0,,좋음,21.0
2024-10-14 21:00:00,19.6,,73.0,,좋음,21.0
2024-10-14 22:00:00,19.1,,75.0,,좋음,20.0
2024-10-14 23:00:00,18.8,,77.0,,좋음,23.0
2024-10-15 00:00:00,18.8,,78.0,,좋음,20.0
2024-10-15 01:00:00,18.8,,78.0,,좋음,20.0
2024-10-15 02:00:00,18.7,0.0,79.0,,좋음,18.0
2024-10-15 03:00:00,18.4,0.0,82.0,,좋음,17.0
2024-10-15 04:00:00,17.9,0.4,87.0,,좋음,20.0
2024-10-15 05:00:00,17.8,0.0,89.0,,좋음,20.0
2024-10-15 06:00:00,17.7,0.0,89.0,,좋음,20.0
2024-10-15 07:00:00,17.6,,89.0,,좋음,21.0
2024-10-15 08:00:00,18.1,,88.0,,좋음,21.0
2024-10-15 09:00:00,18.4,0.0,87.0,,좋음,22.0
2024-10-15 10:00:00,18.9,0.1,88.0,,좋음,25.0
2024-10-15 11:00:00,19.6,0.0,84.0,,좋음,26.0
2024-10-15 12:00:00,20.5,,81.0,,좋음,21.0
2024-10-15 13:00:00,21.1,,79.0,,좋음,25.0
2024-10-15 14:00:00,21.3,,79.0,,좋음,20.0
2024-10-15 15:00:00,21.7,,79.0,,좋음,23.0
2024-10-15 16:00:00,20.8,0.0,82.0,,좋음,27.0
2024-10-15 17:00:00,20.6,,80.0,,보통,31.0
2024-10-15 18:00:00,20.3,,82.0,,보통,36.0
2024-10-15 19:00:00,19.9,,85.0,,좋음,27.0
2024-10-15 20:00:00,19.3,,86.0,,좋음,28.0
2024-10-15 21:00:00,18.7,,89.0,,보통,31.0
2024-10-15 22:00:00,18.3,,90.0,,좋음,28.0
2024-10-15 23:00:00,18.1,,91.0,,보통,36.0
2024-10-16 00:00:00,17.7,,91.0,,보통,31.0
2024-10-16 01:00:00,17.3,,90.0,,보통,33.0
2024-10-16 02:00:00,16.9,,92.0,,보통,34.0
2024-10-16 03:00:00,16.4,,92.0,,보통,37.0
2024-10-16 04:00:00,16.0,,93.0,,보통,35.0
2024-10-16 05:00:00,15.4,,91.0,,보통,38.0
2024-10-16 06:00:00,14.8,,93.0,,보통,39.0
2024-10-16 07:00:00,14.6,,95.0,,보통,43.0
2024-10-16 08:00:00,15.0,,96.0,,보통,47.0
2024-10-16 09:00:00,15.5,,95.0,,보통,46.0
2024-10-16 10:00:00,16.2,,93.0,,보통,44.0
2024-10-16 11:00:00,18.2,,83.0,,보통,39.0
2024-10-16 12:00:00,20.8,,67.0,,보통,38.0
2024-10-16 13:00:00,22.4,,54.0,,보통,39.0
2024-10-16 14:00:00,23.7,,52.0,,보통,38.0
2024-10-16 15:00:00,24.0,,55.0,,보통,38.0
2024-10-16 16:00:00,23.8,,53.0,,보통,37.0
2024-10-16 17:00:00,22.9,,53.0,,보통,36.0
2024-10-16 18:00:00,20.8,,62.0,,보통,44.0
2024-10-16 19:00:00,19.5,,66.0,,보통,61.0
2024-10-16 20:00:00,18.5,,69.0,,보통,56.0
2024-10-16 21:00:00,17.7,,73.0,,보통,58.0
2024-10-16 22:00:00,16.9,,76.0,,보통,69.0
2024-10-16 23:00:00,16.3,,77.0,,보통,72.0
2024-10-17 00:00:00,15.7,,78.0,,보통,62.0
2024-10-17 01:00:00,15.3,,81.0,,보통,53.0
2024-10-17 02:00:00,14.7,,82.0,,보통,47.0
2024-10-17 03:00:00,14.2,,84.0,,보통,50.0
2024-10-17 04:00:00,13.9,,86.0,,보통,35.0
2024-10-17 05:00:00,13.9,,85.0,,보통,39.0
2024-10-17 06:00:00,13.9,,85.0,,보통,34.0
2024-10-17 07:00:00,13.9,,86.0,,보통,34.0
2024-10-17 08:00:00,14.1,,86.0,,보통,34.0
2024-10-17 09:00:00,15.2,,82.0,,보통,36.0
2024-10-17 10:00:00,17.1,,75.0,,보통,37.0
2024-10-17 11:00:00,20.0,,68.0,,보통,41.0
2024-10-17 12:00:00,22.5,,62.0,,보통,43.0
2024-10-17 13:00:00,23.7,,55.0,,보통,40.0
2024-10-17 14:00:00,25.0,,51.0,,보통,36.0
2024-10-17 15:00:00,25.4,,48.0,,보통,37.0
2024-10-17 16:00:00,25.6,,50.0,,보통,42.0
2024-10-17 17:00:00,24.8,,48.0,,보통,44.0
2024-10-17 18:00:00,22.4,,56.0,,보통,43.0
2024-10-17 19:00:00,20.9,,61.0,,보통,46.0
2024-10-17 20:00:00,20.0,,66.0,,보통,44.0
2024-10-17 21:00:00,19.7,,69.0,,보통,41.0
2024-10-17 22:00:00,19.0,,73.0,,보통,45.0
2024-10-17 23:00:00,18.6,,74.0,,보통,34.0
2024-10-18 00:00:00,18.3,,77.0,,좋음,29.0
2024-10-18 01:00:00,18.0,,79.0,,좋음,28.0
2024-10-18 02:00:00,18.1,,78.0,,좋음,26.0
2024-10-18 03:00:00,17.9,,78.0,,좋음,28.0
2024-10-18 04:00:00,17.9,,78.0,,좋음,25.0
2024-10-18 05:00:00,17.9,,77.0,,좋음,26.0
2024-10-18 06:00:00,18.0,0.0,76.0,,좋음,27.0
2024-10-18 07:00:00,18.0,0.0,76.0,,좋음,28.0
2024-10-18 08:00:00,18.3,0.0,75.0,,좋음,29.0
2024-10-18 09:00:00,18.7,0.0,75.0,,보통,32.0
2024-10-18 10:00:00,18.7,0.2,80.0,,보통,36.0
2024-10-18 11:00:00,18.5,0.3,82.0,,보통,37.0
2024-10-18 12:00:00,18.4,0.1,84.0,,보통,34.0
2024-10-18 13:00:00,17.6,6.9,89.0,,보통,37.0
2024-10-18 14:00:00,16.8,11.0,94.0,,좋음,30.0
2024-10-18 15:00:00,16.6,12.2,96.0,,좋음,22.0
2024-10-18 16:00:00,16.7,16.1,96.0,,좋음,19.0
2024-10-18 17:00:00,17.1,0.3,96.0,,좋음,16.0
2024-10-18 18:00:00,17.0,,94.0,,좋음,14.0
2024-10-18 19:00:00,16.7,,93.0,,좋음,18.0
2024-10-18 20:00:00,16.2,0.0,93.0,,좋음,19.0
2024-10-18 21:00:00,16.3,0.0,93.0,,좋음,18.0
2024-10-18 22:00:00,16.5,0.0,93.0,,좋음,17.0
2024-10-18 23:00:00,16.8,0.0,94.0,,좋음,16.0
2024-10-19 00:00:00,16.6,,93.0,,좋음,13.0
2024-10-19 01:00:00,16.6,,92.0,,좋음,15.0
2024-10-19 02:00:00,16.8,0.0,95.0,,좋음,10.0
2024-10-19 03:00:00,16.1,0.9,95.0,,좋음,10.0
2024-10-19 04:00:00,16.0,0.1,94.0,,좋음,8.0
2024-10-19 05:00:00,15.9,,92.0,,좋음,7.0
2024-10-19 06:00:00,15.9,,92.0,,좋음,8.0
2024-10-19 07:00:00,15.7,,91.0,,좋음,9.0
2024-10-19 08:00:00,15.6,,92.0,,좋음,9.0
2024-10-19 09:00:00,15.8,,90.0,,좋음,13.0
2024-10-19 10:00:00,18.0,,82.0,,좋음,16.0
2024-10-19 11:00:00,19.7,,73.0,,좋음,19.0
2024-10-19 12:00:00,20.8,,68.0,,좋음,17.0
2024-10-19 13:00:00,20.5,,68.0,,좋음,16.0
2024-10-19 14:00:00,20.2,,68.0,,좋음,15.0
2024-10-19 15:00:00,20.2,,66.0,,좋음,14.0
2024-10-19 16:00:00,19.7,,67.0,,좋음,12.0
2024-10-19 17:00:00,18.9,,61.0,,좋음,8.0
2024-10-19 18:00:00,17.5,,61.0,,좋음,8.0
2024-10-19 19:00:00,16.2,,63.0,,좋음,10.0
2024-10-19 20:00:00,15.1,,63.0,,좋음,9.0
2024-10-19 21:00:00,14.1,,64.0,,좋음,7.0
2024-10-19 22:00:00,13.3,,63.0,,좋음,8.0
2024-10-19 23:00:00,12.7,,64.0,,좋음,8.0
2024-10-20 00:00:00,12.4,,64.0,,좋음,7.0
2024-10-20 01:00:00,11.9,,63.0,,좋음,7.0
2024-10-20 02:00:00,11.7,,64.0,,좋음,7.0
2024-10-20 03:00:00,11.3,,65.0,,좋음,8.0
2024-10-20 04:00:00,11.2,,64.0,,좋음,7.0
2024-10-20 05:00:00,10.9,,65.0,,좋음,10.0
2024-10-20 06:00:00,10.8,,63.0,,좋음,9.0
2024-10-20 07:00:00,10.6,,63.0,,좋음,11.0
2024-10-20 08:00:00,11.2,,62.0,,좋음,12.0
2024-10-20 09:00:00,12.8,,54.0,,좋음,13.0
2024-10-20 10:00:00,14.3,,53.0,,좋음,17.0
2024-10-20 11:00:00,15.3,,48.0,,좋음,20.0
2024-10-20 12:00:00,16.1,,46.0,,좋음,16.0
2024-10-20 13:00:00,16.7,,44.0,,좋음,16.0
2024-10-20 14:00:00,17.4,,45.0,,좋음,16.0
2024-10-20 15:00:00,17.7,,46.0,,좋음,17.0
2024-10-20 16:00:00,17.5,,45.0,,좋음,16.0
2024-10-20 17:00:00,16.7,,45.0,,좋음,16.0
2024-10-20 18:00:00,15.3,,51.0,,좋음,17.0
2024-10-20 19:00:00,14.2,,53.0,,좋음,16.0
2024-10-20 20:00:00,13.4,,55.0,,좋음,17.0
2024-10-20 21:00:00,12.6,,58.0,,좋음,13.0
2024-10-20 22:00:00,11.7,,62.0,,좋음,15.0
2024-10-20 23:00:00,11.2,,63.0,,좋음,14.0
2024-10-21 00:00:00,10.8,,65.0,,좋음,14.0
2024-10-21 01:00:00,10.2,,67.0,,좋음,13.0
2024-10-21 02:00:00,10.0,,68.0,,좋음,12.0
2024-10-21 03:00:00,9.8,,69.0,,좋음,13.0
2024-10-21 04:00:00,10.1,,70.0,,좋음,12.0
2024-10-21 05:00:00,10.1,,69.0,,좋음,14.0
2024-10-21 06:00:00,10.2,,70.0,,좋음,15.0
2024-10-21 07:00:00,10.5,,70.0,,좋음,15.0
2024-10-21 08:00:00,11.3,,69.0,,좋음,17.0
2024-10-21 09:00:00,12.1,,67.0,,좋음,19.0
2024-10-21 10:00:00,13.1,0.0,67.0,,좋음,20.0
2024-10-21 11:00:00,15.3,,61.0,,좋음,25.0
2024-10-21 12:00:00,16.4,,59.0,,좋음,24.0
2024-10-21 13:00:00,17.3,,58.0,,좋음,24.0
2024-10-21 14:00:00,18.5,,56.0,,좋음,22.0
2024-10-21 15:00:00,19.1,,54.0,,좋음,25.0
2024-10-21 16:00:00,19.0,,54.0,,좋음,22.0
2024-10-21 17:00:00,18.5,,59.0,,좋음,22.0
2024-10-21 18:00:00,17.6,,63.0,,좋음,20.0
2024-10-21 19:00:00,17.3,,66.0,,좋음,25.0
2024-10-21 20:00:00,17.1,0.0,69.0,,좋음,23.0
2024-10-21 21:00:00,16.7,0.0,73.0,,좋음,24.0
2024-10-21 22:00:00,16.6,0.0,73.0,,좋음,24.0
2024-10-21 23:00:00,16.4,,76.0,,좋음,24.0
2024-10-22 00:00:00,16.2,0.0,76.0,,좋음,20.0
2024-10-22 01:00:00,16.0,,75.0,,좋음,20.0
2024-10-22 02:00:00,16.0,0.0,72.0,,좋음,23.0
2024-10-22 03:00:00,15.8,0.0,77.0,,좋음,18.0
2024-10-22 04:00:00,15.4,0.2,82.0,,좋음,15.0
2024-10-22 05:00:00,15.3,0.0,80.0,,좋음,18.0
2024-10-22 06:00:00,15.2,0.0,82.0,,좋음,17.0
2024-10-22 07:00:00,14.9,0.1,85.0,,좋음,19.0
2024-10-22 08:00:00,15.0,0.0,87.0,,좋음,17.0
2024-10-22 09:00:00,15.0,0.7,90.0,,좋음,19.0
2024-10-22 10:00:00,15.1,0.3,91.0,,좋음,20.0
2024-10-22 11:00:00,15.3,1.0,93.0,,좋음,22.0
2024-10-22 12:00:00,15.5,0.5,94.0,,좋음,18.0
2024-10-22 13:00:00,15.4,1.1,94.0,,좋음,20.0
2024-10-22 14:00:00,15.7,0.8,94.0,,좋음,17.0
2024-10-22 15:00:00,15.7,1.1,95.0,,좋음,15.0
2024-10-22 16:00:00,15.8,0.4,94.0,,좋음,17.0
2024-10-22 17:00:00,15.9,0.4,95.0,,좋음,21.0
2024-10-22 18:00:00,15.9,2.9,96.0,,좋음,16.0
2024-10-22 19:00:00,16.0,1.4,96.0,,좋음,15.0
2024-10-22 20:00:00,15.9,1.8,96.0,,좋음,12.0
2024-10-22 21:00:00,15.9,2.8,96.0,,좋음,18.0
2024-10-22 22:00:00,16.6,2.0,98.0,,좋음,10.0
2024-10-22 23:00:00,15.9,1.6,96.0,,좋음,7.0
2024-10-23 00:00:00,15.2,1.5,96.0,,좋음,6.0
2024-10-23 01:00:00,14.8,1.1,93.0,,좋음,7.0
2024-10-23 02:00:00,14.4,0.2,89.0,,좋음,12.0
2024-10-23 03:00:00,13.6,0.0,88.0,,좋음,13.0
2024-10-23 04:00:00,12.5,0.9,92.0,,좋음,11.0
2024-10-23 05:00:00,11.9,0.0,89.0,,좋음,10.0
2024-10-23 06:00:00,11.5,0.0,91.0,,좋음,8.0
2024-10-23 07:00:00,11.5,0.1,80.0,,좋음,9.0
2024-10-23 08:00:00,11.7,,77.0,,좋음,10.0
2024-10-23 09:00:00,12.5,,70.0,,좋음,12.0
2024-10-23 10:00:00,12.5,,69.0,,좋음,14.0
2024-10-23 11:00:00,13.0,,68.0,,좋음,19.0
2024-10-23 12:00:00,13.9,,66.0,,좋음,16.0
2024-10-23 13:00:00,14.9,,64.0,,좋음,15.0
2024-10-23 14:00:00,15.0,,63.0,,좋음,17.0
2024-10-23 15:00:00,15.0,,65.0,,좋음,18.0
2024-10-23 16:00:00,15.0,,64.0,,좋음,20.0
2024-10-23 17:00:00,14.4,,65.0,,좋음,22.0
2024-10-23 18:00:00,13.7,,67.0,,좋음,19.0
2024-10-23 19:00:00,13.1,,71.0,,좋음,21.0
2024-10-23 20:00:00,12.9,,73.0,,좋음,21.0
2024-10-23 21:00:00,11.7,,73.0,,좋음,25.0
2024-10-23 22:00:00,11.0,,76.0,,좋음,22.0
2024-10-23 23:00:00,10.3,,80.0,,좋음,23.0
2024-10-24 00:00:00,9.4,,82.0,,좋음,20.0
2024-10-24 01:00:00,8.9,,86.0,,좋음,21.0
2024-10-24 02:00:00,8.5,,85.0,,좋음,21.0
2024-10-24 03:00:00,8.0,,87.0,,좋음,22.0
2024-10-24 04:00:00,8.0,,89.0,,좋음,21.0
2024-10-24 05:00:00,7.5,,87.0,,좋음,20.0
2024-10-24 06:00:00,7.2,,90.0,,좋음,23.0
2024-10-24 07:00:00,7.1,,88.0,,좋음,28.0
2024-10-24 08:00:00,7.4,,90.0,,좋음,28.0
2024-10-24 09:00:00,9.7,,83.0,,좋음,29.0
2024-10-24 10:00:00,12.2,,73.0,,보통,31.0
2024-10-24 11:00:00,14.4,,58.0,,보통,36.0
2024-10-24 12:00:00,15.9,,57.0,,좋음,24.0
2024-10-24 13:00:00,17.3,,54.0,,좋음,23.0
2024-10-24 14:00:00,17.8,,52.0,,좋음,27.0
2024-10-24 15:00:00,18.3,,50.0,,보통,31.0
2024-10-24 16:00:00,18.1,,52.0,,보통,31.0
2024-10-24 17:00:00,17.2,,51.0,,보통,33.0
2024-10-24 18:00:00,15.9,,55.0,,보통,33.0
2024-10-24 19:00:00,14.9,,60.0,,보통,37.0
2024-10-24 20:00:00,14.0,,66.0,,보통,47.0
2024-10-24 21:00:00,13.2,,71.0,,보통,46.0
2024-10-24 22:00:00,12.5,,74.0,,보통,39.0
2024-10-24 23:00:00,11.9,,75.0,,보통,44.0
2024-10-25 00:00:00,11.5,,78.0,,보통,40.0
2024-10-25 01:00:00,10.8,,83.0,,보통,43.0
2024-10-25 02:00:00,10.2,,84.0,,보통,39.0
2024-10-25 03:00:00,10.0,,86.0,,보통,36.0
2024-10-25 04:00:00,9.8,,88.0,,보통,31.0
2024-10-25 05:00:00,9.6,,89.0,,좋음,30.0
2024-10-25 06:00:00,9.2,,89.0,,보통,31.0
2024-10-25 07:00:00,8.8,,89.0,,좋음,30.0
2024-10-25 08:00:00,9.5,,90.0,,좋음,30.0
2024-10-25 09:00:00,12.3,,78.0,,보통,32.0
2024-10-25 10:00:00,14.7,,64.0,,보통,31.0
2024-10-25 11:00:00,17.0,,54.0,,좋음,29.0
2024-10-25 12:00:00,18.7,,48.0,,좋음,29.0
2024-10-25 13:00:00,20.2,,40.0,,좋음,29.0
2024-10-25 14:00:00,21.4,,36.0,,좋음,24.0
2024-10-25 15:00:00,21.3,,35.0,,좋음,21.0
2024-10-25 16:00:00,21.0,,37.0,,좋음,21.0
2024-10-25 17:00:00,19.7,,45.0,,좋음,23.0
2024-10-25 18:00:00,18.1,,51.0,,좋음,22.0
2024-10-25 19:00:00,17.0,,55.0,,좋음,28.0
2024-10-25 20:00:00,15.9,,54.0,,좋음,25.0
2024-10-25 21:00:00,15.5,,57.0,,보통,32.0
2024-10-25 22:00:00,15.0,,61.0,,보통,33.0
2024-10-25 23:00:00,14.3,,67.0,,보통,35.0
2024-10-26 00:00:00,13.8,,69.0,,보통,31.0
2024-10-26 01:00:00,13.4,,73.0,,좋음,29.0
2024-10-26 02:00:00,12.8,,76.0,,좋음,26.0
2024-10-26 03:00:00,12.2,,79.0,,좋음,25.0
2024-10-26 04:00:00,11.8,,80.0,,좋음,19.0
2024-10-26 05:00:00,11.6,,81.0,,좋음,21.0
2024-10-26 06:00:00,11.0,,85.0,,좋음,24.0
2024-10-26 07:00:00,10.8,,84.0,,좋음,24.0
2024-10-26 08:00:00,11.4,,85.0,,좋음,24.0
2024-10-26 09:00:00,14.2,,75.0,,좋음,25.0
2024-10-26 10:00:00,16.6,,69.0,,좋음,25.0
2024-10-26 11:00:00,19.3,,61.0,,좋음,26.0
2024-10-26 12:00:00,20.9,,57.0,,좋음,28.0
2024-10-26 13:00:00,21.8,,53.0,,좋음,23.0
2024-10-26 14:00:00,23.0,,47.0,,좋음,17.0
2024-10-26 15:00:00,23.5,,46.0,,좋음,16.0
2024-10-26 16:00:00,24.0,,46.0,,좋음,19.0
2024-10-26 17:00:00,22.6,,51.0,,좋음,20.0
2024-10-26 18:00:00,21.0,,56.0,,좋음,21.0
2024-10-26 19:00:00,19.5,,65.0,,좋음,27.0
2024-10-26 20:00:00,18.4,,68.0,,좋음,26.0
2024-10-26 21:00:00,17.4,,71.0,,보통,38.0
2024-10-26 22:00:00,16.8,,73.0,,보통,33.0
2024-10-26 23:00:00,16.6,,76.0,,좋음,28.0
2024-10-27 00:00:00,16.1,,77.0,,좋음,20.0
2024-10-27 01:00:00,15.9,,78.0,,좋음,16.0
2024-10-27 02:00:00,15.4,,79.0,,좋음,18.0
2024-10-27 03:00:00,15.4,,80.0,,좋음,17.0
2024-10-27 04:00:00,15.1,,80.0,,좋음,15.0
2024-10-27 05:00:00,15.0,,81.0,,좋음,19.0
2024-10-27 06:00:00,14.7,,82.0,,좋음,15.0
2024-10-27 07:00:00,14.4,,83.0,,좋음,19.0
2024-10-27 08:00:00,14.5,,85.0,,좋음,16.0
2024-10-27 09:00:00,15.5,,82.0,,좋음,19.0
2024-10-27 10:00:00,17.1,,76.0,,좋음,18.0
2024-10-27 11:00:00,17.5,,75.0,,좋음,22.0
2024-10-27 12:00:00,18.3,,71.0,,좋음,22.0
2024-10-27 13:00:00,18.6,,70.0,,좋음,24.0
2024-10-27 14:00:00,18.3,,69.0,,좋음,23.0
2024-10-27 15:00:00,17.8,0.0,72.0,,좋음,26.0
2024-10-27 16:00:00,17.6,,72.0,,좋음,25.0
2024-10-27 17:00:00,17.1,,75.0,,좋음,28.0
2024-10-27 18:00:00,16.6,,79.0,,보통,41.0
2024-10-27 19:00:00,16.1,,81.0,,보통,55.0
2024-10-27 20:00:00,15.7,,82.0,,보통,56.0
2024-10-27 21:00:00,15.4,,82.0,,보통,58.0
2024-10-27 22:00:00,14.9,,84.0,,보통,58.0
2024-10-27 23:00:00,14.5,,86.0,,보통,59.0
2024-10-28 00:00:00,14.0,,87.0,,보통,56.0
2024-10-28 01:00:00,13.6,,90.0,,보통,54.0
2024-10-28 02:00:00,13.2,,91.0,,보통,53.0
2024-10-28 03:00:00,12.7,,91.0,,보통,51.0
2024-10-28 04:00:00,12.5,,93.0,,보통,62.0
2024-10-28 05:00:00,12.4,,93.0,,보통,68.0
2024-10-28 06:00:00,12.7,,94.0,,보통,66.0
2024-10-28 07:00:00,12.9,,94.0,,보통,70.0
2024-10-28 08:00:00,13.1,,93.0,,보통,64.0
2024-10-28 09:00:00,13.6,,91.0,,보통,56.0
2024-10-28 10:00:00,14.4,,86.0,,보통,53.0
2024-10-28 11:00:00,16.0,,79.0,,보통,52.0
2024-10-28 12:00:00,17.0,,74.0,,보통,47.0
2024-10-28 13:00:00,18.7,,69.0,,보통,39.0
2024-10-28 14:00:00,19.4,,65.0,,보통,33.0
2024-10-28 15:00:00,20.1,,64.0,,보통,36.0
2024-10-28 16:00:00,19.6,,62.0,,보통,33.0
2024-10-28 17:00:00,19.0,,63.0,,좋음,29.0
2024-10-28 18:00:00,18.4,,62.0,,좋음,22.0
2024-10-28 19:00:00,17.7,0.0,62.0,,좋음,21.0
2024-10-28 20:00:00,16.9,,64.0,,좋음,15.0
2024-10-28 21:00:00,16.0,,65.0,,좋음,14.0
2024-10-28 22:00:00,15.7,,64.0,,좋음,10.0
2024-10-28 23:00:00,15.4,,65.0,,좋음,8.0
2024-10-29 00:00:00,15.1,,66.0,,좋음,8.0
2024-10-29 01:00:00,14.7,,67.0,,좋음,9.0
2024-10-29 02:00:00,14.5,,68.0,,좋음,8.0
2024-10-29 03:00:00,14.1,,68.0,,좋음,9.0
2024-10-29 04:00:00,13.8,,69.0,,좋음,8.0
2024-10-29 05:00:00,13.5,,70.0,,좋음,11.0
2024-10-29 06:00:00,13.5,,68.0,,좋음,13.0
2024-10-29 07:00:00,13.6,,66.0,,좋음,16.0
2024-10-29 08:00:00,13.7,,65.0,,좋음,16.0
2024-10-29 09:00:00,14.2,,63.0,,좋음,16.0
2024-10-29 10:00:00,15.4,,58.0,,좋음,17.0
2024-10-29 11:00:00,15.6,0.0,58.0,,좋음,20.0
2024-10-29 12:00:00,15.8,0.0,57.0,,좋음,25.0
2024-10-29 13:00:00,16.9,,53.0,,좋음,22.0
2024-10-29 14:00:00,17.6,,49.0,,좋음,21.0
2024-10-29 15:00:00,18.1,,51.0,,좋음,23.0
2024-10-29 16:00:00,18.0,,52.0,,좋음,24.0
2024-10-29 17:00:00,17.0,0.0,63.0,,좋음,21.0
2024-10-29 18:00:00,16.3,,64.0,,좋음,26.0
2024-10-29 19:00:00,15.3,,66.0,,좋음,24.0
2024-10-29 20:00:00,15.1,,70.0,,좋음,26.0
2024-10-29 21:00:00,14.6,,71.0,,좋음,26.0
2024-10-29 22:00:00,13.9,,74.0,,좋음,25.0
2024-10-29 23:00:00,13.9,,73.0,,좋음,26.0
2024-10-30 00:00:00,13.7,,75.0,,좋음,27.0
2024-10-30 01:00:00,13.2,,78.0,,좋음,27.0
2024-10-30 02:00:00,13.0,,79.0,,좋음,24.0
2024-10-30 03:00:00,12.7,,80.0,,좋음,27.0
2024-10-30 04:00:00,12.6,,81.0,,좋음,25.0
2024-10-30 05:00:00,12.3,,83.0,,좋음,30.0
2024-10-30 06:00:00,11.8,,85.0,,좋음,29.0
2024-10-30 07:00:00,11.5,,88.0,,좋음,29.0
2024-10-30 08:00:00,11.6,,89.0,,보통,33.0
2024-10-30 09:00:00,13.2,,84.0,,보통,33.0
2024-10-30 10:00:00,15.9,,73.0,,보통,34.0
2024-10-30 11:00:00,18.0,,63.0,,보통,37.0
2024-10-30 12:00:00,19.9,,60.0,,보통,33.0
2024-10-30 13:00:00,20.6,,53.0,,,
2024-10-30 14:00:00,21.3,,49.0,,,
2024-10-30 15:00:00,21.2,,47.0,,,
2024-10-30 16:00:00,20.8,,47.0,,,
2024-10-30 17:00:00,19.4,,50.0,,,
2024-10-30 18:00:00,17.8,,60.0,,,
2024-10-30 19:00:00,16.9,,67.0,,,
2024-10-30 20:00:00,16.2,,72.0,,,
2024-10-30 21:00:00,15.5,,73.0,,,
2024-10-30 22:00:00,15.0,,75.0,,,
2024-10-30 23:00:00,14.2,,79.0,,,
2024-10-31 00:00:00,13.7,,81.0,,,
2024-10-31 01:00:00,13.0,,85.0,,,
2024-10-31 02:00:00,12.4,,86.0,,,
2024-10-31 03:00:00,12.0,,86.0,,,
2024-10-31 04:00:00,11.8,,84.0,,,
2024-10-31 05:00:00,11.6,,83.0,,,
2024-10-31 06:00:00,11.4,,85.0,,,
2024-10-31 07:00:00,11.2,,86.0,,,
2024-10-31 08:00:00,11.3,,86.0,,,
2024-10-31 09:00:00,13.5,,78.0,,,
2024-10-31 10:00:00,16.1,,70.0,,,
2024-10-31 11:00:00,18.4,,61.0,,,
2024-10-31 12:00:00,19.7,,53.0,,,
2024-10-31 13:00:00,21.0,,48.0,,,
2024-10-31 14:00:00,22.0,,44.0,,,
2024-10-31 15:00:00,22.3,,43.0,,,
2024-10-31 16:00:00,22.2,,44.0,,,
2024-10-31 17:00:00,21.0,,46.0,,보통,37.0
2024-10-31 18:00:00,18.7,,56.0,,보통,37.0
2024-10-31 19:00:00,17.2,,60.0,,보통,44.0
2024-10-31 20:00:00,16.6,,63.0,,보통,49.0
2024-10-31 21:00:00,15.8,,67.0,,보통,57.0
2024-10-31 22:00:00,14.9,,71.0,,보통,54.0
2024-10-31 23:00:00,14.4,,70.0,,보통,55.0
2024-11-01 00:00:00,13.9,,74.0,,보통,52.0
2024-11-01 01:00:00,13.7,,74.0,,보통,45.0
2024-11-01 02:00:00,13.2,,76.0,,보통,43.0
2024-11-01 03:00:00,13.1,,78.0,,보통,44.0
2024-11-01 04:00:00,12.9,,80.0,,보통,40.0
2024-11-01 05:00:00,12.9,,79.0,,보통,40.0
2024-11-01 06:00:00,13.0,,80.0,,보통,40.0
2024-11-01 07:00:00,13.1,,81.0,,보통,42.0
2024-11-01 08:00:00,13.1,,81.0,,보통,45.0
2024-11-01 09:00:00,13.5,,80.0,,보통,41.0
2024-11-01 10:00:00,14.5,,78.0,,보통,44.0
2024-11-01 11:00:00,15.8,,70.0,,보통,48.0
2024-11-01 12:00:00,16.6,,66.0,,보통,52.0
2024-11-01 13:00:00,17.5,,63.0,,보통,48.0
2024-11-01 14:00:00,18.2,,58.0,,보통,45.0
2024-11-01 15:00:00,18.6,,56.0,,보통,44.0
2024-11-01 16:00:00,18.1,,58.0,,보통,43.0
2024-11-01 17:00:00,17.6,,60.0,,보통,45.0
2024-11-01 18:00:00,16.9,,65.0,,보통,43.0
2024-11-01 19:00:00,16.3,,68.0,,보통,44.0
2024-11-01 20:00:00,16.0,,70.0,,보통,42.0
2024-11-01 21:00:00,15.5,,70.0,,보통,44.0
2024-11-01 22:00:00,15.2,,74.0,,보통,45.0
2024-11-01 23:00:00,15.0,,75.0,,보통,48.0
2024-11-02 00:00:00,15.0,,71.0,,보통,48.0
2024-11-02 01:00:00,15.0,,67.0,,보통,48.0
2024-11-02 02:00:00,14.9,,67.0,,보통,42.0
2024-11-02 03:00:00,14.8,,66.0,,보통,40.0
2024-11-02 04:00:00,14.3,,69.0,,보통,37.0
2024-11-02 05:00:00,13.9,,68.0,,보통,38.0
2024-11-02 06:00:00,13.3,,73.0,,보통,44.0
2024-11-02 07:00:00,13.1,,72.0,,보통,42.0
2024-11-02 08:00:00,13.2,,70.0,,보통,41.0
2024-11-02 09:00:00,15.2,,65.0,,보통,46.0
2024-11-02 10:00:00,19.1,,54.0,,보통,43.0
2024-11-02 11:00:00,21.0,,52.0,,보통,40.0
2024-11-02 12:00:00,22.3,,48.0,,보통,42.0
2024-11-02 13:00:00,23.6,,47.0,,보통,36.0
2024-11-02 14:00:00,24.0,,44.0,,보통,35.0
2024-11-02 15:00:00,24.8,,42.0,,보통,39.0
2024-11-02 16:00:00,24.7,,42.0,,보통,35.0
2024-11-02 17:00:00,23.2,,44.0,,보통,33.0
2024-11-02 18:00:00,21.2,,50.0,,보통,35.0
2024-11-02 19:00:00,19.8,,54.0,,보통,35.0
2024-11-02 20:00:00,19.1,,56.0,,보통,39.0
2024-11-02 21:00:00,18.0,,58.0,,보통,41.0
2024-11-02 22:00:00,16.7,,65.0,,보통,37.0
2024-11-02 23:00:00,16.0,,68.0,,보통,34.0
2024-11-03 00:00:00,15.4,,69.0,,보통,31.0
2024-11-03 01:00:00,15.2,,72.0,,보통,31.0
2024-11-03 02:00:00,14.5,,73.0,,좋음,29.0
2024-11-03 03:00:00,14.1,,75.0,,좋음,28.0
2024-11-03 04:00:00,13.9,,77.0,,좋음,26.0
2024-11-03 05:00:00,13.5,,77.0,,좋음,25.0
2024-11-03 06:00:00,13.3,,78.0,,좋음,25.0
2024-11-03 07:00:00,13.0,,80.0,,좋음,27.0
2024-11-03 08:00:00,13.4,,80.0,,좋음,30.0
2024-11-03 09:00:00,15.0,,74.0,,보통,40.0
2024-11-03 10:00:00,17.2,,67.0,,보통,36.0
2024-11-03 11:00:00,19.4,,60.0,,보통,34.0
2024-11-03 12:00:00,20.7,,55.0,,좋음,28.0
2024-11-03 13:00:00,22.9,,50.0,,좋음,28.0
2024-11-03 14:00:00,23.2,,49.0,,좋음,23.0
2024-11-03 15:00:00,22.3,,50.0,,좋음,25.0
2024-11-03 16:00:00,22.1,,55.0,,좋음,29.0
2024-11-03 17:00:00,20.6,,64.0,,보통,33.0
2024-11-03 18:00:00,19.6,,74.0,,보통,31.0
2024-11-03 19:00:00,19.1,,77.0,,좋음,28.0
2024-11-03 20:00:00,18.8,,81.0,,좋음,26.0
2024-11-03 21:00:00,18.8,0.0,82.0,,좋음,28.0
2024-11-03 22:00:00,18.1,,81.0,,좋음,30.0
2024-11-03 23:00:00,17.7,,81.0,,보통,33.0
2024-11-04 00:00:00,17.3,,81.0,,좋음,28.0
2024-11-04 01:00:00,17.5,,81.0,,좋음,30.0
2024-11-04 02:00:00,17.4,,82.0,,좋음,23.0
2024-11-04 03:00:00,17.1,0.1,84.0,,좋음,20.0
2024-11-04 04:00:00,16.8,,86.0,,좋음,24.0
2024-11-04 05:00:00,16.8,,88.0,,좋음,21.0
2024-11-04 06:00:00,16.5,,86.0,,좋음,23.0
2024-11-04 07:00:00,16.5,,86.0,,좋음,30.0
2024-11-04 08:00:00,16.6,,87.0,,보통,33.0
2024-11-04 09:00:00,17.1,,84.0,,보통,40.0
2024-11-04 10:00:00,17.5,,74.0,,보통,39.0
2024-11-04 11:00:00,17.4,,61.0,,보통,39.0
2024-11-04 12:00:00,17.8,,42.0,,좋음,27.0
2024-11-04 13:00:00,17.8,,42.0,,좋음,20.0
2024-11-04 14:00:00,17.7,,49.0,,좋음,24.0
2024-11-04 15:00:00,17.6,,43.0,,좋음,29.0
2024-11-04 16:00:00,16.4,,48.0,,,
2024-11-04 17:00:00,15.1,,47.0,,,
2024-11-04 18:00:00,13.3,,45.0,,,
2024-11-04 19:00:00,12.2,,47.0,,보통,31.0
2024-11-04 20:00:00,11.1,,49.0,,,
2024-11-04 21:00:00,10.3,,52.0,,좋음,26.0
2024-11-04 22:00:00,9.8,,54.0,,좋음,26.0
2024-11-04 23:00:00,9.3,,56.0,,좋음,26.0
2024-11-05 00:00:00,9.0,,60.0,,좋음,28.0
2024-11-05 01:00:00,8.7,,58.0,,좋음,27.0
2024-11-05 02:00:00,8.1,,59.0,,좋음,24.0
2024-11-05 03:00:00,7.8,,61.0,,좋음,24.0
2024-11-05 04:00:00,7.5,,60.0,,좋음,21.0
2024-11-05 05:00:00,7.4,,62.0,,좋음,23.0
2024-11-05 06:00:00,6.6,,65.0,,좋음,25.0
2024-11-05 07:00:00,6.0,,67.0,,좋음,28.0
2024-11-05 08:00:00,5.6,,71.0,,보통,33.0
2024-11-05 09:00:00,7.4,,66.0,,보통,31.0
2024-11-05 10:00:00,10.0,,59.0,,보통,32.0
2024-11-05 11:00:00,11.7,,51.0,,보통,33.0
2024-11-05 12:00:00,12.8,,48.0,,좋음,30.0
2024-11-05 13:00:00,13.5,,45.0,,보통,31.0
2024-11-05 14:00:00,14.3,,45.0,,좋음,30.0
2024-11-05 15:00:00,14.4,,44.0,,좋음,25.0
2024-11-05 16:00:00,13.1,,39.0,,좋음,29.0
2024-11-05 17:00:00,12.0,,36.0,,보통,35.0
2024-11-05 18:00:00,10.6,,32.0,,보통,32.0
2024-11-05 19:00:00,9.5,,30.0,,좋음,27.0
2024-11-05 20:00:00,8.4,,33.0,,좋음,27.0
2024-11-05 21:00:00,7.3,,37.0,,좋음,29.0
2024-11-05 22:00:00,6.4,,39.0,,좋음,26.0
2024-11-05 23:00:00,6.4,,42.0,,좋음,25.0
2024-11-06 00:00:00,6.0,,45.0,,좋음,26.0
2024-11-06 01:00:00,5.6,,47.0,,좋음,26.0
2024-11-06 02:00:00,5.1,,51.0,,좋음,24.0
2024-11-06 03:00:00,5.4,,53.0,,좋음,20.0
2024-11-06 04:00:00,5.1,,53.0,,좋음,24.0
2024-11-06 05:00:00,4.4,,57.0,,좋음,22.0
2024-11-06 06:00:00,4.2,,60.0,,좋음,23.0
2024-11-06 07:00:00,5.1,,60.0,,좋음,24.0
2024-11-06 08:00:00,5.0,,60.0,,좋음,29.0
2024-11-06 09:00:00,7.0,,53.0,,보통,33.0
2024-11-06 10:00:00,8.1,,50.0,,보통,34.0
2024-11-06 11:00:00,9.3,,42.0,,보통,33.0
2024-11-06 12:00:00,10.9,,37.0,,보통,33.0
2024-11-06 13:00:00,11.5,,31.0,,보통,48.0
2024-11-06 14:00:00,11.8,,29.0,,보통,35.0
2024-11-06 15:00:00,12.4,,31.0,,보통,35.0
2024-11-06 16:00:00,11.9,,32.0,,보통,33.0
2024-11-06 17:00:00,10.4,,35.0,,보통,31.0
2024-11-06 18:00:00,9.0,,38.0,,좋음,27.0
2024-11-06 19:00:00,8.5,,39.0,,좋음,28.0
2024-11-06 20:00:00,7.7,,42.0,,보통,31.0
2024-11-06 21:00:00,6.7,,46.0,,보통,32.0
2024-11-06 22:00:00,6.1,,47.0,,보통,38.0
2024-11-06 23:00:00,5.2,,50.0,,보통,40.0
2024-11-07 00:00:00,4.7,,51.0,,보통,45.0
2024-11-07 01:00:00,4.0,,55.0,,보통,43.0
2024-11-07 02:00:00,3.6,,55.0,,보통,43.0
2024-11-07 03:00:00,3.3,,61.0,,보통,41.0
2024-11-07 04:00:00,3.0,,58.0,,보통,41.0
2024-11-07 05:00:00,2.6,,62.0,,보통,40.0
2024-11-07 06:00:00,2.0,,64.0,,보통,43.0
2024-11-07 07:00:00,1.7,,66.0,,보통,50.0
2024-11-07 08:00:00,1.9,,67.0,,보통,43.0
2024-11-07 09:00:00,4.5,,59.0,,보통,51.0
2024-11-07 10:00:00,8.0,,51.0,,보통,58.0
2024-11-07 11:00:00,10.4,,39.0,,보통,56.0
2024-11-07 12:00:00,11.7,,35.0,,보통,56.0
2024-11-07 13:00:00,14.2,,33.0,,보통,49.0
2024-11-07 14:00:00,14.5,,30.0,,보통,47.0
2024-11-07 15:00:00,15.4,,29.0,,보통,52.0
2024-11-07 16:00:00,15.0,,29.0,,보통,50.0
2024-11-07 17:00:00,13.2,,34.0,,보통,41.0
2024-11-07 18:00:00,10.9,,39.0,,보통,43.0
2024-11-07 19:00:00,10.0,,41.0,,보통,43.0
2024-11-07 20:00:00,9.1,,45.0,,보통,42.0
2024-11-07 21:00:00,8.2,,48.0,,보통,48.0
2024-11-07 22:00:00,7.7,,49.0,,보통,50.0
2024-11-07 23:00:00,7.3,,49.0,,보통,51.0
2024-11-08 00:00:00,6.5,,50.0,,보통,48.0
2024-11-08 01:00:00,6.1,,53.0,,보통,45.0
2024-11-08 02:00:00,5.4,,54.0,,보통,38.0
2024-11-08 03:00:00,5.1,,56.0,,보통,41.0
2024-11-08 04:00:00,4.4,,60.0,,보통,43.0
2024-11-08 05:00:00,3.7,,63.0,,보통,43.0
2024-11-08 06:00:00,3.5,,64.0,,보통,41.0
2024-11-08 07:00:00,3.2,,67.0,,보통,48.0
2024-11-08 08:00:00,3.4,,68.0,,보통,45.0
2024-11-08 09:00:00,6.0,,58.0,,보통,45.0
2024-11-08 10:00:00,9.6,,49.0,,보통,44.0
2024-11-08 11:00:00,12.6,,41.0,,보통,42.0
2024-11-08 12:00:00,14.7,,38.0,,보통,45.0
2024-11-08 13:00:00,16.5,,36.0,,보통,48.0
2024-11-08 14:00:00,17.1,,40.0,,보통,42.0
2024-11-08 15:00:00,18.0,,36.0,,보통,41.0
2024-11-08 16:00:00,17.3,,34.0,,보통,43.0
2024-11-08 17:00:00,15.5,,41.0,,보통,36.0
2024-11-08 18:00:00,13.6,,45.0,,보통,39.0
2024-11-08 19:00:00,12.4,,45.0,,보통,54.0
2024-11-08 20:00:00,11.6,,49.0,,보통,48.0
2024-11-08 21:00:00,10.8,,53.0,,보통,49.0
2024-11-08 22:00:00,10.2,,58.0,,보통,48.0
2024-11-08 23:00:00,9.6,,59.0,,보통,47.0
2024-11-09 00:00:00,9.5,,56.0,,보통,47.0
2024-11-09 01:00:00,9.1,,56.0,,보통,45.0
2024-11-09 02:00:00,8.5,,59.0,,보통,41.0
2024-11-09 03:00:00,8.4,,58.0,,보통,38.0
2024-11-09 04:00:00,8.0,,60.0,,보통,37.0
2024-11-09 05:00:00,7.5,,64.0,,보통,37.0
2024-11-09 06:00:00,6.9,,66.0,,보통,35.0
2024-11-09 07:00:00,6.9,,66.0,,보통,35.0
2024-11-09 08:00:00,7.1,,69.0,,보통,35.0
2024-11-09 09:00:00,9.1,,64.0,,보통,33.0
2024-11-09 10:00:00,12.4,,55.0,,보통,34.0
2024-11-09 11:00:00,15.5,,49.0,,보통,37.0
2024-11-09 12:00:00,17.7,,47.0,,보통,36.0
2024-11-09 13:00:00,18.9,,43.0,,좋음,29.0
2024-11-09 14:00:00,19.8,,40.0,,좋음,30.0
2024-11-09 15:00:00,20.2,,36.0,,보통,35.0
2024-11-09 16:00:00,19.5,,36.0,,좋음,27.0
2024-11-09 17:00:00,17.6,,47.0,,보통,36.0
2024-11-09 18:00:00,15.8,,50.0,,보통,36.0
2024-11-09 19:00:00,14.7,,53.0,,보통,41.0
2024-11-09 20:00:00,14.0,,57.0,,보통,45.0
2024-11-09 21:00:00,13.4,,58.0,,보통,56.0
2024-11-09 22:00:00,12.7,,62.0,,보통,47.0
2024-11-09 23:00:00,12.0,,64.0,,보통,39.0
2024-11-10 00:00:00,11.4,,67.0,,보통,37.0
2024-11-10 01:00:00,11.0,,68.0,,보통,42.0
2024-11-10 02:00:00,10.9,,69.0,,보통,37.0
2024-11-10 03:00:00,10.6,,70.0,,보통,34.0
2024-11-10 04:00:00,10.5,,71.0,,보통,32.0
2024-11-10 05:00:00,10.5,,72.0,,보통,31.0
2024-11-10 06:00:00,10.4,,72.0,,보통,33.0
2024-11-10 07:00:00,10.4,,71.0,,보통,36.0
2024-11-10 08:00:00,10.8,,72.0,,보통,36.0
2024-11-10 09:00:00,11.4,,71.0,,보통,33.0
2024-11-10 10:00:00,13.5,,65.0,,보통,35.0
2024-11-10 11:00:00,15.8,,58.0,,보통,33.0
2024-11-10 12:00:00,17.7,,55.0,,좋음,30.0
2024-11-10 13:00:00,20.0,,50.0,,좋음,24.0
2024-11-10 14:00:00,20.3,,47.0,,좋음,25.0
2024-11-10 15:00:00,20.9,,46.0,,좋음,21.0
2024-11-10 16:00:00,20.4,,46.0,,좋음,25.0
2024-11-10 17:00:00,18.6,,50.0,,좋음,24.0
2024-11-10 18:00:00,16.9,,57.0,,좋음,18.0
2024-11-10 19:00:00,15.8,,66.0,,좋음,27.0
2024-11-10 20:00:00,15.3,,67.0,,보통,33.0
2024-11-10 21:00:00,14.6,,66.0,,보통,38.0
2024-11-10 22:00:00,13.9,,67.0,,보통,38.0
2024-11-10 23:00:00,13.2,,73.0,,보통,38.0
2024-11-11 00:00:00,12.5,,75.0,,보통,37.0
2024-11-11 01:00:00,12.0,,77.0,,보통,37.0
2024-11-11 02:00:00,11.6,,80.0,,보통,40.0
2024-11-11 03:00:00,11.1,,80.0,,보통,44.0
2024-11-11 04:00:00,10.6,,81.0,,보통,46.0
2024-11-11 05:00:00,10.3,,82.0,,보통,46.0
2024-11-11 06:00:00,10.1,,82.0,,보통,51.0
2024-11-11 07:00:00,10.0,,82.0,,보통,54.0
2024-11-11 08:00:00,9.8,,80.0,,보통,57.0
2024-11-11 09:00:00,11.3,,71.0,,보통,65.0
2024-11-11 10:00:00,14.0,,64.0,,보통,77.0
2024-11-11 11:00:00,16.3,,53.0,,보통,76.0
2024-11-11 12:00:00,17.8,,49.0,,보통,79.0
2024-11-11 13:00:00,19.2,,44.0,,보통,67.0
2024-11-11 14:00:00,20.4,,42.0,,보통,68.0
2024-11-11 15:00:00,21.6,,38.0,,보통,68.0
2024-11-11 16:00:00,21.1,,36.0,,보통,66.0
2024-11-11 17:00:00,19.7,,42.0,,보통,66.0
2024-11-11 18:00:00,17.3,,54.0,,보통,80.0
2024-11-11 19:00:00,15.9,,59.0,,나쁨,84.0
2024-11-11 20:00:00,15.2,,62.0,,나쁨,87.0
2024-11-11 21:00:00,14.5,,65.0,,나쁨,88.0
2024-11-11 22:00:00,13.9,,69.0,,보통,76.0
2024-11-11 23:00:00,13.2,,73.0,,보통,73.0
2024-11-12 00:00:00,13.4,,77.0,,보통,78.0
2024-11-12 01:00:00,13.5,,76.0,,보통,75.0
2024-11-12 02:00:00,13.5,,76.0,,보통,69.0
2024-11-12 03:00:00,13.4,,78.0,,보통,67.0
2024-11-12 04:00:00,13.4,,76.0,,보통,62.0
2024-11-12 05:00:00,13.3,,72.0,,보통,50.0
2024-11-12 06:00:00,12.9,,74.0,,보통,34.0
2024-11-12 07:00:00,11.9,,77.0,,좋음,24.0
2024-11-12 08:00:00,11.4,,80.0,,좋음,30.0
2024-11-12 09:00:00,12.2,,79.0,,보통,34.0
2024-11-12 10:00:00,14.0,,69.0,,보통,42.0
2024-11-12 11:00:00,15.8,,52.0,,보통,44.0
2024-11-12 12:00:00,17.2,,45.0,,보통,40.0
2024-11-12 13:00:00,17.5,,45.0,,,
2024-11-12 14:00:00,18.5,,47.0,,,
2024-11-12 15:00:00,19.0,,50.0,,,
2024-11-12 16:00:00,18.6,,48.0,,,
2024-11-12 17:00:00,17.0,,52.0,,보통,35.0
2024-11-12 18:00:00,15.6,,61.0,,보통,40.0
2024-11-12 19:00:00,14.5,,70.0,,보통,39.0
2024-11-12 20:00:00,13.9,,73.0,,보통,44.0
2024-11-12 21:00:00,13.2,,74.0,,보통,46.0
2024-11-12 22:00:00,12.3,,74.0,,보통,45.0
2024-11-12 23:00:00,11.6,,71.0,,보통,48.0
2024-11-13 00:00:00,11.0,,73.0,,보통,49.0
2024-11-13 01:00:00,10.4,,73.0,,보통,46.0
2024-11-13 02:00:00,9.9,,72.0,,보통,42.0
2024-11-13 03:00:00,9.3,,76.0,,보통,42.0
2024-11-13 04:00:00,9.0,,77.0,,보통,38.0
2024-11-13 05:00:00,8.8,,78.0,,보통,41.0
2024-11-13 06:00:00,8.4,,80.0,,보통,44.0
2024-11-13 07:00:00,8.4,,78.0,,보통,43.0
2024-11-13 08:00:00,8.8,,79.0,,보통,44.0
2024-11-13 09:00:00,10.9,,73.0,,보통,48.0
2024-11-13 10:00:00,14.0,,63.0,,보통,49.0
2024-11-13 11:00:00,16.4,,58.0,,보통,52.0
2024-11-13 12:00:00,18.1,,54.0,,보통,51.0
2024-11-13 13:00:00,19.5,,51.0,,보통,38.0
2024-11-13 14:00:00,20.6,,46.0,,보통,37.0
2024-11-13 15:00:00,20.7,,42.0,,보통,40.0
2024-11-13 16:00:00,20.3,,44.0,,보통,41.0
2024-11-13 17:00:00,18.6,,48.0,,보통,41.0
2024-11-13 18:00:00,17.2,,51.0,,보통,40.0
2024-11-13 19:00:00,16.2,,57.0,,보통,51.0
2024-11-13 20:00:00,15.6,,60.0,,보통,53.0
2024-11-13 21:00:00,14.7,,62.0,,보통,50.0
2024-11-13 22:00:00,14.4,,63.0,,보통,57.0
2024-11-13 23:00:00,14.3,,64.0,,보통,54.0
2024-11-14 00:00:00,14.1,,65.0,,보통,49.0
2024-11-14 01:00:00,14.2,,66.0,,보통,46.0
2024-11-14 02:00:00,13.9,,68.0,,보통,46.0
2024-11-14 03:00:00,13.7,,68.0,,보통,41.0
2024-11-14 04:00:00,13.3,,70.0,,보통,39.0
2024-11-14 05:00:00,13.4,,70.0,,보통,40.0
2024-11-14 06:00:00,13.6,,70.0,,보통,43.0
2024-11-14 07:00:00,13.6,,70.0,,보통,45.0
2024-11-14 08:00:00,13.6,,71.0,,보통,41.0
2024-11-14 09:00:00,14.4,,69.0,,보통,41.0
2024-11-14 10:00:00,15.5,,65.0,,보통,38.0
2024-11-14 11:00:00,15.4,,68.0,,보통,35.0
2024-11-14 12:00:00,15.9,0.1,64.0,,보통,39.0
2024-11-14 13:00:00,16.6,,63.0,,보통,42.0
2024-11-14 14:00:00,16.5,,62.0,,보통,38.0
2024-11-14 15:00:00,16.7,,61.0,,보통,38.0
2024-11-14 16:00:00,16.3,,63.0,,보통,42.0
2024-11-14 17:00:00,15.7,,67.0,,보통,45.0
2024-11-14 18:00:00,15.3,0.0,68.0,,보통,44.0
2024-11-14 19:00:00,14.7,,68.0,,보통,43.0
2024-11-14 20:00:00,14.4,,70.0,,보통,42.0
2024-11-14 21:00:00,14.4,0.0,73.0,,보통,40.0
2024-11-14 22:00:00,14.4,,73.0,,보통,42.0
2024-11-14 23:00:00,14.5,,75.0,,보통,41.0
2024-11-15 00:00:00,14.4,,74.0,,보통,38.0
2024-11-15 01:00:00,13.8,,76.0,,보통,38.0
2024-11-15 02:00:00,13.8,,77.0,,보통,33.0
2024-11-15 03:00:00,14.2,,75.0,,보통,31.0
2024-11-15 04:00:00,14.2,,77.0,,보통,31.0
2024-11-15 05:00:00,14.2,,76.0,,보통,33.0
2024-11-15 06:00:00,14.2,,76.0,,보통,37.0
2024-11-15 07:00:00,14.1,,77.0,,보통,36.0
2024-11-15 08:00:00,14.2,,76.0,,보통,34.0
2024-11-15 09:00:00,14.7,0.0,78.0,,좋음,29.0
2024-11-15 10:00:00,15.4,,76.0,,보통,34.0
2024-11-15 11:00:00,16.5,,70.0,,보통,46.0
2024-11-15 12:00:00,17.8,,66.0,,보통,40.0
2024-11-15 13:00:00,20.1,,58.0,,보통,35.0
2024-11-15 14:00:00,20.9,,54.0,,보통,34.0
2024-11-15 15:00:00,20.9,,54.0,,보통,33.0
2024-11-15 16:00:00,21.3,,51.0,,보통,35.0
2024-11-15 17:00:00,20.0,,49.0,,보통,33.0
2024-11-15 18:00:00,19.0,,53.0,,좋음,29.0
2024-11-15 19:00:00,18.8,,55.0,,보통,32.0
2024-11-15 20:00:00,18.6,,55.0,,보통,33.0
2024-11-15 21:00:00,18.3,,56.0,,좋음,29.0
2024-11-15 22:00:00,17.3,,59.0,,좋음,25.0
2024-11-15 23:00:00,16.5,,62.0,,좋음,27.0
2024-11-16 00:00:00,16.7,,63.0,,좋음,23.0
2024-11-16 01:00:00,16.8,,64.0,,좋음,20.0
2024-11-16 02:00:00,16.7,,64.0,,좋음,22.0
2024-11-16 03:00:00,16.4,,65.0,,좋음,22.0
2024-11-16 04:00:00,15.8,,67.0,,좋음,22.0
2024-11-16 05:00:00,15.8,,67.0,,좋음,21.0
2024-11-16 06:00:00,15.8,,68.0,,좋음,22.0
2024-11-16 07:00:00,15.3,,69.0,,좋음,24.0
2024-11-16 08:00:00,14.8,,72.0,,좋음,28.0
2024-11-16 09:00:00,16.4,,70.0,,좋음,28.0
2024-11-16 10:00:00,18.5,,64.0,,보통,32.0
2024-11-16 11:00:00,20.9,,54.0,,보통,37.0
2024-11-16 12:00:00,21.2,,48.0,,좋음,29.0
2024-11-16 13:00:00,21.8,,49.0,,좋음,25.0
2024-11-16 14:00:00,21.4,,53.0,,좋음,28.0
2024-11-16 15:00:00,19.7,0.0,60.0,,좋음,29.0
2024-11-16 16:00:00,16.8,,81.0,,보통,33.0
2024-11-16 17:00:00,16.1,,88.0,,보통,32.0
2024-11-16 18:00:00,16.1,2.9,92.0,,보통,32.0
2024-11-16 19:00:00,16.3,,92.0,,좋음,26.0
2024-11-16 20:00:00,16.1,,91.0,,좋음,13.0
2024-11-16 21:00:00,16.0,3.6,92.0,,좋음,25.0
2024-11-16 22:00:00,15.8,,91.0,,좋음,21.0
2024-11-16 23:00:00,15.4,,90.0,,좋음,25.0
2024-11-17 00:00:00,14.4,,85.0,,좋음,22.0
2024-11-17 01:00:00,13.6,,85.0,,좋음,19.0
2024-11-17 02:00:00,12.6,,82.0,,좋음,19.0
2024-11-17 03:00:00,11.6,,80.0,,좋음,22.0
2024-11-17 04:00:00,10.5,,71.0,,좋음,23.0
2024-11-17 05:00:00,9.2,,68.0,,좋음,16.0
2024-11-17 06:00:00,8.1,,62.0,,좋음,18.0
2024-11-17 07:00:00,7.5,,61.0,,좋음,17.0
2024-11-17 08:00:00,7.2,,57.0,,좋음,15.0
2024-11-17 09:00:00,7.0,,52.0,,좋음,13.0
2024-11-17 10:00:00,7.1,,52.0,,좋음,14.0
2024-11-17 11:00:00,7.2,,47.0,,좋음,18.0
2024-11-17 12:00:00,7.3,,45.0,,좋음,21.0
2024-11-17 13:00:00,7.7,,43.0,,좋음,24.0
2024-11-17 14:00:00,9.8,,40.0,,좋음,23.0
2024-11-17 15:00:00,8.7,,40.0,,좋음,26.0
2024-11-17 16:00:00,9.0,,35.0,,좋음,27.0
2024-11-17 17:00:00,7.9,,34.0,,좋음,25.0
2024-11-17 18:00:00,6.8,,32.0,,좋음,21.0
2024-11-17 19:00:00,5.8,,33.0,,좋음,21.0
2024-11-17 20:00:00,4.9,,35.0,,좋음,20.0
2024-11-17 21:00:00,4.0,,37.0,,좋음,18.0
2024-11-17 22:00:00,3.3,,38.0,,좋음,16.0
2024-11-17 23:00:00,2.7,,36.0,,좋음,16.0
2024-11-18 00:00:00,2.1,,33.0,,좋음,14.0
2024-11-18 01:00:00,1.9,,31.0,,좋음,13.0
2024-11-18 02:00:00,1.2,,31.0,,좋음,13.0
2024-11-18 03:00:00,0.9,,30.0,,좋음,10.0
2024-11-18 04:00:00,0.7,,32.0,,좋음,10.0
2024-11-18 05:00:00,0.2,,33.0,,좋음,12.0
2024-11-18 06:00:00,0.0,,33.0,,좋음,14.0
2024-11-18 07:00:00,-0.5,,35.0,,좋음,15.0
2024-11-18 08:00:00,0.2,,33.0,,좋음,16.0
2024-11-18 09:00:00,1.3,,28.0,,좋음,22.0
2024-11-18 10:00:00,2.8,,29.0,,좋음,18.0
2024-11-18 11:00:00,4.3,,28.0,,좋음,19.0
2024-11-18 12:00:00,5.7,,26.0,,좋음,19.0
2024-11-18 13:00:00,6.7,,24.0,,좋음,22.0
2024-11-18 14:00:00,7.4,,23.0,,좋음,24.0
2024-11-18 15:00:00,7.8,,22.0,,보통,33.0
2024-11-18 16:00:00,7.3,,23.0,,보통,31.0
2024-11-18 17:00:00,5.6,,26.0,,좋음,24.0
2024-11-18 18:00:00,4.7,,27.0,,좋음,22.0
2024-11-18 19:00:00,3.8,,30.0,,좋음,24.0
2024-11-18 20:00:00,2.4,,33.0,,좋음,24.0
2024-11-18 21:00:00,1.9,,37.0,,좋음,25.0
2024-11-18 22:00:00,1.5,,41.0,,좋음,25.0
2024-11-18 23:00:00,0.8,,40.0,,좋음,26.0
2024-11-19 00:00:00,0.3,,44.0,,좋음,28.0
2024-11-19 01:00:00,0.8,,41.0,,좋음,28.0
2024-11-19 02:00:00,1.2,,45.0,,좋음,27.0
2024-11-19 03:00:00,1.3,,49.0,,좋음,24.0
2024-11-19 04:00:00,1.2,,52.0,,좋음,23.0
2024-11-19 05:00:00,1.2,,55.0,,좋음,23.0
2024-11-19 06:00:00,1.3,,57.0,,좋음,25.0
2024-11-19 07:00:00,1.4,,57.0,,좋음,28.0
2024-11-19 08:00:00,1.3,,60.0,,좋음,27.0
2024-11-19 09:00:00,3.5,,55.0,,좋음,27.0
2024-11-19 10:00:00,5.0,,50.0,,보통,31.0
2024-11-19 11:00:00,7.0,,45.0,,좋음,29.0
2024-11-19 12:00:00,9.1,,42.0,,좋음,27.0
2024-11-19 13:00:00,9.4,,43.0,,좋음,27.0
2024-11-19 14:00:00,11.0,,42.0,,좋음,20.0
2024-11-19 15:00:00,10.9,,40.0,,좋음,29.0
2024-11-19 16:00:00,10.4,,39.0,,보통,39.0
2024-11-19 17:00:00,9.6,,42.0,,보통,31.0
2024-11-19 18:00:00,8.3,,46.0,,보통,31.0
2024-11-19 19:00:00,7.3,,48.0,,보통,39.0
2024-11-19 20:00:00,6.2,,51.0,,보통,40.0
2024-11-19 21:00:00,5.9,,53.0,,보통,36.0
2024-11-19 22:00:00,5.7,,54.0,,보통,35.0
2024-11-19 23:00:00,5.4,,53.0,,보통,33.0
2024-11-20 00:00:00,4.9,,54.0,,보통,31.0
2024-11-20 01:00:00,4.1,,58.0,,보통,32.0
2024-11-20 02:00:00,3.4,,62.0,,보통,31.0
2024-11-20 03:00:00,3.0,,66.0,,보통,35.0
2024-11-20 04:00:00,2.9,,68.0,,보통,35.0
2024-11-20 05:00:00,2.5,,69.0,,보통,33.0
2024-11-20 06:00:00,2.6,,70.0,,보통,38.0
2024-11-20 07:00:00,3.0,,68.0,,보통,38.0
2024-11-20 08:00:00,3.8,,66.0,,보통,43.0
2024-11-20 09:00:00,4.7,,64.0,,보통,44.0
2024-11-20 10:00:00,6.3,,59.0,,보통,43.0
2024-11-20 11:00:00,7.4,,54.0,,보통,45.0
2024-11-20 12:00:00,9.5,,50.0,,보통,47.0
2024-11-20 13:00:00,9.4,,50.0,,보통,47.0
2024-11-20 14:00:00,9.5,,51.0,,보통,45.0
2024-11-20 15:00:00,9.3,,52.0,,보통,43.0
2024-11-20 16:00:00,9.4,,62.0,,보통,48.0
2024-11-20 17:00:00,8.8,,67.0,,보통,46.0
2024-11-20 18:00:00,8.5,,71.0,,보통,50.0
2024-11-20 19:00:00,8.5,,68.0,,보통,49.0
2024-11-20 20:00:00,8.0,,72.0,,보통,51.0
2024-11-20 21:00:00,7.6,,74.0,,보통,54.0
2024-11-20 22:00:00,7.2,,77.0,,보통,56.0
2024-11-20 23:00:00,6.6,,78.0,,보통,54.0
2024-11-21 00:00:00,6.5,,79.0,,보통,55.0
2024-11-21 01:00:00,6.8,,80.0,,보통,55.0
2024-11-21 02:00:00,6.8,,79.0,,보통,55.0
2024-11-21 03:00:00,6.9,0.0,81.0,,보통,55.0
2024-11-21 04:00:00,7.0,,82.0,,보통,55.0
2024-11-21 05:00:00,6.9,,81.0,,보통,55.0
2024-11-21 06:00:00,6.2,0.0,82.0,,보통,60.0
2024-11-21 07:00:00,6.1,,84.0,,보통,61.0
2024-11-21 08:00:00,6.4,,84.0,,보통,65.0
2024-11-21 09:00:00,7.5,,82.0,,보통,71.0
2024-11-21 10:00:00,8.9,,79.0,,나쁨,81.0
2024-11-21 11:00:00,10.1,,75.0,,나쁨,82.0
2024-11-21 12:00:00,13.0,,71.0,,나쁨,86.0
2024-11-21 13:00:00,13.4,,65.0,,나쁨,82.0
2024-11-21 14:00:00,13.1,,60.0,,보통,72.0
2024-11-21 15:00:00,12.6,0.0,69.0,,보통,66.0
2024-11-21 16:00:00,13.5,,59.0,,보통,52.0
2024-11-21 17:00:00,12.5,,61.0,,보통,55.0
2024-11-21 18:00:00,11.6,,66.0,,보통,39.0
2024-11-21 19:00:00,11.6,,71.0,,보통,52.0
2024-11-21 20:00:00,11.2,,68.0,,보통,65.0
2024-11-21 21:00:00,10.8,,70.0,,보통,56.0
2024-11-21 22:00:00,10.9,,74.0,,보통,49.0
2024-11-21 23:00:00,10.5,,59.0,,보통,60.0
2024-11-22 00:00:00,8.9,,54.0,,보통,57.0
2024-11-22 01:00:00,7.6,,55.0,,보통,46.0
2024-11-22 02:00:00,6.8,,59.0,,보통,50.0
2024-11-22 03:00:00,6.1,,62.0,,보통,50.0
2024-11-22 04:00:00,5.6,,63.0,,보통,45.0
2024-11-22 05:00:00,4.8,,64.0,,보통,39.0
2024-11-22 06:00:00,4.5,,62.0,,보통,38.0
2024-11-22 07:00:00,3.7,,64.0,,보통,34.0
2024-11-22 08:00:00,3.4,,64.0,,보통,33.0
2024-11-22 09:00:00,4.5,,59.0,,보통,33.0
2024-11-22 10:00:00,6.1,,51.0,,보통,34.0
2024-11-22 11:00:00,7.7,,44.0,,보통,31.0
2024-11-22 12:00:00,8.1,,40.0,,,
2024-11-22 13:00:00,9.4,,36.0,,,
2024-11-22 14:00:00,10.2,,34.0,,,
2024-11-22 15:00:00,10.1,,34.0,,좋음,29.0
2024-11-22 16:00:00,10.2,,34.0,,좋음,28.0
2024-11-22 17:00:00,8.6,,35.0,,보통,32.0
2024-11-22 18:00:00,7.8,,37.0,,좋음,29.0
2024-11-22 19:00:00,7.5,,37.0,,좋음,29.0
2024-11-22 20:00:00,6.8,,41.0,,보통,32.0
2024-11-22 21:00:00,5.4,,43.0,,보통,35.0
2024-11-22 22:00:00,4.6,,46.0,,보통,37.0
2024-11-22 23:00:00,3.8,,45.0,,보통,39.0
2024-11-23 00:00:00,3.4,,47.0,,보통,37.0
2024-11-23 01:00:00,2.8,,49.0,,보통,40.0
2024-11-23 02:00:00,2.6,,43.0,,보통,36.0
2024-11-23 03:00:00,2.5,,47.0,,보통,32.0
2024-11-23 04:00:00,2.2,,47.0,,보통,31.0
2024-11-23 05:00:00,2.1,,49.0,,좋음,29.0
2024-11-23 06:00:00,1.8,,50.0,,좋음,30.0
2024-11-23 07:00:00,1.8,,54.0,,보통,33.0
2024-11-23 08:00:00,1.6,,56.0,,보통,33.0
2024-11-23 09:00:00,3.5,,52.0,,보통,37.0
2024-11-23 10:00:00,6.8,,44.0,,보통,34.0
2024-11-23 11:00:00,8.9,,38.0,,좋음,28.0
2024-11-23 12:00:00,10.4,,38.0,,좋음,28.0
2024-11-23 13:00:00,11.5,,38.0,,좋음,26.0
2024-11-23 14:00:00,12.1,,36.0,,좋음,22.0
2024-11-23 15:00:00,12.1,,35.0,,좋음,25.0
2024-11-23 16:00:00,12.1,,36.0,,좋음,24.0
2024-11-23 17:00:00,10.3,,39.0,,좋음,23.0
2024-11-23 18:00:00,9.2,,43.0,,좋음,24.0
2024-11-23 19:00:00,8.0,,50.0,,좋음,24.0
2024-11-23 20:00:00,7.2,,53.0,,좋음,23.0
2024-11-23 21:00:00,6.7,,52.0,,좋음,28.0
2024-11-23 22:00:00,6.0,,56.0,,보통,36.0
2024-11-23 23:00:00,5.4,,59.0,,보통,39.0
2024-11-24 00:00:00,4.9,,60.0,,보통,35.0
2024-11-24 01:00:00,4.3,,61.0,,좋음,29.0
2024-11-24 02:00:00,4.4,,64.0,,좋음,23.0
2024-11-24 03:00:00,3.9,,66.0,,좋음,19.0
2024-11-24 04:00:00,3.7,,67.0,,좋음,19.0
2024-11-24 05:00:00,3.5,,70.0,,좋음,19.0
2024-11-24 06:00:00,3.1,,73.0,,좋음,18.0
2024-11-24 07:00:00,2.8,,76.0,,좋음,18.0
2024-11-24 08:00:00,2.7,,76.0,,좋음,18.0
2024-11-24 09:00:00,4.5,,72.0,,좋음,21.0
2024-11-24 10:00:00,7.4,,60.0,,좋음,20.0
2024-11-24 11:00:00,9.8,,54.0,,좋음,18.0
2024-11-24 12:00:00,10.8,,51.0,,좋음,18.0
2024-11-24 13:00:00,12.7,,46.0,,좋음,18.0
2024-11-24 14:00:00,13.5,,39.0,,좋음,18.0
2024-11-24 15:00:00,13.6,,40.0,,좋음,20.0
2024-11-24 16:00:00,13.2,,40.0,,좋음,19.0
2024-11-24 17:00:00,11.5,,46.0,,좋음,19.0
2024-11-24 18:00:00,10.1,,47.0,,좋음,20.0
2024-11-24 19:00:00,9.1,,49.0,,좋음,22.0
2024-11-24 20:00:00,8.1,,52.0,,좋음,26.0
2024-11-24 21:00:00,7.3,,57.0,,좋음,27.0
2024-11-24 22:00:00,6.8,,58.0,,좋음,29.0
2024-11-24 23:00:00,6.3,,60.0,,좋음,29.0
2024-11-25 00:00:00,6.1,,61.0,,좋음,29.0
2024-11-25 01:00:00,5.6,,64.0,,보통,32.0
2024-11-25 02:00:00,5.0,,65.0,,좋음,28.0
2024-11-25 03:00:00,4.5,,66.0,,좋음,26.0
2024-11-25 04:00:00,4.0,,69.0,,좋음,24.0
2024-11-25 05:00:00,3.6,,70.0,,좋음,26.0
2024-11-25 06:00:00,3.8,,71.0,,좋음,30.0
2024-11-25 07:00:00,3.8,,71.0,,좋음,28.0
2024-11-25 08:00:00,4.3,,70.0,,좋음,29.0
2024-11-25 09:00:00,5.8,,66.0,,보통,31.0
2024-11-25 10:00:00,8.5,,59.0,,보통,33.0
2024-11-25 11:00:00,10.9,,52.0,,보통,38.0
2024-11-25 12:00:00,12.7,,50.0,,보통,33.0
2024-11-25 13:00:00,14.3,,48.0,,좋음,27.0
2024-11-25 14:00:00,15.2,,48.0,,좋음,28.0
2024-11-25 15:00:00,15.2,,49.0,,좋음,28.0
2024-11-25 16:00:00,14.6,,50.0,,좋음,28.0
2024-11-25 17:00:00,13.8,,52.0,,좋음,26.0
2024-11-25 18:00:00,13.3,,49.0,,좋음,26.0
2024-11-25 19:00:00,12.9,,49.0,,좋음,23.0
2024-11-25 20:00:00,13.1,,52.0,,좋음,26.0
2024-11-25 21:00:00,13.0,,55.0,,좋음,26.0
2024-11-25 22:00:00,12.8,,57.0,,좋음,27.0
2024-11-25 23:00:00,12.9,,57.0,,좋음,24.0
2024-11-26 00:00:00,12.7,0.0,55.0,,좋음,19.0
2024-11-26 01:00:00,12.2,,60.0,,좋음,15.0
2024-11-26 02:00:00,10.6,,77.0,,좋음,12.0
2024-11-26 03:00:00,9.7,5.2,88.0,,좋음,11.0
2024-11-26 04:00:00,9.5,,92.0,,좋음,7.0
2024-11-26 05:00:00,9.6,,93.0,,좋음,7.0
2024-11-26 06:00:00,9.7,8.5,93.0,,좋음,6.0
2024-11-26 07:00:00,9.4,,93.0,,좋음,6.0
2024-11-26 08:00:00,8.9,,92.0,,좋음,7.0
2024-11-26 09:00:00,8.0,2.3,82.0,,좋음,9.0
2024-11-26 10:00:00,8.2,,76.0,,좋음,17.0
2024-11-26 11:00:00,8.1,,72.0,,좋음,18.0
2024-11-26 12:00:00,6.8,0.1,75.0,,좋음,21.0
2024-11-26 13:00:00,6.7,,79.0,,좋음,23.0
2024-11-26 14:00:00,5.8,,81.0,,좋음,20.0
2024-11-26 15:00:00,4.8,0.9,83.0,,좋음,15.0
2024-11-26 16:00:00,4.8,,82.0,,좋음,12.0
2024-11-26 17:00:00,4.2,,87.0,,좋음,14.0
2024-11-26 18:00:00,3.7,1.4,87.0,,좋음,12.0
2024-11-26 19:00:00,3.8,,88.0,,좋음,7.0
2024-11-26 20:00:00,3.0,,89.0,,좋음,10.0
2024-11-26 21:00:00,2.6,1.0,89.0,,좋음,11.0
2024-11-26 22:00:00,2.3,,92.0,,좋음,6.0
2024-11-26 23:00:00,2.0,,93.0,,좋음,7.0
2024-11-27 00:00:00,1.0,6.6,94.0,0.9,좋음,5.0
2024-11-27 01:00:00,1.2,,94.0,0.6,좋음,8.0
2024-11-27 02:00:00,0.5,,96.0,2.0,좋음,5.0
2024-11-27 03:00:00,0.3,5.8,96.0,5.4,좋음,5.0
2024-11-27 04:00:00,0.3,,96.0,10.0,좋음,5.0
2024-11-27 05:00:00,0.3,,96.0,11.5,좋음,5.0
2024-11-27 06:00:00,0.2,9.0,97.0,15.2,좋음,5.0
2024-11-27 07:00:00,-1.0,,91.0,16.5,좋음,8.0
2024-11-27 08:00:00,-1.3,,89.0,16.2,좋음,10.0
2024-11-27 09:00:00,-1.0,1.5,89.0,15.0,좋음,18.0
2024-11-27 10:00:00,-0.4,,86.0,15.0,좋음,16.0
2024-11-27 11:00:00,-0.4,,89.0,15.0,좋음,16.0
2024-11-27 12:00:00,-0.4,0.3,89.0,15.0,좋음,14.0
2024-11-27 13:00:00,-0.2,,86.0,14.8,좋음,12.0
2024-11-27 14:00:00,-0.3,,91.0,17.0,좋음,13.0
2024-11-27 15:00:00,-0.3,3.0,90.0,18.0,좋음,9.0
2024-11-27 16:00:00,0.4,,85.0,17.5,좋음,10.0
2024-11-27 17:00:00,0.0,,80.0,17.0,좋음,13.0
2024-11-27 18:00:00,-0.6,0.0,81.0,16.2,좋음,16.0
2024-11-27 19:00:00,-0.7,,83.0,16.0,좋음,18.0
2024-11-27 20:00:00,-1.0,,85.0,16.0,좋음,16.0
2024-11-27 21:00:00,-1.1,0.0,88.0,16.0,좋음,15.0
2024-11-27 22:00:00,-0.6,,91.0,15.8,좋음,15.0
2024-11-27 23:00:00,-0.3,,94.0,16.3,좋음,15.0
2024-11-28 00:00:00,-0.1,2.8,95.0,20.1,좋음,10.0
2024-11-28 01:00:00,0.1,,95.0,21.1,좋음,10.0
2024-11-28 02:00:00,0.2,,96.0,24.0,좋음,10.0
2024-11-28 03:00:00,0.3,2.9,96.0,25.8,좋음,9.0
2024-11-28 04:00:00,0.3,,94.0,25.0,좋음,12.0
2024-11-28 05:00:00,-0.1,,93.0,24.7,좋음,19.0
2024-11-28 06:00:00,0.1,0.9,95.0,26.0,좋음,26.0
2024-11-28 07:00:00,0.1,,95.0,27.8,좋음,25.0
2024-11-28 08:00:00,0.4,,96.0,28.6,좋음,26.0
2024-11-28 09:00:00,0.8,1.1,93.0,27.1,좋음,24.0
2024-11-28 10:00:00,1.5,,91.0,25.5,좋음,20.0
2024-11-28 11:00:00,2.3,,85.0,23.4,좋음,17.0
2024-11-28 12:00:00,2.5,,81.0,20.7,좋음,20.0
2024-11-28 13:00:00,3.3,,75.0,19.1,좋음,19.0
2024-11-28 14:00:00,3.4,,67.0,16.1,좋음,22.0
2024-11-28 15:00:00,3.1,,65.0,14.6,좋음,24.0
2024-11-28 16:00:00,3.0,,66.0,13.7,좋음,25.0
2024-11-28 17:00:00,2.0,,71.0,13.3,좋음,23.0
2024-11-28 18:00:00,1.3,,75.0,13.0,좋음,23.0
2024-11-28 19:00:00,0.8,,77.0,12.7,좋음,23.0
2024-11-28 20:00:00,0.2,,75.0,12.5,좋음,21.0
2024-11-28 21:00:00,-0.1,,73.0,12.5,좋음,22.0
2024-11-28 22:00:00,-0.8,,77.0,12.4,좋음,26.0
2024-11-28 23:00:00,-1.3,,77.0,12.3,좋음,25.0
2024-11-29 00:00:00,-1.7,,78.0,12.3,좋음,25.0
2024-11-29 01:00:00,-1.7,,78.0,12.2,좋음,26.0
2024-11-29 02:00:00,-2.2,,78.0,12.2,좋음,30.0
2024-11-29 03:00:00,-2.6,,84.0,12.0,보통,32.0
2024-11-29 04:00:00,-2.6,,81.0,12.0,보통,34.0
2024-11-29 05:00:00,-2.9,,82.0,12.0,보통,33.0
2024-11-29 06:00:00,-3.0,,83.0,11.9,보통,34.0
2024-11-29 07:00:00,-3.3,,84.0,11.8,보통,34.0
2024-11-29 08:00:00,-3.2,,84.0,11.7,보통,35.0
2024-11-29 09:00:00,-2.2,,78.0,11.4,보통,35.0
2024-11-29 10:00:00,0.4,,68.0,10.9,보통,33.0
2024-11-29 11:00:00,2.1,,58.0,10.5,좋음,30.0
2024-11-29 12:00:00,2.6,,56.0,10.0,좋음,27.0
2024-11-29 13:00:00,3.2,,56.0,9.7,좋음,28.0
2024-11-29 14:00:00,2.7,,60.0,9.4,좋음,30.0
2024-11-29 15:00:00,2.7,0.0,63.0,8.9,보통,34.0
2024-11-29 16:00:00,3.0,,66.0,8.3,보통,36.0
2024-11-29 17:00:00,2.6,,70.0,8.1,보통,36.0
2024-11-29 18:00:00,2.4,0.0,75.0,8.0,보통,33.0
2024-11-29 19:00:00,1.6,,79.0,8.0,보통,35.0
2024-11-29 20:00:00,1.3,,83.0,8.0,보통,35.0
2024-11-29 21:00:00,1.1,0.0,85.0,8.0,보통,37.0
2024-11-29 22:00:00,1.1,,88.0,7.9,보통,36.0
2024-11-29 23:00:00,1.0,,88.0,7.9,보통,32.0
2024-11-30 00:00:00,0.6,,86.0,7.9,좋음,18.0
2024-11-30 01:00:00,0.3,,86.0,7.8,좋음,21.0
2024-11-30 02:00:00,0.6,,83.0,7.8,좋음,18.0
2024-11-30 03:00:00,0.6,,82.0,7.8,좋음,20.0
2024-11-30 04:00:00,0.4,,78.0,7.8,좋음,19.0
2024-11-30 05:00:00,0.0,,78.0,7.8,좋음,19.0
2024-11-30 06:00:00,-0.3,,81.0,7.8,좋음,20.0
2024-11-30 07:00:00,-0.3,,82.0,7.8,보통,31.0
2024-11-30 08:00:00,-0.3,,84.0,7.8,좋음,28.0
2024-11-30 09:00:00,0.4,,81.0,7.8,좋음,23.0
2024-11-30 10:00:00,2.8,,72.0,7.8,좋음,24.0
2024-11-30 11:00:00,2.7,,71.0,7.8,좋음,29.0
2024-11-30 12:00:00,3.3,,71.0,7.8,좋음,28.0
2024-11-30 13:00:00,4.4,,65.0,7.7,좋음,28.0
2024-11-30 14:00:00,5.2,,65.0,7.6,좋음,25.0
2024-11-30 15:00:00,5.6,,68.0,7.1,좋음,24.0
2024-11-30 16:00:00,5.1,,71.0,7.0,좋음,24.0
2024-11-30 17:00:00,4.4,,81.0,6.2,좋음,25.0
2024-11-30 18:00:00,4.0,0.0,86.0,6.0,좋음,27.0
2024-11-30 19:00:00,3.9,,89.0,5.7,좋음,26.0
2024-11-30 20:00:00,3.9,,89.0,5.5,좋음,26.0
2024-11-30 21:00:00,3.8,0.0,91.0,5.4,보통,33.0
2024-11-30 22:00:00,3.6,,91.0,5.4,보통,34.0
2024-11-30 23:00:00,3.2,,92.0,5.4,좋음,30.0
2024-12-01 00:00:00,2.8,,93.0,5.3,좋음,28.0
2024-12-01 01:00:00,2.5,,94.0,5.0,좋음,28.0
2024-12-01 02:00:00,2.3,,94.0,5.0,좋음,29.0
2024-12-01 03:00:00,1.9,,95.0,5.0,좋음,28.0
2024-12-01 04:00:00,1.7,,95.0,5.0,좋음,27.0
2024-12-01 05:00:00,1.7,,96.0,5.0,좋음,27.0
2024-12-01 06:00:00,1.6,,97.0,5.0,좋음,29.0
2024-12-01 07:00:00,2.3,,98.0,4.8,보통,31.0
2024-12-01 08:00:00,2.7,,97.0,4.8,좋음,29.0
2024-12-01 09:00:00,3.6,,97.0,4.8,보통,33.0
2024-12-01 10:00:00,4.0,,96.0,4.8,보통,35.0
2024-12-01 11:00:00,5.2,,91.0,4.7,보통,39.0
2024-12-01 12:00:00,6.5,,83.0,4.2,보통,45.0
2024-12-01 13:00:00,7.3,,81.0,3.5,보통,46.0
2024-12-01 14:00:00,8.0,,79.0,3.0,보통,47.0
2024-12-01 15:00:00,8.1,,79.0,2.0,보통,47.0
2024-12-01 16:00:00,8.0,,79.0,1.5,보통,46.0
2024-12-01 17:00:00,7.5,,81.0,1.0,보통,46.0
2024-12-01 18:00:00,7.2,0.0,83.0,0.7,보통,46.0
2024-12-01 19:00:00,6.7,,85.0,0.6,보통,45.0
2024-12-01 20:00:00,6.6,,86.0,0.3,보통,40.0
2024-12-01 21:00:00,6.5,0.2,88.0,,보통,43.0
2024-12-01 22:00:00,6.6,,91.0,,보통,45.0
2024-12-01 23:00:00,6.4,,91.0,,보통,45.0
2024-12-02 00:00:00,5.8,0.3,92.0,,보통,40.0
2024-12-02 01:00:00,5.5,,93.0,,보통,43.0
2024-12-02 02:00:00,5.1,,94.0,,보통,40.0
2024-12-02 03:00:00,4.9,,95.0,,보통,35.0
2024-12-02 04:00:00,4.8,,96.0,,보통,31.0
2024-12-02 05:00:00,4.8,,96.0,,보통,34.0
2024-12-02 06:00:00,4.7,,97.0,,보통,38.0
2024-12-02 07:00:00,5.1,,97.0,,보통,39.0
2024-12-02 08:00:00,5.2,,96.0,,보통,40.0
2024-12-02 09:00:00,5.7,,97.0,,보통,37.0
2024-12-02 10:00:00,7.4,,95.0,,보통,44.0
2024-12-02 11:00:00,9.3,,88.0,,보통,45.0
2024-12-02 12:00:00,10.8,0.0,89.0,,보통,47.0
2024-12-02 13:00:00,12.1,,84.0,,보통,54.0
2024-12-02 14:00:00,12.9,,79.0,,보통,64.0
2024-12-02 15:00:00,12.3,,70.0,,나쁨,84.0
2024-12-02 16:00:00,11.6,,70.0,,나쁨,84.0
2024-12-02 17:00:00,10.0,,68.0,,보통,71.0
2024-12-02 18:00:00,8.6,,71.0,,보통,53.0
2024-12-02 19:00:00,7.2,,75.0,,보통,42.0
2024-12-02 20:00:00,5.8,,72.0,,보통,33.0
2024-12-02 21:00:00,3.9,,52.0,,보통,31.0
2024-12-02 22:00:00,2.5,,52.0,,보통,33.0
2024-12-02 23:00:00,1.5,,63.0,,좋음,23.0
2024-12-03 00:00:00,0.6,,68.0,,좋음,24.0
2024-12-03 01:00:00,0.3,,66.0,,좋음,20.0
2024-12-03 02:00:00,-0.4,,67.0,,좋음,19.0
2024-12-03 03:00:00,-1.1,,66.0,,좋음,20.0
2024-12-03 04:00:00,-1.4,,64.0,,좋음,17.0
2024-12-03 05:00:00,-1.8,,64.0,,좋음,17.0
2024-12-03 06:00:00,-2.2,,62.0,,좋음,15.0
2024-12-03 07:00:00,-2.0,,62.0,,좋음,17.0
2024-12-03 08:00:00,-2.3,,60.0,,좋음,21.0
2024-12-03 09:00:00,-1.8,,58.0,,,
2024-12-03 10:00:00,-0.6,,46.0,,,
2024-12-03 11:00:00,1.4,,41.0,,보통,40.0
2024-12-03 12:00:00,2.7,,30.0,,좋음,25.0
2024-12-03 13:00:00,3.9,,27.0,,좋음,21.0
2024-12-03 14:00:00,4.6,,31.0,,좋음,18.0
2024-12-03 15:00:00,5.2,,28.0,,좋음,18.0
2024-12-03 16:00:00,4.8,,28.0,,좋음,17.0
2024-12-03 17:00:00,3.7,,33.0,,좋음,15.0
2024-12-03 18:00:00,2.7,,36.0,,좋음,16.0
2024-12-03 19:00:00,2.8,,42.0,,좋음,21.0
2024-12-03 20:00:00,2.6,,42.0,,좋음,19.0
2024-12-03 21:00:00,2.2,,47.0,,좋음,22.0
2024-12-03 22:00:00,2.1,,51.0,,좋음,21.0
2024-12-03 23:00:00,2.6,,56.0,,좋음,21.0
2024-12-04 00:00:00,2.9,0.0,62.0,,좋음,21.0
2024-12-04 01:00:00,2.9,,68.0,,좋음,20.0
2024-12-04 02:00:00,2.7,,72.0,,좋음,22.0
2024-12-04 03:00:00,2.2,0.0,73.0,,좋음,22.0
2024-12-04 04:00:00,1.6,,57.0,,좋음,17.0
2024-12-04 05:00:00,1.3,,46.0,,좋음,21.0
2024-12-04 06:00:00,0.7,,45.0,,좋음,20.0
2024-12-04 07:00:00,-0.2,,57.0,,좋음,26.0
2024-12-04 08:00:00,-0.5,,51.0,,보통,33.0
2024-12-04 09:00:00,0.2,,49.0,,보통,40.0
2024-12-04 10:00:00,2.5,,31.0,,보통,36.0
2024-12-04 11:00:00,3.8,,31.0,,좋음,28.0
2024-12-04 12:00:00,5.1,,34.0,,좋음,23.0
2024-12-04 13:00:00,5.4,,34.0,,좋음,24.0
2024-12-04 14:00:00,6.4,,37.0,,좋음,26.0
2024-12-04 15:00:00,6.8,,38.0,,보통,31.0
2024-12-04 16:00:00,6.6,,41.0,,보통,53.0
2024-12-04 17:00:00,5.2,,46.0,,보통,52.0
2024-12-04 18:00:00,4.3,,52.0,,좋음,22.0
2024-12-04 19:00:00,3.7,,55.0,,좋음,29.0
2024-12-04 20:00:00,3.2,,59.0,,보통,31.0
2024-12-04 21:00:00,3.0,,62.0,,좋음,28.0
2024-12-04 22:00:00,2.9,,65.0,,보통,32.0
2024-12-04 23:00:00,2.5,,66.0,,보통,32.0
2024-12-05 00:00:00,2.4,,64.0,,좋음,30.0
2024-12-05 01:00:00,2.0,,59.0,,좋음,27.0
2024-12-05 02:00:00,2.0,,57.0,,좋음,29.0
2024-12-05 03:00:00,1.5,,60.0,,좋음,25.0
2024-12-05 04:00:00,1.2,,62.0,,좋음,23.0
2024-12-05 05:00:00,1.2,,64.0,,좋음,26.0
2024-12-05 06:00:00,0.5,,69.0,,좋음,24.0
2024-12-05 07:00:00,-0.1,,71.0,,좋음,27.0
2024-12-05 08:00:00,0.0,,69.0,,좋음,30.0
2024-12-05 09:00:00,0.9,,69.0,,보통,31.0
2024-12-05 10:00:00,3.4,,60.0,,보통,37.0
2024-12-05 11:00:00,5.2,,39.0,,좋음,26.0
2024-12-05 12:00:00,7.2,,34.0,,좋음,22.0
2024-12-05 13:00:00,8.2,,37.0,,좋음,23.0
2024-12-05 14:00:00,8.2,,40.0,,좋음,20.0
2024-12-05 15:00:00,8.2,,47.0,,좋음,26.0
2024-12-05 16:00:00,8.0,,55.0,,좋음,24.0
2024-12-05 17:00:00,5.0,,85.0,,좋음,25.0
2024-12-05 18:00:00,4.9,1.8,84.0,,좋음,19.0
2024-12-05 19:00:00,4.7,,82.0,,좋음,23.0
2024-12-05 20:00:00,4.6,,73.0,,좋음,27.0
2024-12-05 21:00:00,4.0,,71.0,,좋음,25.0
2024-12-05 22:00:00,3.6,,75.0,,좋음,23.0
2024-12-05 23:00:00,4.1,,69.0,,좋음,21.0
2024-12-06 00:00:00,4.2,,68.0,,좋음,16.0
2024-12-06 01:00:00,3.9,,72.0,,좋음,16.0
2024-12-06 02:00:00,2.8,,70.0,,좋음,19.0
2024-12-06 03:00:00,2.4,,67.0,,좋음,20.0
2024-12-06 04:00:00,1.8,,62.0,,좋음,21.0
2024-12-06 05:00:00,1.5,,54.0,,좋음,23.0
2024-12-06 06:00:00,1.2,,53.0,,좋음,24.0
2024-12-06 07:00:00,0.8,,54.0,,좋음,27.0
2024-12-06 08:00:00,0.0,,58.0,,보통,32.0
2024-12-06 09:00:00,0.8,,48.0,,보통,32.0
2024-12-06 10:00:00,2.1,,43.0,,보통,35.0
2024-12-06 11:00:00,3.5,,42.0,,보통,36.0
2024-12-06 12:00:00,4.2,,40.0,,보통,34.0
2024-12-06 13:00:00,5.2,,37.0,,보통,32.0
2024-12-06 14:00:00,5.0,,34.0,,좋음,29.0
2024-12-06 15:00:00,4.8,,33.0,,좋음,27.0
2024-12-06 16:00:00,4.7,,40.0,,좋음,29.0
2024-12-06 17:00:00,3.6,,45.0,,좋음,28.0
2024-12-06 18:00:00,2.7,,46.0,,좋음,29.0
2024-12-06 19:00:00,1.9,,44.0,,좋음,29.0
2024-12-06 20:00:00,1.1,,47.0,,보통,34.0
2024-12-06 21:00:00,0.7,,51.0,,보통,31.0
2024-12-06 22:00:00,0.4,,55.0,,좋음,24.0
2024-12-06 23:00:00,-0.1,,57.0,,좋음,24.0
2024-12-07 00:00:00,-0.4,,56.0,,좋음,26.0
2024-12-07 01:00:00,-0.9,,57.0,,좋음,25.0
2024-12-07 02:00:00,-1.2,,60.0,,좋음,24.0
2024-12-07 03:00:00,-1.8,,59.0,,좋음,24.0
2024-12-07 04:00:00,-1.8,,61.0,,좋음,22.0
2024-12-07 05:00:00,-2.0,,63.0,,좋음,23.0
2024-12-07 06:00:00,-2.0,,66.0,,좋음,30.0
2024-12-07 07:00:00,-2.5,,66.0,,좋음,28.0
2024-12-07 08:00:00,-2.1,,60.0,,좋음,29.0
2024-12-07 09:00:00,-1.1,,57.0,,좋음,28.0
2024-12-07 10:00:00,0.4,,49.0,,보통,38.0
2024-12-07 11:00:00,1.4,,49.0,,보통,36.0
2024-12-07 12:00:00,2.7,,48.0,,보통,38.0
2024-12-07 13:00:00,3.6,,43.0,,보통,32.0
2024-12-07 14:00:00,3.9,,42.0,,좋음,23.0
2024-12-07 15:00:00,4.3,,41.0,,좋음,24.0
2024-12-07 16:00:00,3.1,,47.0,,좋음,28.0
2024-12-07 17:00:00,2.2,,55.0,,좋음,24.0
2024-12-07 18:00:00,1.4,,60.0,,좋음,21.0
2024-12-07 19:00:00,0.8,,61.0,,좋음,23.0
2024-12-07 20:00:00,0.2,,63.0,,좋음,23.0
2024-12-07 21:00:00,-0.4,,61.0,,좋음,19.0
2024-12-07 22:00:00,-1.1,,60.0,,좋음,19.0
2024-12-07 23:00:00,-1.4,,63.0,,좋음,19.0
2024-12-08 00:00:00,-1.6,,63.0,,좋음,17.0
2024-12-08 01:00:00,-1.9,,65.0,,좋음,22.0
2024-12-08 02:00:00,-2.2,,62.0,,좋음,22.0
2024-12-08 03:00:00,-2.5,,62.0,,좋음,22.0
2024-12-08 04:00:00,-3.0,,62.0,,좋음,20.0
2024-12-08 05:00:00,-3.2,,60.0,,좋음,21.0
2024-12-08 06:00:00,-3.5,,61.0,,좋음,20.0
2024-12-08 07:00:00,-3.8,,64.0,,좋음,23.0
2024-12-08 08:00:00,-3.8,,64.0,,좋음,24.0
2024-12-08 09:00:00,-3.0,,63.0,,좋음,24.0
2024-12-08 10:00:00,-1.8,,55.0,,좋음,25.0
2024-12-08 11:00:00,-0.5,,48.0,,좋음,26.0
2024-12-08 12:00:00,1.8,,44.0,,좋음,26.0
2024-12-08 13:00:00,2.6,,35.0,,좋음,25.0
2024-12-08 14:00:00,3.5,,30.0,,좋음,22.0
2024-12-08 15:00:00,3.9,,27.0,,좋음,20.0
2024-12-08 16:00:00,4.0,,28.0,,좋음,22.0
2024-12-08 17:00:00,2.8,,30.0,,좋음,20.0
2024-12-08 18:00:00,1.9,,33.0,,좋음,25.0
2024-12-08 19:00:00,1.5,,36.0,,좋음,23.0
2024-12-08 20:00:00,0.6,,38.0,,좋음,26.0
2024-12-08 21:00:00,0.2,,40.0,,좋음,27.0
2024-12-08 22:00:00,0.4,,37.0,,좋음,26.0
2024-12-08 23:00:00,-0.2,,38.0,,좋음,26.0
2024-12-09 00:00:00,-0.6,,42.0,,좋음,26.0
2024-12-09 01:00:00,-1.5,,46.0,,좋음,28.0
2024-12-09 02:00:00,-2.1,,48.0,,좋음,25.0
2024-12-09 03:00:00,-2.5,,52.0,,좋음,26.0
2024-12-09 04:00:00,-3.0,,54.0,,좋음,25.0
2024-12-09 05:00:00,-3.2,,58.0,,좋음,27.0
2024-12-09 06:00:00,-3.6,,58.0,,보통,35.0
2024-12-09 07:00:00,-3.7,,60.0,,보통,36.0
2024-12-09 08:00:00,-3.8,,62.0,,보통,39.0
2024-12-09 09:00:00,-2.8,,60.0,,보통,42.0
2024-12-09 10:00:00,0.0,,51.0,,보통,44.0
2024-12-09 11:00:00,2.7,,45.0,,보통,42.0
2024-12-09 12:00:00,4.1,,40.0,,보통,37.0
2024-12-09 13:00:00,5.4,,42.0,,보통,38.0
2024-12-09 14:00:00,7.1,,42.0,,보통,39.0
2024-12-09 15:00:00,6.4,,46.0,,보통,38.0
2024-12-09 16:00:00,6.0,,46.0,,보통,39.0
2024-12-09 17:00:00,4.9,,51.0,,보통,41.0
2024-12-09 18:00:00,4.0,,55.0,,보통,35.0
2024-12-09 19:00:00,3.1,,59.0,,보통,37.0
2024-12-09 20:00:00,2.5,,61.0,,보통,39.0
2024-12-09 21:00:00,1.8,,66.0,,보통,42.0
2024-12-09 22:00:00,1.4,,68.0,,보통,52.0
2024-12-09 23:00:00,1.2,,69.0,,보통,51.0
2024-12-10 00:00:00,0.8,,72.0,,보통,47.0
2024-12-10 01:00:00,0.6,,74.0,,보통,41.0
2024-12-10 02:00:00,0.6,,74.0,,보통,39.0
2024-12-10 03:00:00,-0.2,,74.0,,보통,40.0
2024-12-10 04:00:00,-0.4,,78.0,,보통,41.0
2024-12-10 05:00:00,-0.8,,77.0,,보통,44.0
2024-12-10 06:00:00,-1.4,,78.0,,보통,41.0
2024-12-10 07:00:00,-1.6,,80.0,,보통,43.0
2024-12-10 08:00:00,-1.9,,80.0,,보통,45.0
2024-12-10 09:00:00,-1.3,,79.0,,보통,43.0
2024-12-10 10:00:00,1.3,,76.0,,보통,54.0
2024-12-10 11:00:00,3.8,,64.0,,보통,64.0
2024-12-10 12:00:00,5.9,,45.0,,보통,59.0
2024-12-10 13:00:00,6.4,,43.0,,보통,43.0
2024-12-10 14:00:00,6.3,,43.0,,보통,40.0
2024-12-10 15:00:00,6.6,,43.0,,보통,46.0
2024-12-10 16:00:00,6.6,,41.0,,보통,44.0
2024-12-10 17:00:00,5.3,,44.0,,보통,44.0
2024-12-10 18:00:00,4.5,,49.0,,보통,43.0
2024-12-10 19:00:00,3.7,,54.0,,보통,47.0
2024-12-10 20:00:00,3.5,,56.0,,보통,48.0
2024-12-10 21:00:00,3.8,,56.0,,보통,51.0
2024-12-10 22:00:00,3.4,,47.0,,보통,51.0
2024-12-10 23:00:00,3.1,,46.0,,보통,45.0
2024-12-11 00:00:00,2.7,,47.0,,보통,46.0
2024-12-11 01:00:00,2.3,,50.0,,보통,46.0
2024-12-11 02:00:00,2.0,,52.0,,보통,49.0
2024-12-11 03:00:00,1.9,,52.0,,보통,52.0
2024-12-11 04:00:00,1.6,,55.0,,보통,56.0
2024-12-11 05:00:00,1.2,,55.0,,보통,61.0
2024-12-11 06:00:00,1.1,,57.0,,보통,67.0
2024-12-11 07:00:00,0.4,,58.0,,보통,70.0
2024-12-11 08:00:00,0.5,,60.0,,보통,71.0
2024-12-11 09:00:00,0.9,,58.0,,보통,73.0
2024-12-11 10:00:00,2.6,,55.0,,나쁨,81.0
2024-12-11 11:00:00,4.0,,50.0,,나쁨,83.0
2024-12-11 12:00:00,5.0,,45.0,,보통,79.0
2024-12-11 13:00:00,6.3,,41.0,,보통,68.0
2024-12-11 14:00:00,7.9,,40.0,,,
2024-12-11 15:00:00,7.9,,39.0,,,
2024-12-11 16:00:00,7.6,,39.0,,,
2024-12-11 17:00:00,6.1,,40.0,,보통,59.0
2024-12-11 18:00:00,4.9,,45.0,,보통,59.0
2024-12-11 19:00:00,3.7,,50.0,,보통,63.0
2024-12-11 20:00:00,3.0,,52.0,,보통,61.0
2024-12-11 21:00:00,2.4,,52.0,,보통,59.0
2024-12-11 22:00:00,1.3,,53.0,,보통,59.0
2024-12-11 23:00:00,0.9,,53.0,,보통,58.0
2024-12-12 00:00:00,0.2,,54.0,,보통,56.0
2024-12-12 01:00:00,-0.3,,55.0,,보통,51.0
2024-12-12 02:00:00,-1.0,,58.0,,보통,48.0
2024-12-12 03:00:00,-1.7,,59.0,,보통,42.0
2024-12-12 04:00:00,-1.8,,59.0,,보통,42.0
2024-12-12 05:00:00,-2.3,,63.0,,보통,40.0
2024-12-12 06:00:00,-2.5,,59.0,,보통,40.0
2024-12-12 07:00:00,-3.1,,60.0,,보통,41.0
2024-12-12 08:00:00,-3.1,,63.0,,보통,37.0
2024-12-12 09:00:00,-2.5,,63.0,,보통,42.0
2024-12-12 10:00:00,-0.2,,48.0,,보통,45.0
2024-12-12 11:00:00,1.7,,39.0,,보통,39.0
2024-12-12 12:00:00,3.6,,32.0,,보통,43.0
2024-12-12 13:00:00,4.4,,31.0,,보통,43.0
2024-12-12 14:00:00,4.7,,29.0,,보통,37.0
2024-12-12 15:00:00,3.7,,30.0,,좋음,30.0
2024-12-12 16:00:00,3.3,,28.0,,좋음,26.0
2024-12-12 17:00:00,2.8,,33.0,,보통,34.0
2024-12-12 18:00:00,1.9,,37.0,,좋음,27.0
2024-12-12 19:00:00,1.7,,39.0,,보통,32.0
2024-12-12 20:00:00,1.5,,41.0,,보통,34.0
2024-12-12 21:00:00,1.1,,42.0,,보통,33.0
2024-12-12 22:00:00,0.8,,39.0,,보통,31.0
2024-12-12 23:00:00,0.6,,41.0,,좋음,29.0
2024-12-13 00:00:00,0.4,,44.0,,좋음,29.0
2024-12-13 01:00:00,0.1,,43.0,,좋음,29.0
2024-12-13 02:00:00,-0.2,,45.0,,좋음,25.0
2024-12-13 03:00:00,-0.5,,46.0,,좋음,22.0
2024-12-13 04:00:00,-0.9,,47.0,,좋음,20.0
2024-12-13 05:00:00,-0.7,,44.0,,좋음,18.0
2024-12-13 06:00:00,-0.3,,45.0,,좋음,21.0
2024-12-13 07:00:00,-0.3,,44.0,,좋음,28.0
2024-12-13 08:00:00,-0.1,,44.0,,좋음,29.0
2024-12-13 09:00:00,0.2,,45.0,,좋음,30.0
2024-12-13 10:00:00,1.5,,42.0,,보통,37.0
2024-12-13 11:00:00,2.8,,39.0,,보통,36.0
2024-12-13 12:00:00,3.5,,36.0,,보통,36.0
2024-12-13 13:00:00,4.0,,38.0,,좋음,29.0
2024-12-13 14:00:00,4.3,,30.0,,좋음,22.0
2024-12-13 15:00:00,4.4,,33.0,,좋음,20.0
2024-12-13 16:00:00,4.2,,33.0,,좋음,25.0
2024-12-13 17:00:00,3.0,,32.0,,좋음,26.0
2024-12-13 18:00:00,2.1,,36.0,,보통,33.0
2024-12-13 19:00:00,1.4,,38.0,,보통,32.0
2024-12-13 20:00:00,1.0,,42.0,,보통,32.0
2024-12-13 21:00:00,0.3,,44.0,,보통,31.0
2024-12-13 22:00:00,-0.3,,50.0,,좋음,25.0
2024-12-13 23:00:00,-1.1,,51.0,,좋음,23.0
2024-12-14 00:00:00,-1.5,,52.0,,좋음,22.0
2024-12-14 01:00:00,-1.5,,52.0,,좋음,26.0
2024-12-14 02:00:00,-1.8,,53.0,,좋음,30.0
2024-12-14 03:00:00,-2.5,,56.0,,보통,33.0
2024-12-14 04:00:00,-2.8,,55.0,,보통,32.0
2024-12-14 05:00:00,-3.1,,58.0,,보통,31.0
2024-12-14 06:00:00,-3.2,,60.0,,보통,32.0
2024-12-14 07:00:00,-3.3,,60.0,,보통,33.0
2024-12-14 08:00:00,-3.6,,63.0,,보통,34.0
2024-12-14 09:00:00,-2.9,,60.0,,보통,36.0
2024-12-14 10:00:00,-1.3,,51.0,,보통,36.0
2024-12-14 11:00:00,-0.5,,45.0,,보통,34.0
2024-12-14 12:00:00,0.7,,43.0,,보통,33.0
2024-12-14 13:00:00,1.5,,40.0,,보통,34.0
2024-12-14 14:00:00,1.9,,39.0,,보통,33.0
2024-12-14 15:00:00,2.0,,41.0,,보통,32.0
2024-12-14 16:00:00,2.3,,40.0,,좋음,29.0
2024-12-14 17:00:00,1.4,,45.0,,좋음,28.0
2024-12-14 18:00:00,0.6,,48.0,,좋음,26.0
2024-12-14 19:00:00,0.2,,45.0,,좋음,22.0
2024-12-14 20:00:00,-0.3,,46.0,,좋음,23.0
2024-12-14 21:00:00,-0.4,,48.0,,좋음,22.0
2024-12-14 22:00:00,-1.2,,50.0,,좋음,24.0
2024-12-14 23:00:00,-1.4,,53.0,,좋음,30.0
2024-12-15 00:00:00,-0.8,,52.0,,좋음,29.0
2024-12-15 01:00:00,-0.6,,52.0,,좋음,25.0
2024-12-15 02:00:00,-0.1,,58.0,,좋음,19.0
2024-12-15 03:00:00,0.5,,60.0,,좋음,22.0
2024-12-15 04:00:00,0.5,,61.0,,좋음,21.0
2024-12-15 05:00:00,0.5,,69.0,,좋음,19.0
2024-12-15 06:00:00,0.4,0.0,72.0,,좋음,21.0
2024-12-15 07:00:00,-0.3,,72.0,,좋음,21.0
2024-12-15 08:00:00,-0.6,,72.0,,좋음,18.0
2024-12-15 09:00:00,0.3,,71.0,,좋음,20.0
2024-12-15 10:00:00,2.0,,62.0,,좋음,25.0
2024-12-15 11:00:00,2.9,,54.0,,좋음,27.0
2024-12-15 12:00:00,3.6,0.0,57.0,,좋음,21.0
2024-12-15 13:00:00,5.1,,53.0,,좋음,21.0
2024-12-15 14:00:00,4.9,,49.0,,좋음,26.0
2024-12-15 15:00:00,5.1,,42.0,,좋음,27.0
2024-12-15 16:00:00,4.5,,38.0,,좋음,26.0
2024-12-15 17:00:00,3.3,,38.0,,좋음,26.0
2024-12-15 18:00:00,2.2,,38.0,,좋음,25.0
2024-12-15 19:00:00,1.5,,35.0,,좋음,20.0
2024-12-15 20:00:00,0.7,,36.0,,좋음,18.0
2024-12-15 21:00:00,0.0,,41.0,,좋음,19.0
2024-12-15 22:00:00,-0.7,,45.0,,좋음,21.0
2024-12-15 23:00:00,-1.4,,48.0,,좋음,18.0
2024-12-16 00:00:00,-2.2,,52.0,,좋음,19.0
2024-12-16 01:00:00,-2.5,,55.0,,좋음,22.0
2024-12-16 02:00:00,-2.5,,55.0,,좋음,22.0
2024-12-16 03:00:00,-2.4,,58.0,,좋음,20.0
2024-12-16 04:00:00,-2.7,,60.0,,좋음,19.0
2024-12-16 05:00:00,-3.0,,63.0,,좋음,23.0
2024-12-16 06:00:00,-3.1,,63.0,,좋음,24.0
2024-12-16 07:00:00,-2.9,,63.0,,보통,34.0
2024-12-16 08:00:00,-3.1,,64.0,,보통,34.0
2024-12-16 09:00:00,-2.1,,62.0,,보통,37.0
2024-12-16 10:00:00,1.1,,54.0,,보통,43.0
2024-12-16 11:00:00,2.8,,42.0,,보통,43.0
2024-12-16 12:00:00,3.8,,41.0,,보통,39.0
2024-12-16 13:00:00,3.6,,49.0,,보통,37.0
2024-12-16 14:00:00,2.9,,58.0,,보통,32.0
2024-12-16 15:00:00,2.3,0.0,70.0,,보통,33.0
2024-12-16 16:00:00,2.2,,73.0,,보통,33.0
2024-12-16 17:00:00,1.8,,78.0,,보통,31.0
2024-12-16 18:00:00,1.3,0.0,81.0,,보통,33.0
2024-12-16 19:00:00,1.4,,81.0,,보통,32.0
2024-12-16 20:00:00,0.8,,83.0,,보통,31.0
2024-12-16 21:00:00,0.3,,82.0,,보통,36.0
2024-12-16 22:00:00,-0.1,,75.0,,보통,32.0
2024-12-16 23:00:00,-0.9,,69.0,,좋음,30.0
2024-12-17 00:00:00,-1.5,,70.0,,보통,34.0
2024-12-17 01:00:00,-1.9,,68.0,,보통,32.0
2024-12-17 02:00:00,-2.3,,67.0,,좋음,25.0
2024-12-17 03:00:00,-2.7,,68.0,,좋음,28.0
2024-12-17 04:00:00,-3.1,,67.0,,보통,33.0
2024-12-17 05:00:00,-2.9,,66.0,,좋음,29.0
2024-12-17 06:00:00,-3.1,,65.0,,보통,34.0
2024-12-17 07:00:00,-2.9,,63.0,,보통,39.0
2024-12-17 08:00:00,-2.2,,62.0,,보통,44.0
2024-12-17 09:00:00,-1.8,,57.0,,보통,43.0
2024-12-17 10:00:00,-1.1,,54.0,,보통,34.0
2024-12-17 11:00:00,-0.2,,47.0,,좋음,22.0
2024-12-17 12:00:00,1.1,,42.0,,보통,35.0
2024-12-17 13:00:00,1.7,,38.0,,좋음,27.0
2024-12-17 14:00:00,2.5,,38.0,,좋음,24.0
2024-12-17 15:00:00,3.5,,37.0,,좋음,27.0
2024-12-17 16:00:00,3.7,,37.0,,좋음,23.0
2024-12-17 17:00:00,2.1,,39.0,,좋음,24.0
2024-12-17 18:00:00,1.0,,44.0,,좋음,24.0
2024-12-17 19:00:00,0.5,,51.0,,좋음,24.0
2024-12-17 20:00:00,-0.1,,53.0,,좋음,22.0
2024-12-17 21:00:00,-0.7,,48.0,,좋음,20.0
2024-12-17 22:00:00,-1.8,,52.0,,좋음,19.0
2024-12-17 23:00:00,-2.8,,51.0,,좋음,22.0
2024-12-18 00:00:00,-3.5,,53.0,,좋음,24.0
2024-12-18 01:00:00,-4.1,,55.0,,좋음,25.0
2024-12-18 02:00:00,-4.6,,56.0,,좋음,25.0
2024-12-18 03:00:00,-4.9,,58.0,,좋음,23.0
2024-12-18 04:00:00,-4.9,,57.0,,좋음,24.0
2024-12-18 05:00:00,-5.3,,55.0,,좋음,24.0
2024-12-18 06:00:00,-5.6,,55.0,,좋음,25.0
2024-12-18 07:00:00,-5.9,,55.0,,좋음,27.0
2024-12-18 08:00:00,-6.2,,55.0,,좋음,26.0
2024-12-18 09:00:00,-5.3,,49.0,,좋음,26.0
2024-12-18 10:00:00,-4.0,,45.0,,좋음,27.0
2024-12-18 11:00:00,-3.2,,42.0,,좋음,29.0
2024-12-18 12:00:00,-2.0,,40.0,,좋음,27.0
2024-12-18 13:00:00,-0.8,,38.0,,보통,33.0
2024-12-18 14:00:00,-0.5,,36.0,,좋음,30.0
2024-12-18 15:00:00,0.5,,35.0,,좋음,29.0
2024-12-18 16:00:00,0.2,,35.0,,좋음,30.0
2024-12-18 17:00:00,-1.1,,39.0,,보통,33.0
2024-12-18 18:00:00,-2.1,,43.0,,보통,34.0
2024-12-18 19:00:00,-2.7,,46.0,,보통,38.0
2024-12-18 20:00:00,-2.8,,46.0,,보통,45.0
2024-12-18 21:00:00,-3.4,,47.0,,보통,48.0
2024-12-18 22:00:00,-3.6,,48.0,,보통,56.0
2024-12-18 23:00:00,-4.0,,48.0,,보통,58.0
2024-12-19 00:00:00,-4.6,,50.0,,보통,61.0
2024-12-19 01:00:00,-4.9,,52.0,,보통,62.0
2024-12-19 02:00:00,-5.3,,55.0,,보통,59.0
2024-12-19 03:00:00,-5.7,,54.0,,보통,56.0
2024-12-19 04:00:00,-5.9,,52.0,,보통,54.0
2024-12-19 05:00:00,-6.3,,57.0,,보통,58.0
2024-12-19 06:00:00,-6.3,,58.0,,보통,56.0
2024-12-19 07:00:00,-6.2,,56.0,,보통,64.0
2024-12-19 08:00:00,-6.7,,61.0,,보통,63.0
2024-12-19 09:00:00,-5.7,,59.0,,보통,69.0
2024-12-19 10:00:00,-3.0,,51.0,,보통,76.0
2024-12-19 11:00:00,0.2,,45.0,,보통,75.0
2024-12-19 12:00:00,1.7,,41.0,,나쁨,88.0
2024-12-19 13:00:00,2.6,,38.0,,나쁨,86.0
2024-12-19 14:00:00,4.1,,33.0,,보통,73.0
2024-12-19 15:00:00,4.9,,30.0,,보통,64.0
2024-12-19 16:00:00,3.9,,28.0,,보통,58.0
2024-12-19 17:00:00,2.2,,33.0,,보통,54.0
2024-12-19 18:00:00,1.1,,39.0,,보통,54.0
2024-12-19 19:00:00,0.1,,44.0,,보통,68.0
2024-12-19 20:00:00,-0.3,,47.0,,보통,74.0
2024-12-19 21:00:00,-0.4,,47.0,,보통,64.0
2024-12-19 22:00:00,-0.8,,48.0,,보통,68.0
2024-12-19 23:00:00,-1.0,,49.0,,보통,68.0
2024-12-20 00:00:00,-1.1,,51.0,,보통,67.0
2024-12-20 01:00:00,-1.6,,52.0,,보통,66.0
2024-12-20 02:00:00,-1.6,,53.0,,보통,60.0
2024-12-20 03:00:00,-1.9,,54.0,,보통,58.0
2024-12-20 04:00:00,-1.9,,55.0,,보통,58.0
2024-12-20 05:00:00,-2.1,,58.0,,보통,58.0
2024-12-20 06:00:00,-1.3,,57.0,,보통,61.0
2024-12-20 07:00:00,-1.0,,58.0,,보통,64.0
2024-12-20 08:00:00,-0.8,,58.0,,보통,65.0
2024-12-20 09:00:00,-0.3,,58.0,,보통,67.0
2024-12-20 10:00:00,0.5,,55.0,,보통,68.0
2024-12-20 11:00:00,1.7,,51.0,,보통,71.0
2024-12-20 12:00:00,2.7,,50.0,,보통,76.0
2024-12-20 13:00:00,4.1,,53.0,,보통,78.0
2024-12-20 14:00:00,4.3,,53.0,,보통,70.0
2024-12-20 15:00:00,4.6,,51.0,,보통,57.0
2024-12-20 16:00:00,4.9,,53.0,,보통,53.0
2024-12-20 17:00:00,4.0,,57.0,,보통,53.0
2024-12-20 18:00:00,3.1,,64.0,,보통,56.0
2024-12-20 19:00:00,3.1,,65.0,,보통,51.0
2024-12-20 20:00:00,2.8,,66.0,,보통,52.0
2024-12-20 21:00:00,2.5,0.0,67.0,,보통,51.0
2024-12-20 22:00:00,1.9,,76.0,0.2,보통,42.0
2024-12-20 23:00:00,1.7,,79.0,0.2,보통,39.0
2024-12-21 00:00:00,1.4,0.4,86.0,0.5,보통,43.0
2024-12-21 01:00:00,1.2,,87.0,0.5,보통,41.0
2024-12-21 02:00:00,1.3,,87.0,0.5,보통,43.0
2024-12-21 03:00:00,1.3,1.3,91.0,1.6,보통,39.0
2024-12-21 04:00:00,1.5,,93.0,1.6,보통,43.0
2024-12-21 05:00:00,1.9,,93.0,1.3,보통,37.0
2024-12-21 06:00:00,1.4,0.7,94.0,1.3,보통,34.0
2024-12-21 07:00:00,1.0,,94.0,2.1,좋음,26.0
2024-12-21 08:00:00,0.7,,91.0,2.7,보통,35.0
2024-12-21 09:00:00,0.5,0.9,89.0,2.3,보통,42.0
2024-12-21 10:00:00,0.7,,85.0,2.3,보통,44.0
2024-12-21 11:00:00,0.5,,77.0,2.1,보통,48.0
2024-12-21 12:00:00,0.6,,71.0,1.8,보통,58.0
2024-12-21 13:00:00,0.4,,69.0,1.6,보통,63.0
2024-12-21 14:00:00,0.1,,65.0,1.6,보통,71.0
2024-12-21 15:00:00,0.1,,68.0,1.4,보통,66.0
2024-12-21 16:00:00,-0.2,,67.0,1.4,보통,68.0
2024-12-21 17:00:00,-0.7,,67.0,1.4,보통,68.0
2024-12-21 18:00:00,-1.4,,67.0,1.4,보통,74.0
2024-12-21 19:00:00,-2.1,,65.0,1.4,보통,67.0
2024-12-21 20:00:00,-2.6,,62.0,1.4,보통,48.0
2024-12-21 21:00:00,-3.3,,57.0,1.4,보통,35.0
2024-12-21 22:00:00,-3.8,,58.0,1.4,보통,32.0
2024-12-21 23:00:00,-4.2,,56.0,1.4,좋음,25.0
2024-12-22 00:00:00,-4.7,,56.0,1.4,좋음,21.0
2024-12-22 01:00:00,-5.3,,57.0,1.4,좋음,20.0
2024-12-22 02:00:00,-5.5,,56.0,1.4,좋음,21.0
2024-12-22 03:00:00,-6.1,,59.0,1.4,좋음,23.0
2024-12-22 04:00:00,-6.5,,59.0,1.4,좋음,18.0
2024-12-22 05:00:00,-6.9,,58.0,1.4,좋음,14.0
2024-12-22 06:00:00,-7.3,,58.0,1.4,좋음,13.0
2024-12-22 07:00:00,-7.3,,59.0,1.4,좋음,13.0
2024-12-22 08:00:00,-7.6,,60.0,1.4,좋음,13.0
2024-12-22 09:00:00,-6.6,,57.0,1.1,좋음,16.0
2024-12-22 10:00:00,-4.7,,54.0,1.0,좋음,16.0
2024-12-22 11:00:00,-3.0,,47.0,1.0,좋음,19.0
2024-12-22 12:00:00,-1.6,,42.0,0.9,좋음,20.0
2024-12-22 13:00:00,-0.4,,40.0,0.9,좋음,20.0
2024-12-22 14:00:00,0.2,,39.0,0.8,좋음,18.0
2024-12-22 15:00:00,0.5,,40.0,0.7,좋음,17.0
2024-12-22 16:00:00,0.9,,40.0,0.7,좋음,21.0
2024-12-22 17:00:00,0.0,,43.0,0.7,좋음,27.0
2024-12-22 18:00:00,-0.9,,49.0,0.7,좋음,24.0
2024-12-22 19:00:00,-1.5,,53.0,0.7,좋음,29.0
2024-12-22 20:00:00,-1.6,,55.0,0.7,보통,31.0
2024-12-22 21:00:00,-1.7,,56.0,0.7,보통,36.0
2024-12-22 22:00:00,-2.3,,56.0,0.7,보통,34.0
2024-12-22 23:00:00,-2.8,,59.0,0.7,좋음,29.0
2024-12-23 00:00:00,-3.2,,62.0,0.7,좋음,23.0
2024-12-23 01:00:00,-3.7,,65.0,0.7,좋음,23.0
2024-12-23 02:00:00,-3.7,,66.0,0.7,좋음,25.0
2024-12-23 03:00:00,-4.2,,69.0,0.7,좋음,28.0
2024-12-23 04:00:00,-4.4,,67.0,0.7,좋음,25.0
2024-12-23 05:00:00,-4.2,,66.0,0.7,좋음,27.0
2024-12-23 06:00:00,-4.5,,69.0,0.7,좋음,25.0
2024-12-23 07:00:00,-4.9,,72.0,0.7,보통,31.0
2024-12-23 08:00:00,-4.2,,75.0,0.7,보통,32.0
2024-12-23 09:00:00,-3.2,,71.0,0.7,보통,34.0
2024-12-23 10:00:00,-1.8,,67.0,0.7,보통,40.0
2024-12-23 11:00:00,0.8,,57.0,0.7,보통,47.0
2024-12-23 12:00:00,3.8,,54.0,0.5,보통,48.0
2024-12-23 13:00:00,5.4,,51.0,,보통,50.0
2024-12-23 14:00:00,5.7,,42.0,,보통,37.0
2024-12-23 15:00:00,6.6,,42.0,,보통,32.0
2024-12-23 16:00:00,6.5,,47.0,,보통,32.0
2024-12-23 17:00:00,5.1,,48.0,,보통,31.0
2024-12-23 18:00:00,3.7,,59.0,,좋음,29.0
2024-12-23 19:00:00,2.9,,57.0,,보통,34.0
2024-12-23 20:00:00,2.0,,58.0,,보통,34.0
2024-12-23 21:00:00,1.5,,53.0,,보통,32.0
2024-12-23 22:00:00,0.7,,47.0,,보통,31.0
2024-12-23 23:00:00,-0.1,,48.0,,보통,31.0
2024-12-24 00:00:00,-1.1,,51.0,,좋음,29.0
2024-12-24 01:00:00,-2.2,,55.0,,좋음,29.0
2024-12-24 02:00:00,-2.8,,58.0,,좋음,28.0
2024-12-24 03:00:00,-3.0,,60.0,,좋음,26.0
2024-12-24 04:00:00,-3.5,,63.0,,보통,33.0
2024-12-24 05:00:00,-4.0,,65.0,,보통,32.0
2024-12-24 06:00:00,-4.1,,67.0,,보통,32.0
2024-12-24 07:00:00,-4.0,,66.0,,보통,34.0
2024-12-24 08:00:00,-4.1,,69.0,,보통,39.0
2024-12-24 09:00:00,-3.4,,64.0,,보통,38.0
2024-12-24 10:00:00,-1.3,,56.0,,보통,37.0
2024-12-24 11:00:00,0.2,,45.0,,보통,37.0
2024-12-24 12:00:00,1.9,,37.0,,보통,38.0
2024-12-24 13:00:00,3.0,,35.0,,보통,33.0
2024-12-24 14:00:00,4.0,,34.0,,보통,37.0
2024-12-24 15:00:00,4.7,,33.0,,보통,46.0
2024-12-24 16:00:00,4.4,,32.0,,보통,42.0
2024-12-24 17:00:00,3.1,,34.0,,보통,35.0
2024-12-24 18:00:00,1.5,,39.0,,보통,33.0
2024-12-24 19:00:00,0.7,,46.0,,보통,35.0
2024-12-24 20:00:00,0.2,,50.0,,보통,33.0
2024-12-24 21:00:00,-0.3,,50.0,,보통,34.0
2024-12-24 22:00:00,-0.2,,52.0,,보통,43.0
2024-12-24 23:00:00,0.0,,53.0,,보통,38.0
2024-12-25 00:00:00,-0.3,,52.0,,보통,38.0
2024-12-25 01:00:00,-0.1,,52.0,,보통,33.0
2024-12-25 02:00:00,-0.1,,55.0,,보통,33.0
2024-12-25 03:00:00,-0.5,,57.0,,보통,34.0
2024-12-25 04:00:00,-0.7,,57.0,,보통,32.0
2024-12-25 05:00:00,-1.1,,61.0,,보통,32.0
2024-12-25 06:00:00,-0.8,,62.0,,좋음,30.0
2024-12-25 07:00:00,-0.9,,63.0,,좋음,29.0
2024-12-25 08:00:00,-0.9,,62.0,,보통,33.0
2024-12-25 09:00:00,-0.6,,65.0,,보통,34.0
2024-12-25 10:00:00,0.2,,63.0,,보통,39.0
2024-12-25 11:00:00,2.3,,63.0,,보통,46.0
2024-12-25 12:00:00,3.5,,60.0,,보통,43.0
2024-12-25 13:00:00,4.7,,59.0,,좋음,30.0
2024-12-25 14:00:00,6.0,,56.0,,보통,32.0
2024-12-25 15:00:00,5.9,,53.0,,보통,31.0
2024-12-25 16:00:00,5.7,,57.0,,좋음,22.0
2024-12-25 17:00:00,5.2,,62.0,,좋음,22.0
2024-12-25 18:00:00,4.6,,67.0,,좋음,24.0
2024-12-25 19:00:00,5.0,,68.0,,좋음,20.0
2024-12-25 20:00:00,5.1,,68.0,,좋음,25.0
2024-12-25 21:00:00,5.1,0.0,69.0,,좋음,27.0
2024-12-25 22:00:00,4.8,,71.0,,좋음,26.0
2024-12-25 23:00:00,4.8,,78.0,,좋음,23.0
2024-12-26 00:00:00,4.2,0.1,72.0,,보통,34.0
2024-12-26 01:00:00,3.6,,71.0,,보통,61.0
2024-12-26 02:00:00,3.5,,71.0,,보통,71.0
2024-12-26 03:00:00,3.3,,75.0,,보통,77.0
2024-12-26 04:00:00,4.2,,76.0,,나쁨,91.0
2024-12-26 05:00:00,3.3,,76.0,,나쁨,103.0
2024-12-26 06:00:00,2.5,0.0,78.0,,나쁨,102.0
2024-12-26 07:00:00,1.8,,70.0,,나쁨,94.0
2024-12-26 08:00:00,1.0,,68.0,,나쁨,96.0
2024-12-26 09:00:00,0.3,,62.0,,나쁨,95.0
2024-12-26 10:00:00,0.5,,46.0,,,
2024-12-26 11:00:00,0.5,,44.0,,,
2024-12-26 12:00:00,1.3,,41.0,,나쁨,90.0
2024-12-26 13:00:00,1.5,,39.0,,보통,78.0
2024-12-26 14:00:00,1.2,,40.0,,보통,68.0
2024-12-26 15:00:00,2.4,,45.0,,보통,65.0
2024-12-26 16:00:00,1.8,,43.0,,보통,62.0
2024-12-26 17:00:00,0.7,,46.0,,보통,51.0
2024-12-26 18:00:00,-0.4,,53.0,,보통,45.0
2024-12-26 19:00:00,-1.4,,50.0,,보통,39.0
2024-12-26 20:00:00,-2.3,,54.0,,보통,38.0
2024-12-26 21:00:00,-3.6,,55.0,,좋음,30.0
2024-12-26 22:00:00,-4.0,,56.0,,좋음,26.0
2024-12-26 23:00:00,-4.4,,53.0,,좋음,29.0
2024-12-27 00:00:00,-4.8,,54.0,,보통,33.0
2024-12-27 01:00:00,-4.8,,54.0,,보통,33.0
2024-12-27 02:00:00,-5.0,,55.0,,좋음,30.0
2024-12-27 03:00:00,-5.0,,55.0,,좋음,29.0
2024-12-27 04:00:00,-4.9,,50.0,,좋음,28.0
2024-12-27 05:00:00,-5.0,,49.0,,좋음,29.0
2024-12-27 06:00:00,-5.1,,49.0,,좋음,26.0
2024-12-27 07:00:00,-5.7,,51.0,,좋음,30.0
2024-12-27 08:00:00,-5.7,,54.0,,좋음,30.0
2024-12-27 09:00:00,-5.2,,52.0,,보통,38.0
2024-12-27 10:00:00,-2.9,,43.0,,보통,40.0
2024-12-27 11:00:00,-2.2,,41.0,,보통,36.0
2024-12-27 12:00:00,-0.8,,38.0,,보통,32.0
2024-12-27 13:00:00,0.0,,37.0,,보통,34.0
2024-12-27 14:00:00,1.7,,38.0,,보통,36.0
2024-12-27 15:00:00,1.1,,38.0,,보통,37.0
2024-12-27 16:00:00,1.1,,41.0,,보통,33.0
2024-12-27 17:00:00,0.3,,47.0,,좋음,24.0
2024-12-27 18:00:00,-0.6,,53.0,,보통,31.0
2024-12-27 19:00:00,-1.0,,58.0,,보통,32.0
2024-12-27 20:00:00,-1.4,,63.0,,보통,32.0
2024-12-27 21:00:00,-1.3,0.0,69.0,,보통,31.0
2024-12-27 22:00:00,-1.2,,68.0,,좋음,28.0
2024-12-27 23:00:00,-2.6,,56.0,,보통,31.0
2024-12-28 00:00:00,-3.6,0.0,57.0,,좋음,27.0
2024-12-28 01:00:00,-4.3,,56.0,,좋음,28.0
2024-12-28 02:00:00,-5.1,,57.0,,좋음,30.0
2024-12-28 03:00:00,-5.4,,57.0,,좋음,29.0
2024-12-28 04:00:00,-5.3,,58.0,,보통,31.0
2024-12-28 05:00:00,-5.4,,51.0,,보통,31.0
2024-12-28 06:00:00,-5.7,,48.0,,좋음,29.0
2024-12-28 07:00:00,-6.2,,49.0,,좋음,30.0
2024-12-28 08:00:00,-6.5,,50.0,,보통,34.0
2024-12-28 09:00:00,-6.0,,48.0,,보통,32.0
2024-12-28 10:00:00,-4.3,,43.0,,보통,32.0
2024-12-28 11:00:00,-3.2,,38.0,,좋음,30.0
2024-12-28 12:00:00,-1.7,,39.0,,보통,33.0
2024-12-28 13:00:00,-0.8,,40.0,,보통,34.0
2024-12-28 14:00:00,-0.3,,39.0,,보통,37.0
2024-12-28 15:00:00,0.9,,38.0,,보통,38.0
2024-12-28 16:00:00,0.2,,42.0,,보통,38.0
2024-12-28 17:00:00,-0.5,,47.0,,보통,34.0
2024-12-28 18:00:00,-1.1,,50.0,,보통,33.0
2024-12-28 19:00:00,-1.4,,51.0,,좋음,28.0
2024-12-28 20:00:00,-1.7,,50.0,,좋음,28.0
2024-12-28 21:00:00,-2.3,,50.0,,좋음,26.0
2024-12-28 22:00:00,-2.9,,53.0,,좋음,25.0
2024-12-28 23:00:00,-3.1,,56.0,,좋음,26.0
2024-12-29 00:00:00,-2.5,,56.0,,좋음,25.0
2024-12-29 01:00:00,-2.0,,56.0,,좋음,25.0
2024-12-29 02:00:00,-1.7,,56.0,,좋음,22.0
2024-12-29 03:00:00,-1.5,,55.0,,좋음,19.0
2024-12-29 04:00:00,-1.9,,57.0,,좋음,17.0
2024-12-29 05:00:00,-2.6,,59.0,,좋음,17.0
2024-12-29 06:00:00,-3.1,,62.0,,좋음,22.0
2024-12-29 07:00:00,-3.6,,66.0,,좋음,19.0
2024-12-29 08:00:00,-4.1,,66.0,,좋음,22.0
2024-12-29 09:00:00,-3.8,,67.0,,좋음,21.0
2024-12-29 10:00:00,-1.1,,60.0,,좋음,29.0
2024-12-29 11:00:00,1.0,,51.0,,보통,33.0
2024-12-29 12:00:00,3.7,,43.0,,보통,31.0
2024-12-29 13:00:00,5.0,,36.0,,좋음,30.0
2024-12-29 14:00:00,5.3,,38.0,,좋음,25.0
2024-12-29 15:00:00,5.1,,39.0,,좋음,29.0
2024-12-29 16:00:00,4.6,,42.0,,좋음,30.0
2024-12-29 17:00:00,4.3,,48.0,,좋음,30.0
2024-12-29 18:00:00,3.9,,50.0,,보통,36.0
2024-12-29 19:00:00,3.5,,56.0,,보통,33.0
2024-12-29 20:00:00,3.0,,63.0,,보통,33.0
2024-12-29 21:00:00,2.6,,64.0,,보통,34.0
2024-12-29 22:00:00,2.4,,66.0,,보통,35.0
2024-12-29 23:00:00,2.3,,67.0,,보통,37.0
2024-12-30 00:00:00,2.1,,69.0,,보통,39.0
2024-12-30 01:00:00,2.1,,69.0,,보통,40.0
2024-12-30 02:00:00,2.1,,69.0,,보통,41.0
2024-12-30 03:00:00,2.3,,70.0,,보통,47.0
2024-12-30 04:00:00,2.3,,71.0,,보통,46.0
2024-12-30 05:00:00,2.4,,70.0,,보통,45.0
2024-12-30 06:00:00,2.5,,71.0,,보통,43.0
2024-12-30 07:00:00,2.7,,73.0,,보통,42.0
2024-12-30 08:00:00,2.7,,73.0,,보통,45.0
2024-12-30 09:00:00,2.8,,76.0,,보통,52.0
2024-12-30 10:00:00,4.0,,73.0,,보통,51.0
2024-12-30 11:00:00,5.7,,71.0,,보통,61.0
2024-12-30 12:00:00,9.3,,61.0,,보통,69.0
2024-12-30 13:00:00,9.9,,55.0,,보통,62.0
2024-12-30 14:00:00,9.7,,53.0,,보통,60.0
2024-12-30 15:00:00,9.1,,56.0,,보통,70.0
2024-12-30 16:00:00,8.8,,62.0,,보통,66.0
2024-12-30 17:00:00,8.2,,66.0,,보통,63.0
2024-12-30 18:00:00,7.8,,66.0,,보통,62.0
2024-12-30 19:00:00,6.9,,66.0,,보통,64.0
2024-12-30 20:00:00,6.1,,68.0,,보통,64.0
2024-12-30 21:00:00,5.6,,67.0,,보통,68.0
2024-12-30 22:00:00,4.9,,71.0,,보통,70.0
2024-12-30 23:00:00,4.1,,75.0,,보통,78.0
2024-12-31 00:00:00,4.8,0.0,81.0,,나쁨,88.0
2024-12-31 01:00:00,,,,,나쁨,96.0
2024-12-31 02:00:00,,,,,나쁨,103.0
2024-12-31 03:00:00,,,,,나쁨,105.0
2024-12-31 04:00:00,,,,,나쁨,101.0
2024-12-31 05:00:00,,,,,나쁨,83.0
2024-12-31 06:00:00,,,,,보통,74.0
2024-12-31 07:00:00,,,,,보통,72.0
2024-12-31 08:00:00,,,,,보통,61.0
2024-12-31 09:00:00,,,,,보통,51.0
2024-12-31 10:00:00,,,,,보통,40.0
2024-12-31 11:00:00,,,,,보통,36.0
2024-12-31 12:00:00,,,,,보통,35.0
2024-12-31 13:00:00,,,,,보통,33.0
2024-12-31 14:00:00,,,,,좋음,27.0
2024-12-31 15:00:00,,,,,보통,31.0
2024-12-31 16:00:00,,,,,보통,33.0
2024-12-31 17:00:00,,,,,보통,31.0
2024-12-31 18:00:00,,,,,보통,31.0
2024-12-31 19:00:00,,,,,좋음,30.0
2024-12-31 20:00:00,,,,,좋음,29.0
2024-12-31 21:00:00,,,,,좋음,29.0
2024-12-31 22:00:00,,,,,보통,32.0
2024-12-31 23:00:00,,,,,보통,47.0
2025-01-01 00:00:00,,,,,보통,35.0
2025-01-01 01:00:00,-1.7,,62.0,,보통,32.0
2025-01-01 02:00:00,-1.8,,64.0,,좋음,24.0
2025-01-01 03:00:00,-2.0,,66.0,,좋음,25.0
2025-01-01 04:00:00,-2.3,,67.0,,좋음,23.0
2025-01-01 05:00:00,-2.5,,69.0,,좋음,22.0
2025-01-01 06:00:00,-1.9,,68.0,,좋음,23.0
2025-01-01 07:00:00,-1.3,,68.0,,좋음,22.0
2025-01-01 08:00:00,-0.8,,68.0,,좋음,26.0
2025-01-01 09:00:00,-0.1,,68.0,,좋음,29.0
2025-01-01 10:00:00,1.2,,66.0,,좋음,27.0
2025-01-01 11:00:00,3.1,,60.0,,보통,34.0
2025-01-01 12:00:00,6.7,,55.0,,보통,40.0
2025-01-01 13:00:00,7.8,,51.0,,보통,47.0
2025-01-01 14:00:00,7.7,,54.0,,보통,51.0
2025-01-01 15:00:00,8.5,,52.0,,보통,61.0
2025-01-01 16:00:00,8.4,,50.0,,보통,62.0
2025-01-01 17:00:00,7.1,,53.0,,보통,66.0
2025-01-01 18:00:00,5.6,,59.0,,보통,68.0
2025-01-01 19:00:00,4.7,,64.0,,보통,70.0
2025-01-01 20:00:00,3.8,,73.0,,보통,67.0
2025-01-01 21:00:00,3.3,,74.0,,보통,64.0
2025-01-01 22:00:00,3.0,,72.0,,보통,56.0
2025-01-01 23:00:00,1.9,,71.0,,보통,51.0
2025-01-02 00:00:00,0.7,,72.0,,보통,50.0
2025-01-02 01:00:00,0.4,,74.0,,보통,49.0
2025-01-02 02:00:00,-0.7,,75.0,,보통,46.0
2025-01-02 03:00:00,-1.4,,70.0,,보통,45.0
2025-01-02 04:00:00,-1.5,,72.0,,보통,48.0
2025-01-02 05:00:00,-2.3,,73.0,,보통,46.0
2025-01-02 06:00:00,-2.5,,74.0,,보통,48.0
2025-01-02 07:00:00,-2.5,,74.0,,보통,52.0
2025-01-02 08:00:00,-2.8,,67.0,,보통,48.0
2025-01-02 09:00:00,-2.3,,66.0,,보통,53.0
2025-01-02 10:00:00,-0.3,,56.0,,보통,60.0
2025-01-02 11:00:00,1.9,,41.0,,보통,58.0
2025-01-02 12:00:00,3.5,,39.0,,보통,50.0
2025-01-02 13:00:00,4.8,,29.0,,보통,38.0
2025-01-02 14:00:00,5.2,,25.0,,보통,42.0
2025-01-02 15:00:00,5.9,,27.0,,보통,31.0
2025-01-02 16:00:00,5.4,,26.0,,좋음,24.0
2025-01-02 17:00:00,4.1,,28.0,,좋음,22.0
2025-01-02 18:00:00,2.7,,31.0,,좋음,23.0
2025-01-02 19:00:00,1.8,,32.0,,좋음,25.0
2025-01-02 20:00:00,1.0,,34.0,,좋음,28.0
2025-01-02 21:00:00,0.0,,37.0,,좋음,28.0
2025-01-02 22:00:00,-0.2,,40.0,,좋음,28.0
2025-01-02 23:00:00,-0.8,,45.0,,좋음,30.0
2025-01-03 00:00:00,-2.0,,46.0,,보통,31.0
2025-01-03 01:00:00,-2.8,,48.0,,좋음,27.0
2025-01-03 02:00:00,-3.5,,49.0,,좋음,23.0
2025-01-03 03:00:00,-3.7,,49.0,,좋음,24.0
2025-01-03 04:00:00,-4.5,,51.0,,좋음,23.0
2025-01-03 05:00:00,-4.8,,52.0,,좋음,24.0
2025-01-03 06:00:00,-5.1,,55.0,,좋음,26.0
2025-01-03 07:00:00,-4.9,,57.0,,좋음,26.0
2025-01-03 08:00:00,-4.7,,54.0,,좋음,27.0
2025-01-03 09:00:00,-4.1,,50.0,,좋음,28.0
2025-01-03 10:00:00,-2.6,,40.0,,보통,31.0
2025-01-03 11:00:00,-0.1,,36.0,,,
2025-01-03 12:00:00,1.9,,30.0,,,
2025-01-03 13:00:00,2.3,,29.0,,좋음,26.0
2025-01-03 14:00:00,2.7,,34.0,,좋음,26.0
2025-01-03 15:00:00,2.2,,38.0,,좋음,27.0
2025-01-03 16:00:00,3.1,,39.0,,좋음,27.0
2025-01-03 17:00:00,2.1,,44.0,,좋음,18.0
2025-01-03 18:00:00,1.2,,63.0,,좋음,21.0
2025-01-03 19:00:00,0.9,,67.0,,좋음,24.0
2025-01-03 20:00:00,0.4,,66.0,,좋음,24.0
2025-01-03 21:00:00,0.5,0.0,70.0,,좋음,24.0
2025-01-03 22:00:00,0.4,,71.0,,좋음,22.0
2025-01-03 23:00:00,-0.7,,70.0,,좋음,24.0
2025-01-04 00:00:00,-1.9,0.0,61.0,,보통,32.0
2025-01-04 01:00:00,-2.6,,58.0,,보통,35.0
2025-01-04 02:00:00,-3.0,,58.0,,보통,33.0
2025-01-04 03:00:00,-3.5,,61.0,,보통,34.0
2025-01-04 04:00:00,-4.2,,62.0,,보통,32.0
2025-01-04 05:00:00,-4.3,,59.0,,보통,34.0
2025-01-04 06:00:00,-4.9,,60.0,,보통,33.0
2025-01-04 07:00:00,-5.1,,63.0,,보통,34.0
2025-01-04 08:00:00,-5.4,,61.0,,보통,40.0
2025-01-04 09:00:00,-4.7,,66.0,,보통,45.0
2025-01-04 10:00:00,-1.7,,63.0,,보통,49.0
2025-01-04 11:00:00,0.7,,47.0,,보통,52.0
2025-01-04 12:00:00,3.3,,41.0,,보통,44.0
2025-01-04 13:00:00,3.7,,31.0,,보통,39.0
2025-01-04 14:00:00,5.1,,29.0,,좋음,29.0
2025-01-04 15:00:00,5.5,,26.0,,좋음,27.0
2025-01-04 16:00:00,4.8,,29.0,,보통,32.0
2025-01-04 17:00:00,3.6,,36.0,,보통,32.0
2025-01-04 18:00:00,3.0,,39.0,,좋음,25.0
2025-01-04 19:00:00,2.4,,38.0,,좋음,26.0
2025-01-04 20:00:00,1.3,,45.0,,보통,32.0
2025-01-04 21:00:00,0.8,,48.0,,보통,37.0
2025-01-04 22:00:00,0.4,,50.0,,보통,33.0
2025-01-04 23:00:00,0.0,,52.0,,보통,36.0
2025-01-05 00:00:00,-0.3,,56.0,,보통,32.0
2025-01-05 01:00:00,-0.6,,57.0,,좋음,29.0
2025-01-05 02:00:00,-0.6,,60.0,,좋음,25.0
2025-01-05 03:00:00,0.1,0.0,61.0,,좋음,25.0
2025-01-05 04:00:00,0.6,,62.0,,좋음,23.0
2025-01-05 05:00:00,0.7,,60.0,,좋음,24.0
2025-01-05 06:00:00,0.5,0.3,72.0,0.2,좋음,27.0
2025-01-05 07:00:00,-0.2,,87.0,0.7,좋음,26.0
2025-01-05 08:00:00,-0.2,,91.0,1.8,좋음,24.0
2025-01-05 09:00:00,-0.3,4.1,92.0,5.0,좋음,26.0
2025-01-05 10:00:00,-0.1,,93.0,5.3,좋음,28.0
2025-01-05 11:00:00,0.4,,94.0,5.7,좋음,30.0
2025-01-05 12:00:00,0.6,1.3,93.0,5.9,좋음,29.0
2025-01-05 13:00:00,0.8,,93.0,6.4,보통,32.0
2025-01-05 14:00:00,1.2,,93.0,6.3,보통,38.0
2025-01-05 15:00:00,1.8,1.0,91.0,5.9,좋음,28.0
2025-01-05 16:00:00,1.8,,91.0,5.4,보통,32.0
2025-01-05 17:00:00,1.9,,90.0,5.2,보통,35.0
2025-01-05 18:00:00,1.9,,90.0,5.0,보통,39.0
2025-01-05 19:00:00,2.1,,90.0,4.8,보통,43.0
2025-01-05 20:00:00,2.2,,90.0,4.6,보통,43.0
2025-01-05 21:00:00,2.2,,90.0,4.4,보통,44.0
2025-01-05 22:00:00,2.4,,90.0,4.2,보통,46.0
2025-01-05 23:00:00,2.4,,90.0,4.0,보통,48.0
2025-01-06 00:00:00,2.4,,91.0,3.9,보통,46.0
2025-01-06 01:00:00,2.5,,90.0,3.7,보통,50.0
2025-01-06 02:00:00,2.9,,94.0,3.5,보통,51.0
2025-01-06 03:00:00,2.7,1.2,92.0,2.9,보통,53.0
2025-01-06 04:00:00,2.4,,93.0,2.4,보통,48.0
2025-01-06 05:00:00,2.3,,94.0,2.2,보통,42.0
2025-01-06 06:00:00,2.2,1.8,95.0,2.2,보통,45.0
2025-01-06 07:00:00,2.2,,94.0,2.1,보통,44.0
2025-01-06 08:00:00,2.3,,94.0,2.1,보통,51.0
2025-01-06 09:00:00,2.5,0.0,95.0,2.0,보통,50.0
2025-01-06 10:00:00,2.1,,92.0,1.9,보통,57.0
2025-01-06 11:00:00,2.3,,85.0,1.7,보통,60.0
2025-01-06 12:00:00,2.7,0.0,73.0,1.2,보통,74.0
2025-01-06 13:00:00,2.9,,68.0,0.5,나쁨,82.0
2025-01-06 14:00:00,2.7,,65.0,,나쁨,87.0
2025-01-06 15:00:00,2.4,,64.0,,나쁨,98.0
2025-01-06 16:00:00,2.0,,62.0,,나쁨,95.0
2025-01-06 17:00:00,1.2,,65.0,,나쁨,82.0
2025-01-06 18:00:00,0.2,,66.0,,보통,79.0
2025-01-06 19:00:00,-0.7,,65.0,,보통,78.0
2025-01-06 20:00:00,-1.3,,64.0,,보통,58.0
2025-01-06 21:00:00,-1.8,,59.0,,보통,43.0
2025-01-06 22:00:00,-2.4,,57.0,,좋음,29.0
2025-01-06 23:00:00,-2.8,,61.0,,좋음,27.0
2025-01-07 00:00:00,-3.0,,61.0,,좋음,27.0
2025-01-07 01:00:00,-3.2,,55.0,,좋음,23.0
2025-01-07 02:00:00,-3.6,,50.0,,좋음,24.0
2025-01-07 03:00:00,-3.9,,51.0,,좋음,26.0
2025-01-07 04:00:00,-4.2,,53.0,,좋음,27.0
2025-01-07 05:00:00,-4.4,,53.0,,좋음,30.0
2025-01-07 06:00:00,-5.0,,55.0,,좋음,29.0
2025-01-07 07:00:00,-5.1,,54.0,,보통,37.0
2025-01-07 08:00:00,-5.7,,56.0,,보통,36.0
2025-01-07 09:00:00,-5.1,,55.0,,보통,35.0
2025-01-07 10:00:00,-3.3,,46.0,,보통,35.0
2025-01-07 11:00:00,-1.4,,41.0,,보통,35.0
2025-01-07 12:00:00,-0.6,,38.0,,보통,31.0
2025-01-07 13:00:00,0.7,,40.0,,좋음,30.0
2025-01-07 14:00:00,1.0,,45.0,,좋음,30.0
2025-01-07 15:00:00,0.7,,51.0,,좋음,28.0
2025-01-07 16:00:00,0.0,,52.0,,좋음,30.0
2025-01-07 17:00:00,-0.4,,57.0,,좋음,26.0
2025-01-07 18:00:00,-1.0,0.0,66.0,,좋음,24.0
2025-01-07 19:00:00,-1.4,,69.0,0.4,좋음,28.0
2025-01-07 20:00:00,-1.7,,69.0,0.4,좋음,25.0
2025-01-07 21:00:00,-1.9,0.1,53.0,0.3,좋음,22.0
2025-01-07 22:00:00,-2.7,,56.0,0.2,좋음,19.0
2025-01-07 23:00:00,-3.9,,58.0,0.2,좋음,19.0
2025-01-08 00:00:00,-4.3,,59.0,0.2,좋음,22.0
2025-01-08 01:00:00,-4.4,,63.0,0.2,좋음,23.0
2025-01-08 02:00:00,-4.7,,65.0,0.2,좋음,23.0
2025-01-08 03:00:00,-4.1,,66.0,0.2,좋음,24.0
2025-01-08 04:00:00,-4.3,,67.0,0.2,좋음,23.0
2025-01-08 05:00:00,-4.4,,67.0,0.2,좋음,19.0
2025-01-08 06:00:00,-4.5,,65.0,0.2,좋음,18.0
2025-01-08 07:00:00,-4.5,,62.0,0.2,좋음,25.0
2025-01-08 08:00:00,-4.8,,63.0,0.2,보통,34.0
2025-01-08 09:00:00,-4.1,,53.0,0.2,보통,37.0
2025-01-08 10:00:00,-2.9,,49.0,0.2,보통,39.0
2025-01-08 11:00:00,-1.8,,44.0,0.2,보통,40.0
2025-01-08 12:00:00,-1.0,,46.0,,보통,45.0
2025-01-08 13:00:00,-0.3,,44.0,,보통,50.0
2025-01-08 14:00:00,-0.1,,44.0,,보통,53.0
2025-01-08 15:00:00,0.1,,45.0,,보통,54.0
2025-01-08 16:00:00,-0.1,,44.0,,보통,46.0
2025-01-08 17:00:00,-1.0,,42.0,,보통,39.0
2025-01-08 18:00:00,-2.0,,45.0,,좋음,24.0
2025-01-08 19:00:00,-2.9,,51.0,,좋음,22.0
2025-01-08 20:00:00,-4.1,,57.0,,좋음,19.0
2025-01-08 21:00:00,-5.2,,56.0,,좋음,26.0
2025-01-08 22:00:00,-5.8,,57.0,,좋음,27.0
2025-01-08 23:00:00,-5.7,,59.0,,좋음,29.0
2025-01-09 00:00:00,-6.1,0.0,65.0,,보통,35.0
2025-01-09 01:00:00,-7.5,,51.0,,보통,36.0
2025-01-09 02:00:00,-8.2,,49.0,,보통,31.0
2025-01-09 03:00:00,-8.4,0.0,39.0,,좋음,22.0
2025-01-09 04:00:00,-8.8,,35.0,,좋음,17.0
2025-01-09 05:00:00,-9.2,,36.0,,좋음,14.0
2025-01-09 06:00:00,-9.5,,37.0,,좋음,14.0
2025-01-09 07:00:00,-9.8,,39.0,,좋음,15.0
2025-01-09 08:00:00,-10.1,,41.0,,좋음,16.0
2025-01-09 09:00:00,-10.1,,42.0,,좋음,17.0
2025-01-09 10:00:00,-9.4,,40.0,,좋음,18.0
2025-01-09 11:00:00,-8.5,,39.0,,좋음,18.0
2025-01-09 12:00:00,-8.1,,34.0,,좋음,21.0
2025-01-09 13:00:00,-8.5,,36.0,,좋음,21.0
2025-01-09 14:00:00,-8.1,,33.0,,좋음,28.0
2025-01-09 15:00:00,-8.0,,33.0,,좋음,26.0
2025-01-09 16:00:00,-8.6,,34.0,,좋음,25.0
2025-01-09 17:00:00,-9.4,,37.0,,좋음,30.0
2025-01-09 18:00:00,-10.3,,35.0,,보통,35.0
2025-01-09 19:00:00,-10.6,,39.0,,보통,38.0
2025-01-09 20:00:00,-11.1,,40.0,,보통,40.0
2025-01-09 21:00:00,-11.4,,42.0,,보통,38.0
2025-01-09 22:00:00,-11.3,,42.0,,보통,36.0
2025-01-09 23:00:00,-11.4,,43.0,,보통,32.0
2025-01-10 00:00:00,-11.6,,45.0,,좋음,26.0
2025-01-10 01:00:00,-11.7,,45.0,,좋음,26.0
2025-01-10 02:00:00,-11.7,,46.0,,좋음,21.0
2025-01-10 03:00:00,-11.6,,47.0,,좋음,23.0
2025-01-10 04:00:00,-11.6,,49.0,,좋음,25.0
2025-01-10 05:00:00,-11.6,,49.0,,좋음,21.0
2025-01-10 06:00:00,-11.5,,49.0,,좋음,20.0
2025-01-10 07:00:00,-12.0,,52.0,,좋음,22.0
2025-01-10 08:00:00,-12.1,,52.0,,좋음,25.0
2025-01-10 09:00:00,-11.2,,50.0,,좋음,25.0
2025-01-10 10:00:00,-8.8,,48.0,,좋음,24.0
2025-01-10 11:00:00,-7.8,,46.0,,좋음,24.0
2025-01-10 12:00:00,-5.4,,44.0,,좋음,28.0
2025-01-10 13:00:00,-4.4,,42.0,,보통,34.0
2025-01-10 14:00:00,-3.4,,38.0,,보통,31.0
2025-01-10 15:00:00,-2.0,,36.0,,좋음,30.0
2025-01-10 16:00:00,-2.3,,36.0,,좋음,25.0
2025-01-10 17:00:00,-3.0,,42.0,,좋음,22.0
2025-01-10 18:00:00,-4.2,,45.0,,좋음,21.0
2025-01-10 19:00:00,-5.2,,47.0,,좋음,18.0
2025-01-10 20:00:00,-5.7,,50.0,,좋음,20.0
2025-01-10 21:00:00,-6.1,,54.0,,좋음,25.0
2025-01-10 22:00:00,-5.9,,56.0,,좋음,28.0
2025-01-10 23:00:00,-6.0,,59.0,,좋음,25.0
2025-01-11 00:00:00,-6.1,,59.0,,좋음,22.0
2025-01-11 01:00:00,-6.4,,63.0,,좋음,25.0
2025-01-11 02:00:00,-7.0,,64.0,,보통,32.0
2025-01-11 03:00:00,-7.5,,66.0,,보통,31.0
2025-01-11 04:00:00,-8.1,,67.0,,좋음,23.0
2025-01-11 05:00:00,-8.5,,71.0,,좋음,25.0
2025-01-11 06:00:00,-9.0,,72.0,,좋음,24.0
2025-01-11 07:00:00,-9.2,,72.0,,보통,32.0
2025-01-11 08:00:00,-9.4,,73.0,,보통,33.0
2025-01-11 09:00:00,-8.7,,71.0,,보통,38.0
2025-01-11 10:00:00,-6.3,,62.0,,보통,41.0
2025-01-11 11:00:00,-4.4,,55.0,,보통,48.0
2025-01-11 12:00:00,-2.7,,51.0,,보통,49.0
2025-01-11 13:00:00,-0.5,,45.0,,보통,48.0
2025-01-11 14:00:00,-0.9,,39.0,,보통,46.0
2025-01-11 15:00:00,0.3,,37.0,,보통,40.0
2025-01-11 16:00:00,-0.6,,38.0,,보통,35.0
2025-01-11 17:00:00,-1.4,,40.0,,좋음,25.0
2025-01-11 18:00:00,-2.5,,45.0,,좋음,26.0
2025-01-11 19:00:00,-3.3,,53.0,,좋음,27.0
2025-01-11 20:00:00,-4.0,,56.0,,좋음,28.0
2025-01-11 21:00:00,-5.0,,55.0,,좋음,27.0
2025-01-11 22:00:00,-5.4,,57.0,,보통,33.0
2025-01-11 23:00:00,-6.0,,61.0,,보통,33.0
2025-01-12 00:00:00,-6.0,,62.0,,보통,40.0
2025-01-12 01:00:00,-6.1,,61.0,,보통,36.0
2025-01-12 02:00:00,-6.4,,65.0,,보통,37.0
2025-01-12 03:00:00,-6.8,,67.0,,보통,36.0
2025-01-12 04:00:00,-7.1,,68.0,,보통,31.0
2025-01-12 05:00:00,-7.5,,70.0,,보통,32.0
2025-01-12 06:00:00,-7.7,,72.0,,보통,32.0
2025-01-12 07:00:00,-8.0,,73.0,,보통,31.0
2025-01-12 08:00:00,-8.2,,75.0,,보통,35.0
2025-01-12 09:00:00,-7.7,,74.0,,보통,39.0
2025-01-12 10:00:00,-5.5,,68.0,,보통,40.0
2025-01-12 11:00:00,-3.0,,59.0,,보통,51.0
2025-01-12 12:00:00,-1.0,,51.0,,보통,49.0
2025-01-12 13:00:00,1.2,,41.0,,보통,46.0
2025-01-12 14:00:00,1.9,,38.0,,보통,45.0
2025-01-12 15:00:00,1.6,,42.0,,보통,42.0
2025-01-12 16:00:00,1.8,,43.0,,보통,40.0
2025-01-12 17:00:00,1.1,,45.0,,보통,38.0
2025-01-12 18:00:00,-0.2,,50.0,,보통,42.0
2025-01-12 19:00:00,-0.9,,53.0,,보통,43.0
2025-01-12 20:00:00,-1.5,,54.0,,보통,43.0
2025-01-12 21:00:00,-2.5,,59.0,,보통,48.0
2025-01-12 22:00:00,-3.2,,64.0,,보통,52.0
2025-01-12 23:00:00,-3.2,,65.0,,보통,45.0
2025-01-13 00:00:00,-3.3,,64.0,,보통,39.0
2025-01-13 01:00:00,-4.1,,67.0,,보통,46.0
2025-01-13 02:00:00,-4.5,,68.0,,보통,51.0
2025-01-13 03:00:00,-4.7,,70.0,,보통,45.0
2025-01-13 04:00:00,-5.1,,73.0,,보통,46.0
2025-01-13 05:00:00,-5.3,,75.0,,보통,46.0
2025-01-13 06:00:00,-5.6,,76.0,,보통,47.0
2025-01-13 07:00:00,-5.1,,77.0,,보통,52.0
2025-01-13 08:00:00,-4.2,,74.0,,보통,50.0
2025-01-13 09:00:00,-3.4,0.0,74.0,,보통,54.0
2025-01-13 10:00:00,-2.2,,73.0,,보통,66.0
2025-01-13 11:00:00,-0.8,,67.0,,보통,64.0
2025-01-13 12:00:00,1.1,0.0,60.0,,보통,57.0
2025-01-13 13:00:00,2.6,,58.0,,보통,55.0
2025-01-13 14:00:00,3.9,,59.0,,보통,61.0
2025-01-13 15:00:00,3.9,0.0,62.0,,보통,60.0
2025-01-13 16:00:00,3.5,,71.0,,보통,60.0
2025-01-13 17:00:00,2.1,,87.0,0.1,보통,55.0
2025-01-13 18:00:00,2.0,1.0,89.0,0.1,보통,54.0
2025-01-13 19:00:00,1.6,,91.0,0.1,보통,52.0
2025-01-13 20:00:00,1.6,,92.0,0.1,보통,56.0
2025-01-13 21:00:00,1.6,0.3,91.0,0.1,보통,60.0
2025-01-13 22:00:00,1.6,,90.0,0.1,보통,63.0
2025-01-13 23:00:00,1.8,,91.0,0.1,보통,58.0
2025-01-14 00:00:00,1.7,0.0,93.0,0.1,보통,55.0
2025-01-14 01:00:00,1.7,,93.0,0.1,보통,58.0
2025-01-14 02:00:00,1.8,,92.0,0.1,보통,59.0
2025-01-14 03:00:00,1.8,0.0,92.0,0.1,보통,56.0
2025-01-14 04:00:00,1.8,,93.0,0.1,보통,58.0
2025-01-14 05:00:00,2.0,,91.0,0.1,보통,52.0
2025-01-14 06:00:00,1.7,0.1,93.0,0.1,보통,52.0
2025-01-14 07:00:00,1.1,,93.0,0.1,보통,51.0
2025-01-14 08:00:00,0.8,,94.0,0.1,보통,53.0
2025-01-14 09:00:00,1.2,,97.0,0.1,보통,55.0
2025-01-14 10:00:00,1.8,,97.0,0.1,보통,60.0
2025-01-14 11:00:00,3.0,,96.0,,보통,63.0
2025-01-14 12:00:00,5.0,,89.0,,,
2025-01-14 13:00:00,5.0,,71.0,,,
2025-01-14 14:00:00,4.7,,64.0,,나쁨,91.0
2025-01-14 15:00:00,4.8,,51.0,,나쁨,83.0
2025-01-14 16:00:00,4.8,,48.0,,보통,69.0
2025-01-14 17:00:00,4.3,,51.0,,보통,57.0
2025-01-14 18:00:00,3.8,,55.0,,보통,68.0
2025-01-14 19:00:00,3.2,,51.0,,보통,71.0
2025-01-14 20:00:00,2.5,,51.0,,보통,76.0
2025-01-14 21:00:00,1.6,,49.0,,보통,76.0
2025-01-14 22:00:00,0.1,,42.0,,보통,64.0
2025-01-14 23:00:00,-1.1,,48.0,,보통,41.0
2025-01-15 00:00:00,-1.7,,50.0,,좋음,28.0
2025-01-15 01:00:00,-2.2,,53.0,,좋음,30.0
2025-01-15 02:00:00,-2.9,,55.0,,좋음,30.0
2025-01-15 03:00:00,-3.3,,56.0,,좋음,27.0
2025-01-15 04:00:00,-3.6,,50.0,,좋음,29.0
2025-01-15 05:00:00,-4.3,,50.0,,보통,38.0
2025-01-15 06:00:00,-4.8,,51.0,,보통,42.0
2025-01-15 07:00:00,-5.0,,50.0,,보통,51.0
2025-01-15 08:00:00,-5.2,,49.0,,보통,56.0
2025-01-15 09:00:00,-4.6,,45.0,,보통,58.0
2025-01-15 10:00:00,-3.8,,34.0,,보통,56.0
2025-01-15 11:00:00,-3.2,,33.0,,보통,47.0
2025-01-15 12:00:00,-2.6,,28.0,,보통,33.0
2025-01-15 13:00:00,-1.6,,28.0,,좋음,29.0
2025-01-15 14:00:00,-1.7,,25.0,,좋음,23.0
2025-01-15 15:00:00,-0.9,,25.0,,좋음,20.0
2025-01-15 16:00:00,-1.0,,25.0,,좋음,23.0
2025-01-15 17:00:00,-1.9,,28.0,,좋음,22.0
2025-01-15 18:00:00,-2.7,,34.0,,좋음,25.0
2025-01-15 19:00:00,-3.2,,40.0,,좋음,27.0
2025-01-15 20:00:00,-3.4,,41.0,,좋음,25.0
2025-01-15 21:00:00,-4.0,,39.0,,좋음,21.0
2025-01-15 22:00:00,-4.5,,42.0,,좋음,23.0
2025-01-15 23:00:00,-5.0,,47.0,,좋음,22.0
2025-01-16 00:00:00,-4.9,,48.0,,좋음,19.0
2025-01-16 01:00:00,-4.4,,48.0,,좋음,18.0
2025-01-16 02:00:00,-4.0,,50.0,,좋음,20.0
2025-01-16 03:00:00,-3.8,0.0,52.0,,좋음,23.0
2025-01-16 04:00:00,-3.6,,54.0,,좋음,22.0
2025-01-16 05:00:00,-3.5,,50.0,,좋음,16.0
2025-01-16 06:00:00,-3.4,,50.0,,좋음,22.0
2025-01-16 07:00:00,-3.2,,53.0,,좋음,26.0
2025-01-16 08:00:00,-2.9,,55.0,,좋음,30.0
2025-01-16 09:00:00,-2.5,,56.0,,좋음,26.0
2025-01-16 10:00:00,-2.0,,57.0,,좋음,25.0
2025-01-16 11:00:00,-1.0,,58.0,,좋음,29.0
2025-01-16 12:00:00,0.3,0.0,69.0,,보통,31.0
2025-01-16 13:00:00,1.4,,68.0,,보통,34.0
2025-01-16 14:00:00,2.5,,64.0,,보통,38.0
2025-01-16 15:00:00,2.8,,63.0,,보통,42.0
2025-01-16 16:00:00,2.6,,69.0,,보통,43.0
2025-01-16 17:00:00,2.5,,72.0,,보통,48.0
2025-01-16 18:00:00,2.5,0.0,74.0,,보통,46.0
2025-01-16 19:00:00,2.0,,74.0,,보통,52.0
2025-01-16 20:00:00,1.9,,77.0,,보통,56.0
2025-01-16 21:00:00,1.5,,81.0,,보통,59.0
2025-01-16 22:00:00,0.7,,73.0,,보통,58.0
2025-01-16 23:00:00,-0.3,,75.0,,보통,57.0
2025-01-17 00:00:00,-1.1,,76.0,,보통,58.0
2025-01-17 01:00:00,-1.8,,75.0,,보통,60.0
2025-01-17 02:00:00,-2.6,,74.0,,보통,63.0
2025-01-17 03:00:00,-3.3,,78.0,,보통,59.0
2025-01-17 04:00:00,-3.7,,77.0,,보통,54.0
2025-01-17 05:00:00,-3.9,,74.0,,보통,50.0
2025-01-17 06:00:00,-4.4,,77.0,,보통,57.0
2025-01-17 07:00:00,-4.5,,79.0,,보통,67.0
2025-01-17 08:00:00,-4.9,,82.0,,보통,66.0
2025-01-17 09:00:00,-4.4,,85.0,,보통,63.0
2025-01-17 10:00:00,-1.9,,78.0,,보통,61.0
2025-01-17 11:00:00,-0.1,,67.0,,보통,71.0
2025-01-17 12:00:00,1.8,,63.0,,보통,80.0
2025-01-17 13:00:00,4.5,,53.0,,보통,73.0
2025-01-17 14:00:00,5.1,,47.0,,보통,73.0
2025-01-17 15:00:00,4.6,,40.0,,보통,80.0
2025-01-17 16:00:00,5.0,,36.0,,나쁨,84.0
2025-01-17 17:00:00,4.2,,33.0,,보통,68.0
2025-01-17 18:00:00,2.8,,38.0,,보통,55.0
2025-01-17 19:00:00,1.8,,47.0,,보통,55.0
2025-01-17 20:00:00,0.8,,51.0,,보통,48.0
2025-01-17 21:00:00,0.1,,56.0,,보통,51.0
2025-01-17 22:00:00,-0.6,,59.0,,보통,49.0
2025-01-17 23:00:00,-1.0,,61.0,,보통,52.0
2025-01-18 00:00:00,-1.4,,62.0,,보통,53.0
2025-01-18 01:00:00,-1.8,,63.0,,보통,51.0
2025-01-18 02:00:00,-2.1,,65.0,,보통,48.0
2025-01-18 03:00:00,-2.2,,62.0,,보통,44.0
2025-01-18 04:00:00,-2.7,,65.0,,보통,41.0
2025-01-18 05:00:00,-3.2,,68.0,,보통,37.0
2025-01-18 06:00:00,-3.5,,69.0,,보통,39.0
2025-01-18 07:00:00,-3.6,,69.0,,보통,44.0
2025-01-18 08:00:00,-4.0,,71.0,,보통,41.0
2025-01-18 09:00:00,-2.8,,69.0,,보통,46.0
2025-01-18 10:00:00,-0.5,,62.0,,보통,61.0
2025-01-18 11:00:00,2.2,,52.0,,보통,77.0
2025-01-18 12:00:00,4.4,,44.0,,보통,79.0
2025-01-18 13:00:00,6.1,,38.0,,보통,73.0
2025-01-18 14:00:00,7.4,,30.0,,보통,59.0
2025-01-18 15:00:00,6.8,,30.0,,보통,52.0
2025-01-18 16:00:00,6.8,,31.0,,보통,45.0
2025-01-18 17:00:00,5.7,,32.0,,보통,50.0
2025-01-18 18:00:00,4.1,,40.0,,보통,51.0
2025-01-18 19:00:00,3.1,,45.0,,보통,40.0
2025-01-18 20:00:00,2.1,,51.0,,보통,47.0
2025-01-18 21:00:00,1.2,,55.0,,보통,50.0
2025-01-18 22:00:00,0.7,,61.0,,보통,53.0
2025-01-18 23:00:00,0.1,,64.0,,보통,52.0
2025-01-19 00:00:00,-0.2,,64.0,,보통,51.0
2025-01-19 01:00:00,-0.7,,62.0,,보통,42.0
2025-01-19 02:00:00,-1.1,,65.0,,보통,39.0
2025-01-19 03:00:00,-0.6,,66.0,,보통,39.0
2025-01-19 04:00:00,0.0,,63.0,,보통,35.0
2025-01-19 05:00:00,0.3,,57.0,,보통,39.0
2025-01-19 06:00:00,0.5,,57.0,,보통,44.0
2025-01-19 07:00:00,0.5,,59.0,,보통,48.0
2025-01-19 08:00:00,0.9,,60.0,,보통,51.0
2025-01-19 09:00:00,1.2,,62.0,,보통,48.0
2025-01-19 10:00:00,2.1,,61.0,,보통,46.0
2025-01-19 11:00:00,3.1,,57.0,,보통,50.0
2025-01-19 12:00:00,4.9,,52.0,,보통,62.0
2025-01-19 13:00:00,6.7,,49.0,,보통,70.0
2025-01-19 14:00:00,8.4,,50.0,,보통,61.0
2025-01-19 15:00:00,8.8,,55.0,,보통,40.0
2025-01-19 16:00:00,8.2,,59.0,,보통,39.0
2025-01-19 17:00:00,7.7,,63.0,,보통,39.0
2025-01-19 18:00:00,6.8,,68.0,,보통,40.0
2025-01-19 19:00:00,6.0,,73.0,,보통,34.0
2025-01-19 20:00:00,5.5,,75.0,,보통,36.0
2025-01-19 21:00:00,5.3,,78.0,,보통,44.0
2025-01-19 22:00:00,4.8,,81.0,,보통,49.0
2025-01-19 23:00:00,4.3,,83.0,,보통,42.0
2025-01-20 00:00:00,3.8,,82.0,,보통,44.0
2025-01-20 01:00:00,3.1,,82.0,,보통,43.0
2025-01-20 02:00:00,3.0,,83.0,,보통,44.0
2025-01-20 03:00:00,3.2,0.0,82.0,,보통,46.0
2025-01-20 04:00:00,3.4,,82.0,,보통,41.0
2025-01-20 05:00:00,3.6,,80.0,,보통,44.0
2025-01-20 06:00:00,3.7,,80.0,,보통,48.0
2025-01-20 07:00:00,3.3,,81.0,,보통,67.0
2025-01-20 08:00:00,3.1,,82.0,,나쁨,95.0
2025-01-20 09:00:00,3.3,,82.0,,나쁨,109.0
2025-01-20 10:00:00,4.3,,77.0,,나쁨,110.0
2025-01-20 11:00:00,4.6,,77.0,,나쁨,124.0
2025-01-20 12:00:00,5.0,,69.0,,나쁨,144.0
2025-01-20 13:00:00,6.1,,65.0,,나쁨,140.0
2025-01-20 14:00:00,7.0,,58.0,,나쁨,132.0
2025-01-20 15:00:00,7.3,,55.0,,나쁨,131.0
2025-01-20 16:00:00,7.2,,52.0,,나쁨,123.0
2025-01-20 17:00:00,6.1,,54.0,,나쁨,107.0
2025-01-20 18:00:00,4.8,,61.0,,나쁨,100.0
2025-01-20 19:00:00,3.9,,66.0,,나쁨,102.0
2025-01-20 20:00:00,2.9,,70.0,,나쁨,105.0
2025-01-20 21:00:00,2.6,,74.0,,나쁨,123.0
2025-01-20 22:00:00,1.9,,76.0,,나쁨,125.0
2025-01-20 23:00:00,1.4,,79.0,,나쁨,117.0
2025-01-21 00:00:00,0.9,,82.0,,나쁨,118.0
2025-01-21 01:00:00,0.7,,83.0,,나쁨,118.0
2025-01-21 02:00:00,0.4,,83.0,,나쁨,121.0
2025-01-21 03:00:00,0.2,,85.0,,나쁨,120.0
2025-01-21 04:00:00,-0.1,,86.0,,나쁨,120.0
2025-01-21 05:00:00,-0.3,,87.0,,나쁨,121.0
2025-01-21 06:00:00,-0.6,,88.0,,나쁨,117.0
2025-01-21 07:00:00,-0.7,,89.0,,나쁨,111.0
2025-01-21 08:00:00,-0.9,,90.0,,나쁨,111.0
2025-01-21 09:00:00,-0.3,,90.0,,나쁨,108.0
2025-01-21 10:00:00,1.1,,87.0,,나쁨,109.0
2025-01-21 11:00:00,3.2,,81.0,,나쁨,111.0
2025-01-21 12:00:00,4.8,,77.0,,나쁨,116.0
2025-01-21 13:00:00,5.5,,74.0,,나쁨,114.0
2025-01-21 14:00:00,6.3,,67.0,,나쁨,123.0
2025-01-21 15:00:00,6.1,,65.0,,나쁨,141.0
2025-01-21 16:00:00,5.7,,68.0,,나쁨,139.0
2025-01-21 17:00:00,5.2,,70.0,,나쁨,119.0
2025-01-21 18:00:00,4.2,,73.0,,나쁨,97.0
2025-01-21 19:00:00,3.2,,79.0,,보통,79.0
2025-01-21 20:00:00,2.7,,80.0,,나쁨,86.0
2025-01-21 21:00:00,2.2,,82.0,,나쁨,92.0
2025-01-21 22:00:00,2.2,,79.0,,나쁨,89.0
2025-01-21 23:00:00,2.3,,78.0,,나쁨,83.0
2025-01-22 00:00:00,2.4,,78.0,,보통,77.0
2025-01-22 01:00:00,2.5,,77.0,,보통,74.0
2025-01-22 02:00:00,2.4,,77.0,,보통,76.0
2025-01-22 03:00:00,2.2,,78.0,,보통,78.0
2025-01-22 04:00:00,2.3,,78.0,,나쁨,85.0
2025-01-22 05:00:00,2.4,,78.0,,나쁨,91.0
2025-01-22 06:00:00,3.2,,83.0,,나쁨,90.0
2025-01-22 07:00:00,3.4,,84.0,,나쁨,84.0
2025-01-22 08:00:00,2.9,,85.0,,나쁨,81.0
2025-01-22 09:00:00,3.0,,88.0,,나쁨,85.0
2025-01-22 10:00:00,3.4,,87.0,,나쁨,89.0
2025-01-22 11:00:00,3.9,,82.0,,나쁨,98.0
2025-01-22 12:00:00,5.7,,75.0,,,
2025-01-22 13:00:00,6.7,,65.0,,나쁨,115.0
2025-01-22 14:00:00,7.3,,44.0,,나쁨,86.0
2025-01-22 15:00:00,7.5,,49.0,,나쁨,90.0
2025-01-22 16:00:00,7.0,,43.0,,보통,67.0
2025-01-22 17:00:00,6.1,,45.0,,보통,73.0
2025-01-22 18:00:00,4.6,,52.0,,보통,78.0
2025-01-22 19:00:00,3.4,,59.0,,나쁨,82.0
2025-01-22 20:00:00,2.6,,60.0,,나쁨,86.0
2025-01-22 21:00:00,1.8,,61.0,,나쁨,91.0
2025-01-22 22:00:00,1.7,,72.0,,나쁨,85.0
2025-01-22 23:00:00,1.3,,76.0,,나쁨,81.0
2025-01-23 00:00:00,0.5,,76.0,,나쁨,81.0
2025-01-23 01:00:00,-0.2,,76.0,,보통,77.0
2025-01-23 02:00:00,-0.6,,77.0,,보통,76.0
2025-01-23 03:00:00,-0.6,,75.0,,보통,71.0
2025-01-23 04:00:00,-1.0,,78.0,,보통,64.0
2025-01-23 05:00:00,-1.5,,82.0,,보통,59.0
2025-01-23 06:00:00,-1.8,,82.0,,보통,61.0
2025-01-23 07:00:00,-2.3,,82.0,,보통,64.0
2025-01-23 08:00:00,-2.1,,80.0,,보통,70.0
2025-01-23 09:00:00,-1.6,,77.0,,보통,71.0
2025-01-23 10:00:00,1.2,,65.0,,보통,74.0
2025-01-23 11:00:00,3.0,,39.0,,나쁨,83.0
2025-01-23 12:00:00,5.8,,40.0,,보통,58.0
2025-01-23 13:00:00,5.8,,36.0,,보통,54.0
2025-01-23 14:00:00,6.9,,33.0,,보통,42.0
2025-01-23 15:00:00,7.4,,27.0,,보통,47.0
2025-01-23 16:00:00,7.3,,25.0,,보통,58.0
2025-01-23 17:00:00,6.2,,29.0,,보통,52.0
2025-01-23 18:00:00,4.6,,35.0,,보통,48.0
2025-01-23 19:00:00,3.1,,43.0,,보통,44.0
2025-01-23 20:00:00,2.3,,46.0,,보통,41.0
2025-01-23 21:00:00,1.7,,46.0,,보통,43.0
2025-01-23 22:00:00,0.9,,48.0,,보통,45.0
2025-01-23 23:00:00,0.5,,50.0,,보통,48.0
2025-01-24 00:00:00,0.1,,52.0,,보통,51.0
2025-01-24 01:00:00,-0.5,,54.0,,보통,47.0
2025-01-24 02:00:00,-0.7,,56.0,,보통,46.0
2025-01-24 03:00:00,-1.2,,60.0,,보통,52.0
2025-01-24 04:00:00,-1.4,,59.0,,보통,54.0
2025-01-24 05:00:00,-1.8,,63.0,,보통,56.0
2025-01-24 06:00:00,-2.2,,64.0,,보통,56.0
2025-01-24 07:00:00,-2.3,,64.0,,보통,59.0
2025-01-24 08:00:00,-2.6,,66.0,,보통,63.0
2025-01-24 09:00:00,-2.0,,65.0,,보통,66.0
2025-01-24 10:00:00,1.8,,52.0,,보통,72.0
2025-01-24 11:00:00,4.2,,44.0,,보통,74.0
2025-01-24 12:00:00,6.4,,33.0,,보통,68.0
2025-01-24 13:00:00,7.9,,30.0,,보통,52.0
2025-01-24 14:00:00,9.2,,33.0,,보통,52.0
2025-01-24 15:00:00,9.7,,29.0,,보통,58.0
2025-01-24 16:00:00,10.3,,28.0,,보통,65.0
2025-01-24 17:00:00,9.0,,24.0,,보통,63.0
2025-01-24 18:00:00,7.4,,29.0,,보통,49.0
2025-01-24 19:00:00,6.0,,35.0,,보통,51.0
2025-01-24 20:00:00,4.7,,40.0,,보통,63.0
2025-01-24 21:00:00,4.1,,43.0,,보통,72.0
2025-01-24 22:00:00,3.3,,44.0,,보통,76.0
2025-01-24 23:00:00,2.7,,42.0,,보통,77.0
2025-01-25 00:00:00,2.6,,44.0,,보통,71.0
2025-01-25 01:00:00,2.3,,49.0,,보통,62.0
2025-01-25 02:00:00,2.2,,54.0,,보통,46.0
2025-01-25 03:00:00,2.1,,57.0,,보통,38.0
2025-01-25 04:00:00,1.5,,61.0,,보통,32.0
2025-01-25 05:00:00,1.6,,65.0,,좋음,27.0
2025-01-25 06:00:00,1.3,,68.0,,좋음,27.0
2025-01-25 07:00:00,1.9,,70.0,,좋음,26.0
2025-01-25 08:00:00,2.3,,70.0,,좋음,19.0
2025-01-25 09:00:00,3.6,,66.0,,좋음,19.0
2025-01-25 10:00:00,6.0,,58.0,,좋음,22.0
2025-01-25 11:00:00,7.8,,51.0,,좋음,30.0
2025-01-25 12:00:00,9.2,,46.0,,보통,31.0
2025-01-25 13:00:00,10.1,,42.0,,좋음,28.0
2025-01-25 14:00:00,11.2,,39.0,,좋음,25.0
2025-01-25 15:00:00,9.8,,37.0,,좋음,21.0
2025-01-25 16:00:00,9.3,,38.0,,좋음,19.0
2025-01-25 17:00:00,9.7,,37.0,,좋음,24.0
2025-01-25 18:00:00,7.8,,40.0,,좋음,24.0
2025-01-25 19:00:00,6.7,,45.0,,좋음,25.0
2025-01-25 20:00:00,5.6,,48.0,,좋음,24.0
2025-01-25 21:00:00,4.7,,51.0,,좋음,23.0
2025-01-25 22:00:00,4.4,,53.0,,좋음,20.0
2025-01-25 23:00:00,3.9,,55.0,,좋음,18.0
2025-01-26 00:00:00,3.4,,57.0,,좋음,17.0
2025-01-26 01:00:00,3.2,,58.0,,좋음,16.0
2025-01-26 02:00:00,3.2,,56.0,,좋음,12.0
2025-01-26 03:00:00,3.1,,55.0,,좋음,16.0
2025-01-26 04:00:00,3.1,,54.0,,좋음,11.0
2025-01-26 05:00:00,2.7,,56.0,,좋음,13.0
2025-01-26 06:00:00,2.0,,58.0,,좋음,13.0
2025-01-26 07:00:00,1.9,,60.0,,좋음,14.0
2025-01-26 08:00:00,2.0,,59.0,,좋음,18.0
2025-01-26 09:00:00,2.5,,58.0,,좋음,16.0
2025-01-26 10:00:00,3.7,,53.0,,좋음,21.0
2025-01-26 11:00:00,5.6,,47.0,,좋음,20.0
2025-01-26 12:00:00,6.6,,43.0,,좋음,21.0
2025-01-26 13:00:00,7.0,,41.0,,좋음,21.0
2025-01-26 14:00:00,7.5,,39.0,,좋음,20.0
2025-01-26 15:00:00,7.2,,39.0,,좋음,18.0
2025-01-26 16:00:00,6.9,,41.0,,좋음,14.0
2025-01-26 17:00:00,6.4,,42.0,,좋음,17.0
2025-01-26 18:00:00,5.8,,45.0,,좋음,19.0
2025-01-26 19:00:00,5.2,,47.0,,좋음,19.0
2025-01-26 20:00:00,4.7,,49.0,,좋음,21.0
2025-01-26 21:00:00,4.5,,51.0,,좋음,22.0
2025-01-26 22:00:00,4.6,,51.0,,좋음,21.0
2025-01-26 23:00:00,5.2,,52.0,,좋음,18.0
2025-01-27 00:00:00,5.1,,55.0,,좋음,19.0
2025-01-27 01:00:00,4.3,,67.0,,좋음,21.0
2025-01-27 02:00:00,3.1,,84.0,,좋음,19.0
2025-01-27 03:00:00,3.0,0.2,87.0,,좋음,17.0
2025-01-27 04:00:00,2.7,,89.0,,좋음,16.0
2025-01-27 05:00:00,2.7,,89.0,,좋음,15.0
2025-01-27 06:00:00,2.9,0.7,90.0,,좋음,15.0
2025-01-27 07:00:00,1.9,,92.0,,좋음,15.0
2025-01-27 08:00:00,1.3,,94.0,0.6,좋음,13.0
2025-01-27 09:00:00,0.5,3.3,92.0,1.3,좋음,27.0
2025-01-27 10:00:00,-0.7,,86.0,1.6,나쁨,81.0
2025-01-27 11:00:00,-0.3,,73.0,2.4,나쁨,138.0
2025-01-27 12:00:00,0.0,0.5,67.0,2.3,나쁨,122.0
2025-01-27 13:00:00,1.0,,63.0,1.3,나쁨,135.0
2025-01-27 14:00:00,1.3,,56.0,1.1,나쁨,119.0
2025-01-27 15:00:00,0.4,0.0,71.0,1.1,나쁨,108.0
2025-01-27 16:00:00,-0.8,,88.0,2.2,보통,54.0
2025-01-27 17:00:00,-0.6,,76.0,2.4,좋음,30.0
2025-01-27 18:00:00,-1.0,0.8,73.0,2.5,보통,37.0
2025-01-27 19:00:00,-1.4,,67.0,2.5,보통,33.0
2025-01-27 20:00:00,-1.4,,67.0,2.3,보통,34.0
2025-01-27 21:00:00,-1.5,0.0,68.0,2.3,보통,31.0
2025-01-27 22:00:00,-1.7,,72.0,2.3,좋음,27.0
2025-01-27 23:00:00,-2.3,,76.0,2.5,좋음,30.0
2025-01-28 00:00:00,-2.7,0.1,75.0,2.6,보통,35.0
2025-01-28 01:00:00,-2.7,,72.0,2.6,보통,43.0
2025-01-28 02:00:00,-2.9,,75.0,2.6,보통,36.0
2025-01-28 03:00:00,-3.3,0.0,80.0,2.5,보통,38.0
2025-01-28 04:00:00,-3.7,,76.0,2.8,보통,31.0
2025-01-28 05:00:00,-3.8,,71.0,2.8,좋음,28.0
2025-01-28 06:00:00,-3.9,0.1,71.0,2.6,좋음,26.0
2025-01-28 07:00:00,-4.2,,77.0,2.6,좋음,25.0
2025-01-28 08:00:00,-4.3,,77.0,2.5,좋음,28.0
2025-01-28 09:00:00,-4.1,0.0,76.0,2.5,좋음,27.0
2025-01-28 10:00:00,-3.5,,74.0,2.5,좋음,29.0
2025-01-28 11:00:00,-3.2,,73.0,2.4,좋음,25.0
2025-01-28 12:00:00,-3.0,0.0,72.0,2.4,좋음,25.0
2025-01-28 13:00:00,-3.2,,74.0,2.4,좋음,29.0
2025-01-28 14:00:00,-3.0,,70.0,2.4,좋음,25.0
2025-01-28 15:00:00,-2.6,0.0,59.0,2.1,보통,32.0
2025-01-28 16:00:00,-2.9,,62.0,2.1,보통,34.0
2025-01-28 17:00:00,-3.1,,65.0,2.0,보통,32.0
2025-01-28 18:00:00,-4.0,0.0,65.0,2.0,좋음,30.0
2025-01-28 19:00:00,-4.7,,70.0,1.9,좋음,30.0
2025-01-28 20:00:00,-4.9,,72.0,1.9,좋음,29.0
2025-01-28 21:00:00,-4.9,0.0,70.0,1.9,보통,32.0
2025-01-28 22:00:00,-5.0,,70.0,1.9,보통,32.0
2025-01-28 23:00:00,-5.2,,73.0,1.9,보통,32.0
2025-01-29 00:00:00,-5.2,0.0,77.0,1.9,보통,34.0
2025-01-29 01:00:00,-5.1,,78.0,1.9,보통,32.0
2025-01-29 02:00:00,-4.8,,77.0,1.9,보통,33.0
2025-01-29 03:00:00,-4.7,0.0,81.0,1.9,보통,31.0
2025-01-29 04:00:00,-5.2,,82.0,2.2,보통,31.0
2025-01-29 05:00:00,-5.4,,85.0,2.9,좋음,30.0
2025-01-29 06:00:00,-5.8,0.2,84.0,2.9,보통,32.0
2025-01-29 07:00:00,-6.2,,80.0,2.9,보통,33.0
2025-01-29 08:00:00,-6.3,,80.0,2.9,보통,31.0
2025-01-29 09:00:00,-6.4,0.0,80.0,2.9,보통,35.0
2025-01-29 10:00:00,-5.3,,73.0,2.8,보통,35.0
2025-01-29 11:00:00,-4.5,,68.0,2.6,보통,34.0
2025-01-29 12:00:00,-3.6,0.0,62.0,2.0,보통,38.0
2025-01-29 13:00:00,-2.1,,51.0,1.3,보통,43.0
2025-01-29 14:00:00,-1.5,,50.0,0.8,보통,39.0
2025-01-29 15:00:00,-2.3,,54.0,0.7,보통,36.0
2025-01-29 16:00:00,-1.9,,47.0,0.5,보통,33.0
2025-01-29 17:00:00,-2.5,,45.0,0.5,좋음,27.0
2025-01-29 18:00:00,-3.6,,53.0,0.5,좋음,22.0
2025-01-29 19:00:00,-4.3,,56.0,0.4,좋음,22.0
2025-01-29 20:00:00,-4.7,,55.0,0.4,좋음,16.0
2025-01-29 21:00:00,-5.0,,57.0,0.4,좋음,19.0
2025-01-29 22:00:00,-5.4,,56.0,0.4,좋음,16.0
2025-01-29 23:00:00,-5.4,,59.0,0.4,좋음,15.0
2025-01-30 00:00:00,-5.5,,58.0,0.4,좋음,17.0
2025-01-30 01:00:00,-5.9,,61.0,0.4,좋음,16.0
2025-01-30 02:00:00,-6.2,,63.0,0.4,좋음,19.0
2025-01-30 03:00:00,-6.6,,63.0,0.4,좋음,19.0
2025-01-30 04:00:00,-6.5,,62.0,0.4,좋음,19.0
2025-01-30 05:00:00,-7.1,,62.0,0.4,좋음,18.0
2025-01-30 06:00:00,-7.2,,62.0,0.4,좋음,20.0
2025-01-30 07:00:00,-7.3,,61.0,0.4,좋음,20.0
2025-01-30 08:00:00,-7.4,,62.0,0.4,좋음,20.0
2025-01-30 09:00:00,-7.0,,63.0,0.4,좋음,21.0
2025-01-30 10:00:00,-5.2,,54.0,0.3,좋음,26.0
2025-01-30 11:00:00,-3.4,,47.0,0.3,좋음,24.0
2025-01-30 12:00:00,-2.3,,39.0,0.3,좋음,20.0
2025-01-30 13:00:00,-1.2,,34.0,0.3,좋음,25.0
2025-01-30 14:00:00,-1.3,,35.0,0.2,좋음,23.0
2025-01-30 15:00:00,-1.3,,33.0,,좋음,18.0
2025-01-30 16:00:00,-1.7,,30.0,,좋음,28.0
2025-01-30 17:00:00,-1.7,,32.0,,좋음,28.0
2025-01-30 18:00:00,-1.8,,34.0,,좋음,28.0
2025-01-30 19:00:00,-1.8,,36.0,,좋음,29.0
2025-01-30 20:00:00,-1.9,,35.0,,좋음,28.0
2025-01-30 21:00:00,-2.1,,38.0,,좋음,30.0
2025-01-30 22:00:00,-1.9,,37.0,,보통,33.0
2025-01-30 23:00:00,-2.0,,40.0,,보통,34.0
2025-01-31 00:00:00,-1.8,,41.0,,보통,33.0
2025-01-31 01:00:00,-1.6,,41.0,,보통,34.0
2025-01-31 02:00:00,-1.9,,43.0,,좋음,30.0
2025-01-31 03:00:00,-1.7,0.0,46.0,,보통,31.0
2025-01-31 04:00:00,-1.9,,55.0,0.1,좋음,28.0
2025-01-31 05:00:00,-2.3,,68.0,0.1,좋음,30.0
2025-01-31 06:00:00,-2.5,0.0,72.0,0.2,좋음,28.0
2025-01-31 07:00:00,-2.6,,77.0,0.2,좋음,29.0
2025-01-31 08:00:00,-2.4,,81.0,0.3,좋음,29.0
2025-01-31 09:00:00,-2.1,0.1,82.0,0.3,보통,31.0
2025-01-31 10:00:00,-1.9,,83.0,0.4,보통,32.0
2025-01-31 11:00:00,-1.5,,82.0,0.4,보통,36.0
2025-01-31 12:00:00,-0.9,0.0,79.0,0.3,보통,35.0
2025-01-31 13:00:00,-0.6,,81.0,0.3,보통,39.0
2025-01-31 14:00:00,-0.7,,87.0,1.0,보통,41.0
2025-01-31 15:00:00,-0.4,1.4,90.0,2.0,보통,48.0
2025-01-31 16:00:00,-0.2,,90.0,2.3,보통,47.0
2025-01-31 17:00:00,-0.1,,90.0,2.4,보통,45.0
2025-01-31 18:00:00,0.0,0.6,91.0,2.6,보통,45.0
2025-01-31 19:00:00,0.2,,92.0,2.7,보통,48.0
2025-01-31 20:00:00,0.3,,92.0,2.9,보통,46.0
2025-01-31 21:00:00,0.4,0.3,91.0,2.9,보통,47.0
2025-01-31 22:00:00,0.6,,91.0,2.9,보통,44.0
2025-01-31 23:00:00,0.6,,90.0,2.8,보통,40.0
2025-02-01 00:00:00,0.6,0.0,90.0,2.8,보통,41.0
2025-02-01 01:00:00,0.4,,90.0,2.8,보통,43.0
2025-02-01 02:00:00,-0.1,,91.0,2.8,보통,44.0
2025-02-01 03:00:00,-0.5,,91.0,2.8,보통,44.0
2025-02-01 04:00:00,-1.0,,91.0,2.8,보통,41.0
2025-02-01 05:00:00,-1.4,,91.0,2.8,보통,44.0
2025-02-01 06:00:00,-1.8,,90.0,2.8,보통,46.0
2025-02-01 07:00:00,-2.0,,89.0,2.7,보통,48.0
2025-02-01 08:00:00,-2.0,,88.0,2.7,보통,50.0
2025-02-01 09:00:00,-1.6,,88.0,2.7,보통,47.0
2025-02-01 10:00:00,-0.4,,82.0,2.7,보통,48.0
2025-02-01 11:00:00,1.5,,77.0,2.5,보통,51.0
2025-02-01 12:00:00,2.6,,74.0,2.2,보통,49.0
2025-02-01 13:00:00,3.8,,69.0,1.6,보통,45.0
2025-02-01 14:00:00,5.5,,64.0,0.2,보통,39.0
2025-02-01 15:00:00,7.2,,59.0,,보통,39.0
2025-02-01 16:00:00,7.8,,55.0,,보통,51.0
2025-02-01 17:00:00,6.9,,52.0,,보통,53.0
2025-02-01 18:00:00,5.0,,52.0,,보통,53.0
2025-02-01 19:00:00,3.7,,56.0,,보통,51.0
2025-02-01 20:00:00,2.6,,63.0,,보통,55.0
2025-02-01 21:00:00,1.7,,68.0,,보통,64.0
2025-02-01 22:00:00,0.9,,70.0,,보통,67.0
2025-02-01 23:00:00,0.3,,70.0,,보통,68.0
2025-02-02 00:00:00,0.0,,72.0,,보통,71.0
2025-02-02 01:00:00,-0.4,,75.0,,보통,66.0
2025-02-02 02:00:00,-1.1,,79.0,,보통,66.0
2025-02-02 03:00:00,-1.3,,82.0,,보통,66.0
2025-02-02 04:00:00,-1.4,,78.0,,보통,62.0
2025-02-02 05:00:00,-1.8,,81.0,,보통,59.0
2025-02-02 06:00:00,-2.2,,81.0,,보통,57.0
2025-02-02 07:00:00,-2.0,,83.0,,보통,59.0
2025-02-02 08:00:00,-2.4,,84.0,,보통,55.0
2025-02-02 09:00:00,-1.5,,84.0,,보통,52.0
2025-02-02 10:00:00,1.1,,74.0,,보통,44.0
2025-02-02 11:00:00,4.2,,66.0,,보통,40.0
2025-02-02 12:00:00,4.9,,58.0,,보통,37.0
2025-02-02 13:00:00,5.2,,54.0,,보통,47.0
2025-02-02 14:00:00,6.4,,50.0,,보통,46.0
2025-02-02 15:00:00,6.6,,42.0,,보통,43.0
2025-02-02 16:00:00,6.2,,47.0,,보통,44.0
2025-02-02 17:00:00,5.2,,53.0,,보통,40.0
2025-02-02 18:00:00,3.7,,52.0,,보통,41.0
2025-02-02 19:00:00,2.2,,55.0,,보통,44.0
2025-02-02 20:00:00,1.7,,60.0,,보통,43.0
2025-02-02 21:00:00,1.5,,68.0,,보통,52.0
2025-02-02 22:00:00,1.7,,75.0,,보통,66.0
2025-02-02 23:00:00,1.3,,77.0,,보통,76.0
2025-02-03 00:00:00,0.6,0.0,70.0,,보통,71.0
2025-02-03 01:00:00,0.4,,72.0,,보통,65.0
2025-02-03 02:00:00,0.0,,60.0,,보통,67.0
2025-02-03 03:00:00,-0.7,,57.0,,보통,61.0
2025-02-03 04:00:00,-1.6,,61.0,,보통,56.0
2025-02-03 05:00:00,-2.0,,66.0,,보통,53.0
2025-02-03 06:00:00,-3.0,,59.0,,보통,48.0
2025-02-03 07:00:00,-4.1,,60.0,,보통,35.0
2025-02-03 08:00:00,-4.7,,56.0,,보통,32.0
2025-02-03 09:00:00,-4.7,,53.0,,좋음,25.0
2025-02-03 10:00:00,-4.3,,47.0,,좋음,24.0
2025-02-03 11:00:00,-3.9,,43.0,,좋음,24.0
2025-02-03 12:00:00,-3.0,,39.0,,좋음,19.0
2025-02-03 13:00:00,-3.0,,35.0,,좋음,24.0
2025-02-03 14:00:00,-2.2,,34.0,,좋음,21.0
2025-02-03 15:00:00,-1.8,,31.0,,좋음,24.0
2025-02-03 16:00:00,-2.5,,31.0,,좋음,21.0
2025-02-03 17:00:00,-2.9,,38.0,,좋음,29.0
2025-02-03 18:00:00,-4.4,,43.0,,좋음,26.0
2025-02-03 19:00:00,-5.3,,48.0,,좋음,26.0
2025-02-03 20:00:00,-6.2,,50.0,,좋음,22.0
2025-02-03 21:00:00,-7.1,,55.0,,좋음,19.0
2025-02-03 22:00:00,-7.8,,53.0,,좋음,21.0
2025-02-03 23:00:00,-8.1,,55.0,,좋음,22.0
2025-02-04 00:00:00,-8.2,,53.0,,좋음,13.0
2025-02-04 01:00:00,-8.5,,51.0,,좋음,17.0
2025-02-04 02:00:00,-8.9,,49.0,,좋음,18.0
2025-02-04 03:00:00,-9.5,,52.0,,좋음,20.0
2025-02-04 04:00:00,-9.9,,53.0,,좋음,20.0
2025-02-04 05:00:00,-10.5,,55.0,,좋음,22.0
2025-02-04 06:00:00,-10.7,,54.0,,좋음,21.0
2025-02-04 07:00:00,-11.2,,55.0,,좋음,20.0
2025-02-04 08:00:00,-11.4,,56.0,,좋음,22.0
2025-02-04 09:00:00,-11.0,,50.0,,좋음,21.0
2025-02-04 10:00:00,-10.1,,47.0,,좋음,26.0
2025-02-04 11:00:00,-9.3,,44.0,,좋음,28.0
2025-02-04 12:00:00,-7.9,,44.0,,좋음,24.0
2025-02-04 13:00:00,-6.7,,41.0,,좋음,25.0
2025-02-04 14:00:00,-6.7,,39.0,,좋음,22.0
2025-02-04 15:00:00,-5.9,,40.0,,좋음,21.0
2025-02-04 16:00:00,-5.8,,41.0,,좋음,21.0
2025-02-04 17:00:00,-6.3,,43.0,,좋음,21.0
2025-02-04 18:00:00,-7.4,,49.0,,좋음,21.0
2025-02-04 19:00:00,-8.2,,50.0,,좋음,22.0
2025-02-04 20:00:00,-8.8,,51.0,,좋음,21.0
2025-02-04 21:00:00,-9.2,,55.0,,좋음,20.0
2025-02-04 22:00:00,-9.8,,59.0,,좋음,20.0
2025-02-04 23:00:00,-10.4,,60.0,,좋음,18.0
2025-02-05 00:00:00,-10.5,,62.0,,좋음,18.0
2025-02-05 01:00:00,-10.6,,62.0,,좋음,18.0
2025-02-05 02:00:00,-10.9,,61.0,,좋음,19.0
2025-02-05 03:00:00,-11.3,,62.0,,좋음,18.0
2025-02-05 04:00:00,-11.4,,62.0,,좋음,19.0
2025-02-05 05:00:00,-11.6,,65.0,,좋음,18.0
2025-02-05 06:00:00,-11.4,,65.0,,좋음,18.0
2025-02-05 07:00:00,-11.3,,60.0,,좋음,19.0
2025-02-05 08:00:00,-11.2,,58.0,,좋음,19.0
2025-02-05 09:00:00,-10.5,,55.0,,좋음,19.0
2025-02-05 10:00:00,-9.5,,49.0,,좋음,19.0
2025-02-05 11:00:00,-8.6,,42.0,,좋음,22.0
2025-02-05 12:00:00,-7.5,,39.0,,좋음,21.0
2025-02-05 13:00:00,-5.6,,34.0,,좋음,19.0
2025-02-05 14:00:00,-4.1,,34.0,,좋음,22.0
2025-02-05 15:00:00,-3.9,,35.0,,좋음,24.0
2025-02-05 16:00:00,-4.3,,37.0,,좋음,25.0
2025-02-05 17:00:00,-4.9,,34.0,,좋음,26.0
2025-02-05 18:00:00,-6.0,,41.0,,좋음,25.0
2025-02-05 19:00:00,-6.9,,45.0,,좋음,26.0
2025-02-05 20:00:00,-7.5,,46.0,,좋음,21.0
2025-02-05 21:00:00,-8.4,,44.0,,좋음,17.0
2025-02-05 22:00:00,-9.2,,44.0,,좋음,15.0
2025-02-05 23:00:00,-9.7,,48.0,,좋음,12.0
2025-02-06 00:00:00,-10.2,,52.0,,좋음,16.0
2025-02-06 01:00:00,-10.8,,53.0,,좋음,17.0
2025-02-06 02:00:00,-10.9,,54.0,,좋음,15.0
2025-02-06 03:00:00,-11.2,,53.0,,좋음,16.0
2025-02-06 04:00:00,-11.5,,53.0,,좋음,16.0
2025-02-06 05:00:00,-11.0,,57.0,,좋음,17.0
2025-02-06 06:00:00,-11.0,,60.0,,좋음,19.0
2025-02-06 07:00:00,-10.9,,58.0,,좋음,19.0
2025-02-06 08:00:00,-11.2,,61.0,,좋음,21.0
2025-02-06 09:00:00,-9.9,,55.0,,좋음,26.0
2025-02-06 10:00:00,-6.7,,42.0,,좋음,29.0
2025-02-06 11:00:00,-3.7,,35.0,,좋음,30.0
2025-02-06 12:00:00,-2.2,,33.0,,보통,31.0
2025-02-06 13:00:00,-1.0,,34.0,,보통,32.0
2025-02-06 14:00:00,-0.8,,42.0,,보통,34.0
2025-02-06 15:00:00,-0.9,,51.0,,보통,37.0
2025-02-06 16:00:00,-2.2,,81.0,0.8,보통,44.0
2025-02-06 17:00:00,-2.0,,84.0,3.3,보통,35.0
2025-02-06 18:00:00,-1.9,2.3,85.0,3.1,좋음,26.0
2025-02-06 19:00:00,-2.5,,82.0,3.0,좋음,23.0
2025-02-06 20:00:00,-2.7,,82.0,2.9,좋음,27.0
2025-02-06 21:00:00,-2.8,,81.0,2.8,좋음,28.0
2025-02-06 22:00:00,-3.3,,71.0,2.7,좋음,28.0
2025-02-06 23:00:00,-4.1,,64.0,2.6,좋음,29.0
2025-02-07 00:00:00,-5.0,,61.0,2.5,좋음,24.0
2025-02-07 01:00:00,-5.9,,73.0,2.5,좋음,25.0
2025-02-07 02:00:00,-5.9,,77.0,2.4,좋음,22.0
2025-02-07 03:00:00,-5.1,,78.0,2.3,좋음,24.0
2025-02-07 04:00:00,-5.2,,74.0,2.4,좋음,25.0
2025-02-07 05:00:00,-5.5,,65.0,2.5,좋음,24.0
2025-02-07 06:00:00,-6.5,0.0,78.0,2.5,좋음,29.0
2025-02-07 07:00:00,-6.9,,81.0,2.8,보통,40.0
2025-02-07 08:00:00,-7.3,,77.0,2.8,보통,35.0
2025-02-07 09:00:00,-7.6,0.4,73.0,2.6,보통,34.0
2025-02-07 10:00:00,-7.6,,59.0,2.4,보통,39.0
2025-02-07 11:00:00,-7.6,,50.0,2.3,보통,45.0
2025-02-07 12:00:00,-7.1,0.0,47.0,2.3,보통,37.0
2025-02-07 13:00:00,-6.8,,47.0,1.8,좋음,25.0
2025-02-07 14:00:00,-7.7,,47.0,1.8,좋음,25.0
2025-02-07 15:00:00,-7.7,,44.0,1.7,좋음,22.0
2025-02-07 16:00:00,-7.7,,44.0,1.7,좋음,26.0
2025-02-07 17:00:00,-8.2,,44.0,1.6,좋음,29.0
2025-02-07 18:00:00,-9.1,,51.0,1.6,좋음,29.0
2025-02-07 19:00:00,-9.8,,53.0,1.6,보통,32.0
2025-02-07 20:00:00,-10.1,,56.0,1.6,보통,33.0
2025-02-07 21:00:00,-10.3,,54.0,1.6,보통,32.0
2025-02-07 22:00:00,-10.6,,55.0,1.6,좋음,29.0
2025-02-07 23:00:00,-10.6,,55.0,1.6,좋음,30.0
2025-02-08 00:00:00,-10.7,,56.0,1.5,좋음,27.0
2025-02-08 01:00:00,-10.7,,56.0,1.5,좋음,28.0
2025-02-08 02:00:00,-10.9,,57.0,1.5,좋음,27.0
2025-02-08 03:00:00,-11.2,,58.0,1.5,좋음,27.0
2025-02-08 04:00:00,-11.2,,59.0,1.5,좋음,22.0
2025-02-08 05:00:00,-11.4,,60.0,1.5,좋음,23.0
2025-02-08 06:00:00,-11.5,,60.0,1.5,좋음,19.0
2025-02-08 07:00:00,-11.5,,60.0,1.5,좋음,23.0
2025-02-08 08:00:00,-11.4,,58.0,1.5,좋음,20.0
2025-02-08 09:00:00,-10.5,,57.0,1.5,좋음,20.0
2025-02-08 10:00:00,-8.9,,53.0,1.5,좋음,20.0
2025-02-08 11:00:00,-7.9,,49.0,1.4,좋음,20.0
2025-02-08 12:00:00,-7.0,,46.0,1.4,좋음,24.0
2025-02-08 13:00:00,-6.2,,46.0,1.3,보통,36.0
2025-02-08 14:00:00,-4.8,,46.0,1.0,보통,36.0
2025-02-08 15:00:00,-4.0,,45.0,0.8,보통,40.0
2025-02-08 16:00:00,-3.7,,45.0,0.7,보통,45.0
2025-02-08 17:00:00,-4.0,,45.0,0.7,보통,38.0
2025-02-08 18:00:00,-5.1,,49.0,0.7,보통,35.0
2025-02-08 19:00:00,-5.8,,52.0,0.7,좋음,29.0
2025-02-08 20:00:00,-6.2,,55.0,0.7,좋음,27.0
2025-02-08 21:00:00,-6.5,,58.0,0.7,좋음,27.0
2025-02-08 22:00:00,-6.8,,59.0,0.7,좋음,25.0
2025-02-08 23:00:00,-7.3,,62.0,0.7,좋음,23.0
2025-02-09 00:00:00,-7.5,,63.0,0.7,좋음,24.0
2025-02-09 01:00:00,-8.2,,64.0,0.7,좋음,26.0
2025-02-09 02:00:00,-8.9,,66.0,0.7,좋음,29.0
2025-02-09 03:00:00,-8.9,,71.0,0.7,좋음,28.0
2025-02-09 04:00:00,-9.2,,73.0,0.7,좋음,26.0
2025-02-09 05:00:00,-9.1,,73.0,0.7,좋음,28.0
2025-02-09 06:00:00,-9.2,,75.0,0.7,좋음,26.0
2025-02-09 07:00:00,-9.4,,75.0,0.7,보통,31.0
2025-02-09 08:00:00,-9.5,,77.0,0.7,좋음,29.0
2025-02-09 09:00:00,-8.2,,78.0,0.7,좋음,30.0
2025-02-09 10:00:00,-4.9,,66.0,0.7,보통,33.0
2025-02-09 11:00:00,-3.4,,51.0,0.6,좋음,30.0
2025-02-09 12:00:00,-2.3,,48.0,,좋음,30.0
2025-02-09 13:00:00,-1.4,,40.0,,보통,33.0
2025-02-09 14:00:00,0.1,,42.0,,좋음,26.0
2025-02-09 15:00:00,1.4,,40.0,,좋음,16.0
2025-02-09 16:00:00,1.2,,41.0,,좋음,19.0
2025-02-09 17:00:00,-0.3,,51.0,,좋음,20.0
2025-02-09 18:00:00,-1.8,,58.0,,좋음,21.0
2025-02-09 19:00:00,-2.6,,65.0,,좋음,19.0
2025-02-09 20:00:00,-3.0,,69.0,,좋음,20.0
2025-02-09 21:00:00,-3.5,,71.0,,좋음,23.0
2025-02-09 22:00:00,-3.7,,70.0,,좋음,26.0
2025-02-09 23:00:00,-4.3,,68.0,,좋음,24.0
2025-02-10 00:00:00,-4.9,,69.0,,좋음,24.0
2025-02-10 01:00:00,-5.1,,70.0,,좋음,29.0
2025-02-10 02:00:00,-5.5,,63.0,,좋음,26.0
2025-02-10 03:00:00,-6.4,,62.0,,좋음,26.0
2025-02-10 04:00:00,-7.1,,63.0,,좋음,22.0
2025-02-10 05:00:00,-6.4,,62.0,,좋음,25.0
2025-02-10 06:00:00,-6.6,,64.0,,좋음,27.0
2025-02-10 07:00:00,-7.4,,67.0,,좋음,28.0
2025-02-10 08:00:00,-6.7,,68.0,,좋음,27.0
2025-02-10 09:00:00,-5.3,,65.0,,좋음,28.0
2025-02-10 10:00:00,-2.7,,55.0,,좋음,29.0
2025-02-10 11:00:00,-0.7,,49.0,,좋음,28.0
2025-02-10 12:00:00,0.7,,46.0,,좋음,30.0
2025-02-10 13:00:00,1.1,,47.0,,,
2025-02-10 14:00:00,1.4,,50.0,,,
2025-02-10 15:00:00,1.5,0.0,56.0,,좋음,26.0
2025-02-10 16:00:00,2.4,,47.0,,좋음,28.0
2025-02-10 17:00:00,1.7,,47.0,,보통,38.0
2025-02-10 18:00:00,0.1,0.0,53.0,,좋음,29.0
2025-02-10 19:00:00,-0.7,,60.0,,좋음,29.0
2025-02-10 20:00:00,-1.3,,64.0,,보통,32.0
2025-02-10 21:00:00,-2.0,,67.0,,보통,35.0
2025-02-10 22:00:00,-2.6,,71.0,,보통,35.0
2025-02-10 23:00:00,-2.9,,75.0,,보통,36.0
2025-02-11 00:00:00,-3.0,,75.0,,보통,37.0
2025-02-11 01:00:00,-3.6,,76.0,,보통,38.0
2025-02-11 02:00:00,-3.8,,78.0,,보통,39.0
2025-02-11 03:00:00,-4.4,,78.0,,보통,37.0
2025-02-11 04:00:00,-4.8,,80.0,,보통,37.0
2025-02-11 05:00:00,-5.0,,80.0,,보통,35.0
2025-02-11 06:00:00,-5.5,,80.0,,보통,35.0
2025-02-11 07:00:00,-5.6,,82.0,,보통,38.0
2025-02-11 08:00:00,-5.5,,83.0,,보통,43.0
2025-02-11 09:00:00,-3.9,,81.0,,보통,44.0
2025-02-11 10:00:00,-0.9,,71.0,,보통,48.0
2025-02-11 11:00:00,0.9,,63.0,,보통,51.0
2025-02-11 12:00:00,2.8,,55.0,,보통,48.0
2025-02-11 13:00:00,4.4,,50.0,,보통,50.0
2025-02-11 14:00:00,5.8,,47.0,,보통,61.0
2025-02-11 15:00:00,7.0,,43.0,,보통,64.0
2025-02-11 16:00:00,6.7,,40.0,,보통,64.0
2025-02-11 17:00:00,6.4,,39.0,,보통,67.0
2025-02-11 18:00:00,4.7,,43.0,,보통,57.0
2025-02-11 19:00:00,3.7,,47.0,,보통,54.0
2025-02-11 20:00:00,2.5,,51.0,,보통,58.0
2025-02-11 21:00:00,2.0,,51.0,,보통,53.0
2025-02-11 22:00:00,1.3,,51.0,,보통,46.0
2025-02-11 23:00:00,1.3,,50.0,,보통,45.0
2025-02-12 00:00:00,1.3,,47.0,,보통,45.0
2025-02-12 01:00:00,1.3,,50.0,,보통,42.0
2025-02-12 02:00:00,1.7,,51.0,,보통,43.0
2025-02-12 03:00:00,1.9,0.0,50.0,,보통,44.0
2025-02-12 04:00:00,2.0,,55.0,,보통,42.0
2025-02-12 05:00:00,2.1,,64.0,,보통,43.0
2025-02-12 06:00:00,1.1,0.2,81.0,0.4,보통,47.0
2025-02-12 07:00:00,0.5,,88.0,0.9,보통,49.0
2025-02-12 08:00:00,0.5,,91.0,1.5,보통,50.0
2025-02-12 09:00:00,0.5,1.1,91.0,1.5,보통,51.0
2025-02-12 10:00:00,0.6,,91.0,1.9,보통,53.0
2025-02-12 11:00:00,0.9,,91.0,2.1,보통,52.0
2025-02-12 12:00:00,1.2,1.0,89.0,2.1,보통,56.0
2025-02-12 13:00:00,1.5,,89.0,2.0,보통,55.0
2025-02-12 14:00:00,1.7,,87.0,1.8,보통,52.0
2025-02-12 15:00:00,2.1,0.2,92.0,1.8,보통,53.0
2025-02-12 16:00:00,2.4,,95.0,1.4,보통,56.0
2025-02-12 17:00:00,2.1,,95.0,1.0,보통,49.0
2025-02-12 18:00:00,1.8,0.0,88.0,0.5,보통,43.0
2025-02-12 19:00:00,1.3,,79.0,0.5,보통,39.0
2025-02-12 20:00:00,0.0,,74.0,0.5,좋음,26.0
2025-02-12 21:00:00,-1.4,,58.0,0.5,좋음,22.0
2025-02-12 22:00:00,-2.1,,58.0,0.5,좋음,22.0
2025-02-12 23:00:00,-2.5,,59.0,0.5,좋음,22.0
2025-02-13 00:00:00,-2.9,,57.0,0.5,좋음,19.0
2025-02-13 01:00:00,-3.5,,55.0,0.5,좋음,20.0
2025-02-13 02:00:00,-3.8,,56.0,0.5,좋음,16.0
2025-02-13 03:00:00,-4.0,,55.0,0.5,좋음,13.0
2025-02-13 04:00:00,-4.3,,52.0,0.5,좋음,15.0
2025-02-13 05:00:00,-4.9,,54.0,0.5,좋음,17.0
2025-02-13 06:00:00,-5.4,,57.0,0.5,좋음,18.0
2025-02-13 07:00:00,-5.8,,61.0,0.5,좋음,21.0
2025-02-13 08:00:00,-5.4,,62.0,0.5,좋음,25.0
2025-02-13 09:00:00,-3.6,,53.0,0.5,좋음,29.0
2025-02-13 10:00:00,-0.2,,51.0,0.5,보통,36.0
2025-02-13 11:00:00,1.9,,41.0,0.5,보통,38.0
2025-02-13 12:00:00,3.0,,38.0,,보통,40.0
2025-02-13 13:00:00,4.6,,39.0,,보통,40.0
2025-02-13 14:00:00,5.1,,38.0,,보통,33.0
2025-02-13 15:00:00,5.6,,36.0,,보통,35.0
2025-02-13 16:00:00,5.9,,39.0,,보통,33.0
2025-02-13 17:00:00,5.2,,45.0,,보통,35.0
2025-02-13 18:00:00,3.7,,54.0,,보통,35.0
2025-02-13 19:00:00,2.9,,57.0,,보통,35.0
2025-02-13 20:00:00,2.4,,57.0,,보통,39.0
2025-02-13 21:00:00,2.1,,60.0,,보통,37.0
2025-02-13 22:00:00,1.7,,62.0,,보통,38.0
2025-02-13 23:00:00,1.0,,67.0,,보통,43.0
2025-02-14 00:00:00,0.5,,72.0,,보통,46.0
2025-02-14 01:00:00,0.3,,75.0,,보통,48.0
2025-02-14 02:00:00,-0.1,,78.0,,보통,46.0
2025-02-14 03:00:00,-0.4,,80.0,,보통,43.0
2025-02-14 04:00:00,-0.4,,82.0,,보통,41.0
2025-02-14 05:00:00,-0.9,,83.0,,보통,42.0
2025-02-14 06:00:00,-1.0,,84.0,,보통,45.0
2025-02-14 07:00:00,-1.4,,84.0,,보통,48.0
2025-02-14 08:00:00,-1.5,,86.0,,보통,52.0
2025-02-14 09:00:00,-0.1,,86.0,,보통,51.0
2025-02-14 10:00:00,2.4,,76.0,,보통,60.0
2025-02-14 11:00:00,5.3,,71.0,,보통,63.0
2025-02-14 12:00:00,7.6,,59.0,,보통,69.0
2025-02-14 13:00:00,9.1,,52.0,,보통,80.0
2025-02-14 14:00:00,9.7,,47.0,,나쁨,89.0
2025-02-14 15:00:00,9.7,,38.0,,나쁨,92.0
2025-02-14 16:00:00,9.6,,37.0,,나쁨,101.0
2025-02-14 17:00:00,8.6,,33.0,,나쁨,92.0
2025-02-14 18:00:00,7.1,,38.0,,나쁨,84.0
2025-02-14 19:00:00,6.0,,46.0,,나쁨,83.0
2025-02-14 20:00:00,4.9,,57.0,,나쁨,81.0
2025-02-14 21:00:00,4.1,,69.0,,보통,79.0
2025-02-14 22:00:00,3.6,,76.0,,나쁨,81.0
2025-02-14 23:00:00,3.0,,81.0,,보통,79.0
2025-02-15 00:00:00,2.5,,85.0,,보통,77.0
2025-02-15 01:00:00,2.4,,86.0,,보통,77.0
2025-02-15 02:00:00,2.3,,88.0,,보통,72.0
2025-02-15 03:00:00,1.7,,90.0,,보통,68.0
2025-02-15 04:00:00,1.2,,90.0,,보통,66.0
2025-02-15 05:00:00,1.1,,88.0,,보통,63.0
2025-02-15 06:00:00,0.8,,88.0,,보통,61.0
2025-02-15 07:00:00,0.5,,89.0,,보통,61.0
2025-02-15 08:00:00,0.6,,89.0,,보통,64.0
2025-02-15 09:00:00,1.5,,89.0,,보통,66.0
2025-02-15 10:00:00,3.2,,83.0,,보통,74.0
2025-02-15 11:00:00,4.7,,75.0,,보통,79.0
2025-02-15 12:00:00,5.5,,70.0,,나쁨,81.0
2025-02-15 13:00:00,6.3,,67.0,,보통,72.0
2025-02-15 14:00:00,6.8,,63.0,,보통,65.0
2025-02-15 15:00:00,7.8,,59.0,,보통,66.0
2025-02-15 16:00:00,7.7,,58.0,,보통,58.0
2025-02-15 17:00:00,7.2,,62.0,,보통,50.0
2025-02-15 18:00:00,6.7,,64.0,,보통,48.0
2025-02-15 19:00:00,6.1,,68.0,,보통,42.0
2025-02-15 20:00:00,5.7,,70.0,,보통,37.0
2025-02-15 21:00:00,5.3,,72.0,,보통,40.0
2025-02-15 22:00:00,4.9,,74.0,,보통,40.0
2025-02-15 23:00:00,4.2,,76.0,,보통,51.0
2025-02-16 00:00:00,3.4,,80.0,,보통,52.0
2025-02-16 01:00:00,2.8,,83.0,,보통,47.0
2025-02-16 02:00:00,2.4,,85.0,,보통,48.0
2025-02-16 03:00:00,2.3,,87.0,,보통,45.0
2025-02-16 04:00:00,2.1,,87.0,,보통,43.0
2025-02-16 05:00:00,1.9,,88.0,,보통,40.0
2025-02-16 06:00:00,1.7,,88.0,,보통,39.0
2025-02-16 07:00:00,1.4,,89.0,,보통,42.0
2025-02-16 08:00:00,1.4,,90.0,,보통,45.0
2025-02-16 09:00:00,2.5,,89.0,,보통,48.0
2025-02-16 10:00:00,4.4,,82.0,,보통,51.0
2025-02-16 11:00:00,6.2,,75.0,,보통,47.0
2025-02-16 12:00:00,8.0,,70.0,,보통,43.0
2025-02-16 13:00:00,8.6,,64.0,,보통,45.0
2025-02-16 14:00:00,9.4,,58.0,,보통,58.0
2025-02-16 15:00:00,8.9,,66.0,,보통,69.0
2025-02-16 16:00:00,8.7,,69.0,,나쁨,85.0
2025-02-16 17:00:00,8.0,,72.0,,나쁨,96.0
2025-02-16 18:00:00,6.7,,77.0,,나쁨,108.0
2025-02-16 19:00:00,6.0,,83.0,,나쁨,127.0
2025-02-16 20:00:00,5.3,,85.0,,나쁨,126.0
2025-02-16 21:00:00,4.0,,76.0,,나쁨,106.0
2025-02-16 22:00:00,2.4,,68.0,,나쁨,104.0
2025-02-16 23:00:00,1.2,,60.0,,나쁨,86.0
2025-02-17 00:00:00,0.4,,52.0,,보통,51.0
2025-02-17 01:00:00,-0.1,,47.0,,좋음,26.0
2025-02-17 02:00:00,-0.5,,42.0,,좋음,22.0
2025-02-17 03:00:00,-0.9,,36.0,,좋음,25.0
2025-02-17 04:00:00,-1.0,,34.0,,보통,32.0
2025-02-17 05:00:00,-1.1,,35.0,,보통,36.0
2025-02-17 06:00:00,-1.5,,38.0,,보통,40.0
2025-02-17 07:00:00,-1.8,,42.0,,보통,43.0
2025-02-17 08:00:00,-1.8,,43.0,,보통,47.0
2025-02-17 09:00:00,-0.6,,39.0,,보통,51.0
2025-02-17 10:00:00,0.1,,32.0,,보통,50.0
2025-02-17 11:00:00,0.8,,31.0,,보통,52.0
2025-02-17 12:00:00,1.6,,28.0,,보통,50.0
2025-02-17 13:00:00,2.6,,30.0,,보통,46.0
2025-02-17 14:00:00,2.8,,28.0,,보통,41.0
2025-02-17 15:00:00,2.9,,29.0,,보통,41.0
2025-02-17 16:00:00,3.3,,29.0,,보통,39.0
2025-02-17 17:00:00,2.3,,31.0,,보통,34.0
2025-02-17 18:00:00,1.0,,37.0,,좋음,27.0
2025-02-17 19:00:00,0.0,,39.0,,좋음,21.0
2025-02-17 20:00:00,-0.7,,45.0,,좋음,23.0
2025-02-17 21:00:00,-1.6,,49.0,,좋음,22.0
2025-02-17 22:00:00,-2.4,,54.0,,좋음,24.0
2025-02-17 23:00:00,-3.0,,57.0,,좋음,27.0
2025-02-18 00:00:00,-3.4,,57.0,,좋음,26.0
2025-02-18 01:00:00,-3.9,,58.0,,좋음,27.0
2025-02-18 02:00:00,-4.0,,59.0,,좋음,25.0
2025-02-18 03:00:00,-4.1,,58.0,,좋음,23.0
2025-02-18 04:00:00,-4.1,,53.0,,좋음,24.0
2025-02-18 05:00:00,-4.4,,48.0,,좋음,24.0
2025-02-18 06:00:00,-4.7,,45.0,,좋음,27.0
2025-02-18 07:00:00,-5.1,,46.0,,좋음,28.0
2025-02-18 08:00:00,-5.0,,47.0,,보통,35.0
2025-02-18 09:00:00,-3.6,,44.0,,보통,36.0
2025-02-18 10:00:00,-1.8,,36.0,,보통,38.0
2025-02-18 11:00:00,-1.0,,34.0,,보통,40.0
2025-02-18 12:00:00,-0.3,,32.0,,보통,38.0
2025-02-18 13:00:00,1.1,,28.0,,보통,38.0
2025-02-18 14:00:00,1.7,,23.0,,보통,31.0
2025-02-18 15:00:00,2.1,,24.0,,좋음,28.0
2025-02-18 16:00:00,1.8,,23.0,,좋음,25.0
2025-02-18 17:00:00,1.6,,24.0,,좋음,22.0
2025-02-18 18:00:00,0.1,,29.0,,좋음,20.0
2025-02-18 19:00:00,-1.0,,34.0,,좋음,21.0
2025-02-18 20:00:00,-2.0,,35.0,,좋음,18.0
2025-02-18 21:00:00,-2.9,,41.0,,좋음,21.0
2025-02-18 22:00:00,-3.7,,47.0,,좋음,19.0
2025-02-18 23:00:00,-4.4,,49.0,,좋음,23.0
2025-02-19 00:00:00,-4.7,,49.0,,좋음,25.0
2025-02-19 01:00:00,-4.9,,51.0,,좋음,25.0
2025-02-19 02:00:00,-5.4,,53.0,,좋음,24.0
2025-02-19 03:00:00,-5.4,,54.0,,좋음,21.0
2025-02-19 04:00:00,-5.8,,55.0,,좋음,21.0
2025-02-19 05:00:00,-5.7,,57.0,,좋음,21.0
2025-02-19 06:00:00,-5.3,,56.0,,좋음,22.0
2025-02-19 07:00:00,-5.4,,57.0,,좋음,25.0
2025-02-19 08:00:00,-5.4,,60.0,,좋음,28.0
2025-02-19 09:00:00,-4.5,,57.0,,보통,31.0
2025-02-19 10:00:00,-3.3,,47.0,,보통,35.0
2025-02-19 11:00:00,-2.2,,42.0,,보통,36.0
2025-02-19 12:00:00,-1.4,,39.0,,보통,34.0
2025-02-19 13:00:00,-0.8,,38.0,,보통,35.0
2025-02-19 14:00:00,-0.1,,36.0,,보통,32.0
2025-02-19 15:00:00,1.0,,32.0,,좋음,26.0
2025-02-19 16:00:00,0.8,,30.0,,좋음,28.0
2025-02-19 17:00:00,0.8,,29.0,,좋음,27.0
2025-02-19 18:00:00,-0.6,,30.0,,좋음,24.0
2025-02-19 19:00:00,-1.5,,35.0,,좋음,24.0
2025-02-19 20:00:00,-2.3,,38.0,,좋음,24.0
2025-02-19 21:00:00,-3.1,,42.0,,좋음,22.0
2025-02-19 22:00:00,-3.8,,45.0,,좋음,26.0
2025-02-19 23:00:00,-4.3,,46.0,,좋음,26.0
2025-02-20 00:00:00,-4.9,,48.0,,보통,31.0
2025-02-20 01:00:00,-5.5,,49.0,,보통,32.0
2025-02-20 02:00:00,-5.6,,52.0,,좋음,29.0
2025-02-20 03:00:00,-5.5,,54.0,,좋음,26.0
2025-02-20 04:00:00,-6.1,,56.0,,좋음,25.0
2025-02-20 05:00:00,-6.4,,57.0,,좋음,25.0
2025-02-20 06:00:00,-6.2,,59.0,,좋음,25.0
2025-02-20 07:00:00,-6.5,,61.0,,좋음,28.0
2025-02-20 08:00:00,-6.1,,61.0,,좋음,30.0
2025-02-20 09:00:00,-4.3,,53.0,,보통,31.0
2025-02-20 10:00:00,-2.8,,46.0,,보통,31.0
2025-02-20 11:00:00,-1.3,,36.0,,보통,31.0
2025-02-20 12:00:00,-0.6,,32.0,,보통,31.0
2025-02-20 13:00:00,-0.3,,32.0,,보통,32.0
2025-02-20 14:00:00,1.0,,31.0,,좋음,29.0
2025-02-20 15:00:00,1.4,,32.0,,보통,32.0
2025-02-20 16:00:00,1.8,,31.0,,,
2025-02-20 17:00:00,1.2,,29.0,,,
2025-02-20 18:00:00,-0.3,,29.0,,보통,33.0
2025-02-20 19:00:00,-1.5,,30.0,,좋음,26.0
2025-02-20 20:00:00,-2.0,,32.0,,좋음,25.0
2025-02-20 21:00:00,-2.7,,35.0,,좋음,23.0
2025-02-20 22:00:00,-3.5,,43.0,,좋음,21.0
2025-02-20 23:00:00,-4.3,,50.0,,좋음,25.0
2025-02-21 00:00:00,-4.9,,52.0,,보통,33.0
2025-02-21 01:00:00,-5.4,,53.0,,보통,34.0
2025-02-21 02:00:00,-5.8,,54.0,,보통,32.0
2025-02-21 03:00:00,-6.1,,57.0,,좋음,29.0
2025-02-21 04:00:00,-6.2,,60.0,,좋음,25.0
2025-02-21 05:00:00,-6.3,,61.0,,좋음,24.0
2025-02-21 06:00:00,-6.1,,62.0,,좋음,24.0
2025-02-21 07:00:00,-6.1,,64.0,,좋음,26.0
2025-02-21 08:00:00,-6.3,,64.0,,좋음,26.0
2025-02-21 09:00:00,-4.6,,59.0,,좋음,28.0
2025-02-21 10:00:00,-3.0,,50.0,,보통,34.0
2025-02-21 11:00:00,-1.2,,43.0,,보통,38.0
2025-02-21 12:00:00,-0.4,,36.0,,보통,37.0
2025-02-21 13:00:00,1.0,,32.0,,보통,40.0
2025-02-21 14:00:00,2.2,,33.0,,보통,31.0
2025-02-21 15:00:00,2.2,,34.0,,좋음,27.0
2025-02-21 16:00:00,1.9,,33.0,,보통,32.0
2025-02-21 17:00:00,1.7,,39.0,,보통,34.0
2025-02-21 18:00:00,0.2,,27.0,,보통,34.0
2025-02-21 19:00:00,-0.8,,30.0,,좋음,29.0
2025-02-21 20:00:00,-1.4,,37.0,,좋음,28.0
2025-02-21 21:00:00,-2.0,,39.0,,좋음,27.0
2025-02-21 22:00:00,-2.5,,39.0,,좋음,29.0
2025-02-21 23:00:00,-3.1,,41.0,,보통,31.0
2025-02-22 00:00:00,-3.4,,48.0,,좋음,29.0
2025-02-22 01:00:00,-3.8,,52.0,,좋음,25.0
2025-02-22 02:00:00,-4.4,,55.0,,좋음,26.0
2025-02-22 03:00:00,-4.7,,62.0,,좋음,25.0
2025-02-22 04:00:00,-5.1,,64.0,,좋음,26.0
2025-02-22 05:00:00,-5.2,,69.0,,좋음,26.0
2025-02-22 06:00:00,-5.1,,69.0,,좋음,30.0
2025-02-22 07:00:00,-5.3,,71.0,,보통,32.0
2025-02-22 08:00:00,-5.4,,72.0,,보통,31.0
2025-02-22 09:00:00,-4.1,,64.0,,보통,33.0
2025-02-22 10:00:00,-2.6,,55.0,,보통,37.0
2025-02-22 11:00:00,-0.8,,43.0,,보통,36.0
2025-02-22 12:00:00,0.7,,33.0,,보통,35.0
2025-02-22 13:00:00,1.3,,31.0,,보통,36.0
2025-02-22 14:00:00,2.5,,33.0,,좋음,28.0
2025-02-22 15:00:00,1.7,,36.0,,보통,32.0
2025-02-22 16:00:00,2.2,,37.0,,보통,34.0
2025-02-22 17:00:00,1.6,,35.0,,보통,36.0
2025-02-22 18:00:00,0.1,,42.0,,보통,39.0
2025-02-22 19:00:00,-1.0,,47.0,,보통,39.0
2025-02-22 20:00:00,-1.4,,50.0,,보통,38.0
2025-02-22 21:00:00,-2.2,,36.0,,보통,36.0
2025-02-22 22:00:00,-3.2,,43.0,,좋음,30.0
2025-02-22 23:00:00,-4.0,,48.0,,좋음,23.0
2025-02-23 00:00:00,-4.8,,51.0,,좋음,29.0
2025-02-23 01:00:00,-5.5,,53.0,,보통,32.0
2025-02-23 02:00:00,-5.7,,54.0,,보통,32.0
2025-02-23 03:00:00,-6.0,,55.0,,좋음,27.0
2025-02-23 04:00:00,-6.2,,57.0,,좋음,27.0
2025-02-23 05:00:00,-6.4,,57.0,,좋음,28.0
2025-02-23 06:00:00,-6.2,,57.0,,보통,31.0
2025-02-23 07:00:00,-6.1,,57.0,,좋음,30.0
2025-02-23 08:00:00,-6.2,,59.0,,좋음,30.0
2025-02-23 09:00:00,-4.8,,52.0,,보통,35.0
2025-02-23 10:00:00,-3.6,,43.0,,보통,34.0
2025-02-23 11:00:00,-2.0,,38.0,,좋음,30.0
2025-02-23 12:00:00,-1.4,,37.0,,보통,33.0
2025-02-23 13:00:00,-1.4,,35.0,,보통,35.0
2025-02-23 14:00:00,0.0,,32.0,,보통,37.0
2025-02-23 15:00:00,0.1,,30.0,,보통,39.0
2025-02-23 16:00:00,0.2,,31.0,,보통,37.0
2025-02-23 17:00:00,0.0,,30.0,,보통,32.0
2025-02-23 18:00:00,-1.6,,35.0,,좋음,30.0
2025-02-23 19:00:00,-2.6,,38.0,,좋음,30.0
2025-02-23 20:00:00,-3.2,,42.0,,좋음,27.0
2025-02-23 21:00:00,-3.7,,46.0,,좋음,30.0
2025-02-23 22:00:00,-4.3,,48.0,,보통,32.0
2025-02-23 23:00:00,-4.8,,50.0,,보통,36.0
2025-02-24 00:00:00,-5.4,,51.0,,좋음,27.0
2025-02-24 01:00:00,-5.7,,53.0,,좋음,26.0
2025-02-24 02:00:00,-6.0,,53.0,,좋음,24.0
2025-02-24 03:00:00,-6.0,,56.0,,좋음,27.0
2025-02-24 04:00:00,-6.1,,57.0,,좋음,27.0
2025-02-24 05:00:00,-6.0,,59.0,,좋음,27.0
2025-02-24 06:00:00,-5.9,,61.0,,좋음,30.0
2025-02-24 07:00:00,-6.2,,63.0,,보통,31.0
2025-02-24 08:00:00,-5.9,,64.0,,보통,31.0
2025-02-24 09:00:00,-3.9,,55.0,,보통,34.0
2025-02-24 10:00:00,-2.5,,46.0,,보통,36.0
2025-02-24 11:00:00,-0.9,,39.0,,보통,34.0
2025-02-24 12:00:00,0.5,,35.0,,보통,37.0
2025-02-24 13:00:00,1.4,,31.0,,보통,41.0
2025-02-24 14:00:00,2.6,,31.0,,보통,39.0
2025-02-24 15:00:00,3.6,,29.0,,보통,38.0
2025-02-24 16:00:00,4.5,,32.0,,보통,37.0
2025-02-24 17:00:00,4.3,,32.0,,보통,36.0
2025-02-24 18:00:00,2.7,,37.0,,보통,35.0
2025-02-24 19:00:00,1.5,,42.0,,보통,38.0
2025-02-24 20:00:00,0.7,,47.0,,보통,35.0
2025-02-24 21:00:00,0.2,,55.0,,보통,33.0
2025-02-24 22:00:00,0.2,,65.0,,보통,35.0
2025-02-24 23:00:00,-0.4,,65.0,,좋음,30.0
2025-02-25 00:00:00,-1.3,,70.0,,보통,32.0
2025-02-25 01:00:00,-1.4,,73.0,,보통,32.0
2025-02-25 02:00:00,-1.4,,77.0,,보통,33.0
2025-02-25 03:00:00,-1.7,,79.0,,보통,32.0
2025-02-25 04:00:00,-1.9,,80.0,,보통,33.0
2025-02-25 05:00:00,-2.3,,83.0,,보통,33.0
2025-02-25 06:00:00,-2.7,,84.0,,보통,34.0
2025-02-25 07:00:00,-3.0,,83.0,,보통,35.0
2025-02-25 08:00:00,-2.9,,82.0,,보통,36.0
2025-02-25 09:00:00,-0.9,,79.0,,보통,39.0
2025-02-25 10:00:00,2.8,,66.0,,보통,39.0
2025-02-25 11:00:00,4.6,,57.0,,보통,31.0
2025-02-25 12:00:00,5.0,,54.0,,좋음,29.0
2025-02-25 13:00:00,5.4,,53.0,,좋음,25.0
2025-02-25 14:00:00,5.2,,56.0,,좋음,22.0
2025-02-25 15:00:00,5.2,,60.0,,좋음,26.0
2025-02-25 16:00:00,5.6,,61.0,,좋음,26.0
2025-02-25 17:00:00,5.5,,60.0,,좋음,27.0
2025-02-25 18:00:00,5.0,,67.0,,좋음,25.0
2025-02-25 19:00:00,4.7,,69.0,,좋음,24.0
2025-02-25 20:00:00,4.5,,72.0,,좋음,28.0
2025-02-25 21:00:00,4.2,,75.0,,좋음,30.0
2025-02-25 22:00:00,3.7,,78.0,,보통,33.0
2025-02-25 23:00:00,3.2,,81.0,,좋음,30.0
2025-02-26 00:00:00,2.9,,83.0,,보통,35.0
2025-02-26 01:00:00,3.1,,84.0,,보통,40.0
2025-02-26 02:00:00,3.2,,84.0,,보통,48.0
2025-02-26 03:00:00,3.3,,85.0,,보통,61.0
2025-02-26 04:00:00,3.1,,86.0,,보통,72.0
2025-02-26 05:00:00,2.4,,87.0,,보통,75.0
2025-02-26 06:00:00,1.9,,87.0,,나쁨,82.0
2025-02-26 07:00:00,1.2,,86.0,,나쁨,86.0
2025-02-26 08:00:00,1.1,,90.0,,나쁨,93.0
2025-02-26 09:00:00,1.7,,87.0,,나쁨,97.0
2025-02-26 10:00:00,2.5,,63.0,,나쁨,102.0
2025-02-26 11:00:00,3.4,,50.0,,나쁨,94.0
2025-02-26 12:00:00,5.3,,29.0,,나쁨,83.0
2025-02-26 13:00:00,7.0,,18.0,,보통,80.0
2025-02-26 14:00:00,7.7,,19.0,,보통,72.0
2025-02-26 15:00:00,8.3,,22.0,,보통,63.0
2025-02-26 16:00:00,8.4,,22.0,,보통,56.0
2025-02-26 17:00:00,8.1,,23.0,,보통,50.0
2025-02-26 18:00:00,6.1,,23.0,,보통,50.0
2025-02-26 19:00:00,4.4,,26.0,,보통,44.0
2025-02-26 20:00:00,3.4,,23.0,,보통,44.0
2025-02-26 21:00:00,2.3,,25.0,,보통,46.0
2025-02-26 22:00:00,1.5,,28.0,,보통,47.0
2025-02-26 23:00:00,1.2,,32.0,,보통,47.0
2025-02-27 00:00:00,0.8,,37.0,,보통,40.0
2025-02-27 01:00:00,0.6,,40.0,,보통,47.0
2025-02-27 02:00:00,-0.1,,43.0,,보통,44.0
2025-02-27 03:00:00,-0.7,,42.0,,보통,37.0
2025-02-27 04:00:00,-1.1,,42.0,,보통,33.0
2025-02-27 05:00:00,-1.3,,44.0,,보통,33.0
2025-02-27 06:00:00,-1.7,,45.0,,좋음,30.0
2025-02-27 07:00:00,-1.9,,47.0,,보통,31.0
2025-02-27 08:00:00,-1.7,,46.0,,보통,43.0
2025-02-27 09:00:00,1.4,,40.0,,보통,44.0
2025-02-27 10:00:00,4.6,,30.0,,보통,57.0
2025-02-27 11:00:00,6.4,,25.0,,보통,60.0
2025-02-27 12:00:00,9.5,,19.0,,보통,45.0
2025-02-27 13:00:00,11.5,,17.0,,보통,40.0
2025-02-27 14:00:00,12.8,,15.0,,보통,40.0
2025-02-27 15:00:00,13.9,,13.0,,보통,37.0
2025-02-27 16:00:00,14.0,,13.0,,보통,36.0
2025-02-27 17:00:00,13.1,,14.0,,보통,40.0
2025-02-27 18:00:00,11.6,,18.0,,보통,44.0
2025-02-27 19:00:00,9.6,,21.0,,보통,45.0
2025-02-27 20:00:00,8.2,,26.0,,보통,49.0
2025-02-27 21:00:00,7.4,,27.0,,보통,60.0
2025-02-27 22:00:00,6.1,,28.0,,보통,54.0
2025-02-27 23:00:00,5.0,,31.0,,보통,59.0
2025-02-28 00:00:00,5.0,,31.0,,보통,69.0
2025-02-28 01:00:00,5.1,,28.0,,보통,66.0
2025-02-28 02:00:00,5.5,,30.0,,보통,65.0
2025-02-28 03:00:00,5.3,,36.0,,보통,63.0
2025-02-28 04:00:00,4.3,,39.0,,보통,53.0
2025-02-28 05:00:00,3.9,,39.0,,보통,50.0
2025-02-28 06:00:00,3.8,,40.0,,보통,46.0
2025-02-28 07:00:00,3.9,,43.0,,보통,47.0
2025-02-28 08:00:00,4.1,,44.0,,보통,54.0
2025-02-28 09:00:00,5.4,,42.0,,보통,56.0
2025-02-28 10:00:00,6.7,,43.0,,보통,61.0
2025-02-28 11:00:00,8.4,,43.0,,보통,64.0
2025-02-28 12:00:00,9.1,,47.0,,보통,80.0
2025-02-28 13:00:00,11.3,,47.0,,보통,74.0
2025-02-28 14:00:00,13.1,,48.0,,,
2025-02-28 15:00:00,12.8,,51.0,,,
2025-02-28 16:00:00,13.2,,51.0,,보통,45.0
2025-02-28 17:00:00,13.1,,53.0,,보통,42.0
2025-02-28 18:00:00,11.7,,57.0,,보통,52.0
2025-02-28 19:00:00,10.1,,61.0,,보통,39.0
2025-02-28 20:00:00,8.9,,66.0,,보통,45.0
2025-02-28 21:00:00,8.0,,71.0,,보통,56.0
2025-02-28 22:00:00,7.3,,73.0,,보통,59.0
2025-02-28 23:00:00,6.8,,74.0,,보통,50.0
2025-03-01 00:00:00,6.2,,75.0,,보통,51.0
2025-03-01 01:00:00,5.4,,78.0,,보통,52.0
2025-03-01 02:00:00,5.0,,80.0,,보통,56.0
2025-03-01 03:00:00,4.7,,81.0,,보통,51.0
2025-03-01 04:00:00,4.2,,82.0,,보통,50.0
2025-03-01 05:00:00,3.5,,83.0,,보통,59.0
2025-03-01 06:00:00,3.4,,84.0,,보통,68.0
2025-03-01 07:00:00,3.6,,86.0,,보통,73.0
2025-03-01 08:00:00,4.1,,83.0,,보통,72.0
2025-03-01 09:00:00,5.6,,78.0,,보통,78.0
2025-03-01 10:00:00,6.6,,70.0,,보통,80.0
2025-03-01 11:00:00,9.3,,60.0,,나쁨,84.0
2025-03-01 12:00:00,12.2,,49.0,,나쁨,83.0
2025-03-01 13:00:00,12.8,,49.0,,나쁨,92.0
2025-03-01 14:00:00,12.2,,51.0,,나쁨,86.0
2025-03-01 15:00:00,11.4,0.4,63.0,,나쁨,88.0
2025-03-01 16:00:00,12.2,,64.0,,보통,73.0
2025-03-01 17:00:00,12.5,,60.0,,보통,55.0
2025-03-01 18:00:00,12.3,0.2,58.0,,보통,65.0
2025-03-01 19:00:00,11.3,,62.0,,보통,63.0
2025-03-01 20:00:00,10.2,,65.0,,보통,72.0
2025-03-01 21:00:00,9.5,0.0,67.0,,보통,70.0
2025-03-01 22:00:00,9.1,,70.0,,보통,69.0
2025-03-01 23:00:00,9.4,,69.0,,보통,66.0
2025-03-02 00:00:00,9.0,,68.0,,보통,63.0
2025-03-02 01:00:00,8.5,,69.0,,보통,57.0
2025-03-02 02:00:00,8.7,,67.0,,보통,55.0
2025-03-02 03:00:00,8.6,,68.0,,보통,58.0
2025-03-02 04:00:00,8.6,,70.0,,보통,58.0
2025-03-02 05:00:00,8.6,,70.0,,보통,57.0
2025-03-02 06:00:00,8.5,,68.0,,보통,52.0
2025-03-02 07:00:00,8.4,,68.0,,보통,54.0
2025-03-02 08:00:00,8.6,,64.0,,보통,57.0
2025-03-02 09:00:00,9.0,,62.0,,보통,54.0
2025-03-02 10:00:00,10.4,,55.0,,보통,54.0
2025-03-02 11:00:00,11.7,,50.0,,보통,57.0
2025-03-02 12:00:00,13.6,,41.0,,보통,56.0
2025-03-02 13:00:00,15.3,,34.0,,보통,60.0
2025-03-02 14:00:00,14.6,,33.0,,보통,69.0
2025-03-02 15:00:00,13.5,0.0,41.0,,보통,59.0
2025-03-02 16:00:00,10.3,,70.0,,보통,60.0
2025-03-02 17:00:00,7.9,,83.0,,보통,75.0
2025-03-02 18:00:00,7.1,4.5,88.0,,보통,37.0
2025-03-02 19:00:00,5.8,,88.0,,좋음,20.0
2025-03-02 20:00:00,4.8,,87.0,,좋음,14.0
2025-03-02 21:00:00,4.2,4.5,87.0,,좋음,10.0
2025-03-02 22:00:00,3.6,,83.0,,좋음,6.0
2025-03-02 23:00:00,3.1,,79.0,,좋음,8.0
2025-03-03 00:00:00,2.2,2.8,89.0,,좋음,8.0
2025-03-03 01:00:00,2.0,,92.0,,좋음,8.0
2025-03-03 02:00:00,1.8,,93.0,,좋음,7.0
2025-03-03 03:00:00,1.7,9.0,90.0,,좋음,5.0
2025-03-03 04:00:00,1.6,,87.0,,좋음,5.0
2025-03-03 05:00:00,1.2,,90.0,0.3,좋음,5.0
2025-03-03 06:00:00,1.2,1.2,89.0,0.6,좋음,5.0
2025-03-03 07:00:00,1.1,,90.0,1.1,좋음,6.0
2025-03-03 08:00:00,1.8,,78.0,1.1,좋음,5.0
2025-03-03 09:00:00,2.6,0.2,72.0,0.8,좋음,6.0
2025-03-03 10:00:00,3.2,,67.0,,좋음,12.0
2025-03-03 11:00:00,4.7,,57.0,,좋음,14.0
2025-03-03 12:00:00,6.3,,53.0,,좋음,20.0
2025-03-03 13:00:00,6.9,,51.0,,좋음,25.0
2025-03-03 14:00:00,6.8,,48.0,,좋음,25.0
2025-03-03 15:00:00,6.6,,47.0,,좋음,24.0
2025-03-03 16:00:00,5.6,,49.0,,좋음,24.0
2025-03-03 17:00:00,4.7,,50.0,,좋음,26.0
2025-03-03 18:00:00,3.6,,52.0,,좋음,21.0
2025-03-03 19:00:00,2.7,,53.0,,좋음,23.0
2025-03-03 20:00:00,2.0,,51.0,,좋음,20.0
2025-03-03 21:00:00,1.6,,51.0,,좋음,17.0
2025-03-03 22:00:00,1.4,,52.0,,좋음,17.0
2025-03-03 23:00:00,1.2,,53.0,,좋음,16.0
2025-03-04 00:00:00,1.3,,54.0,,좋음,17.0
2025-03-04 01:00:00,1.3,,55.0,,좋음,17.0
2025-03-04 02:00:00,1.5,,55.0,,좋음,13.0
2025-03-04 03:00:00,1.6,,55.0,,좋음,14.0
2025-03-04 04:00:00,1.6,,55.0,,좋음,14.0
2025-03-04 05:00:00,1.7,,56.0,,좋음,13.0
2025-03-04 06:00:00,2.0,,56.0,,좋음,13.0
2025-03-04 07:00:00,2.2,,57.0,,좋음,17.0
2025-03-04 08:00:00,2.4,,57.0,,좋음,16.0
2025-03-04 09:00:00,2.8,0.0,57.0,,좋음,20.0
2025-03-04 10:00:00,1.1,,86.0,0.5,좋음,18.0
2025-03-04 11:00:00,1.0,,91.0,2.0,좋음,15.0
2025-03-04 12:00:00,1.1,3.1,90.0,3.1,좋음,16.0
2025-03-04 13:00:00,1.6,,90.0,3.4,좋음,12.0
2025-03-04 14:00:00,2.3,,87.0,2.4,좋음,12.0
2025-03-04 15:00:00,2.4,0.8,85.0,1.3,좋음,11.0
2025-03-04 16:00:00,2.6,,87.0,,좋음,8.0
2025-03-04 17:00:00,3.2,,76.0,,좋음,9.0
2025-03-04 18:00:00,3.3,0.1,71.0,,좋음,7.0
2025-03-04 19:00:00,3.1,,71.0,,좋음,5.0
2025-03-04 20:00:00,3.3,,68.0,,좋음,6.0
2025-03-04 21:00:00,3.4,,66.0,,좋음,8.0
2025-03-04 22:00:00,3.4,,65.0,,좋음,7.0
2025-03-04 23:00:00,3.4,,64.0,,좋음,6.0
2025-03-05 00:00:00,3.2,,66.0,,좋음,5.0
2025-03-05 01:00:00,2.9,,66.0,,좋음,5.0
2025-03-05 02:00:00,2.9,,66.0,,좋음,6.0
2025-03-05 03:00:00,2.6,,66.0,,좋음,5.0
2025-03-05 04:00:00,2.5,,66.0,,좋음,6.0
2025-03-05 05:00:00,2.4,,66.0,,좋음,7.0
2025-03-05 06:00:00,2.4,,67.0,,좋음,7.0
2025-03-05 07:00:00,2.4,,67.0,,좋음,11.0
2025-03-05 08:00:00,2.6,,67.0,,좋음,12.0
2025-03-05 09:00:00,3.2,0.0,66.0,,좋음,12.0
2025-03-05 10:00:00,4.1,,63.0,,좋음,16.0
2025-03-05 11:00:00,5.2,,62.0,,좋음,15.0
2025-03-05 12:00:00,5.8,,60.0,,좋음,15.0
2025-03-05 13:00:00,6.2,,59.0,,좋음,18.0
2025-03-05 14:00:00,7.3,,56.0,,좋음,16.0
2025-03-05 15:00:00,8.1,,55.0,,좋음,21.0
2025-03-05 16:00:00,8.8,,52.0,,좋음,18.0
2025-03-05 17:00:00,8.9,,51.0,,좋음,14.0
2025-03-05 18:00:00,7.8,,52.0,,좋음,11.0
2025-03-05 19:00:00,6.6,,59.0,,좋음,12.0
2025-03-05 20:00:00,5.8,,61.0,,좋음,12.0
2025-03-05 21:00:00,5.2,,66.0,,좋음,12.0
2025-03-05 22:00:00,4.5,,70.0,,좋음,12.0
2025-03-05 23:00:00,4.0,,73.0,,좋음,13.0
2025-03-06 00:00:00,3.5,,74.0,,좋음,24.0
2025-03-06 01:00:00,2.8,,74.0,,보통,35.0
2025-03-06 02:00:00,2.0,,77.0,,보통,35.0
2025-03-06 03:00:00,1.5,,77.0,,보통,38.0
2025-03-06 04:00:00,1.0,,80.0,,보통,38.0
2025-03-06 05:00:00,0.6,,78.0,,보통,35.0
2025-03-06 06:00:00,0.3,,77.0,,보통,39.0
2025-03-06 07:00:00,-0.3,,81.0,,보통,45.0
2025-03-06 08:00:00,0.1,,81.0,,보통,49.0
2025-03-06 09:00:00,2.1,,70.0,,보통,52.0
2025-03-06 10:00:00,4.3,,61.0,,보통,53.0
2025-03-06 11:00:00,6.8,,54.0,,보통,59.0
2025-03-06 12:00:00,7.6,,47.0,,보통,63.0
2025-03-06 13:00:00,8.6,,39.0,,보통,58.0
2025-03-06 14:00:00,9.3,,36.0,,보통,44.0
2025-03-06 15:00:00,9.8,,37.0,,보통,35.0
2025-03-06 16:00:00,10.3,,38.0,,보통,36.0
2025-03-06 17:00:00,9.6,,37.0,,보통,46.0
2025-03-06 18:00:00,8.6,,37.0,,보통,54.0
2025-03-06 19:00:00,7.2,,45.0,,보통,53.0
2025-03-06 20:00:00,6.3,,43.0,,보통,60.0
2025-03-06 21:00:00,5.6,,44.0,,보통,58.0
2025-03-06 22:00:00,4.8,,46.0,,보통,59.0
2025-03-06 23:00:00,3.8,,49.0,,보통,63.0
2025-03-07 00:00:00,3.2,,52.0,,보통,66.0
2025-03-07 01:00:00,2.3,,56.0,,보통,66.0
2025-03-07 02:00:00,1.7,,57.0,,보통,64.0
2025-03-07 03:00:00,1.2,,60.0,,보통,64.0
2025-03-07 04:00:00,0.9,,62.0,,보통,63.0
2025-03-07 05:00:00,0.6,,64.0,,보통,65.0
2025-03-07 06:00:00,0.4,,62.0,,보통,69.0
2025-03-07 07:00:00,0.1,,65.0,,보통,74.0
2025-03-07 08:00:00,0.4,,67.0,,보통,72.0
2025-03-07 09:00:00,3.0,,64.0,,보통,77.0
2025-03-07 10:00:00,5.1,,60.0,,나쁨,85.0
2025-03-07 11:00:00,7.4,,46.0,,나쁨,95.0
2025-03-07 12:00:00,8.8,,41.0,,나쁨,100.0
2025-03-07 13:00:00,10.0,,36.0,,나쁨,95.0
2025-03-07 14:00:00,10.4,,35.0,,보통,76.0
2025-03-07 15:00:00,10.7,,34.0,,보통,76.0
2025-03-07 16:00:00,11.1,,34.0,,나쁨,84.0
2025-03-07 17:00:00,9.4,,35.0,,보통,78.0
2025-03-07 18:00:00,8.1,,39.0,,보통,65.0
2025-03-07 19:00:00,6.9,,42.0,,보통,62.0
2025-03-07 20:00:00,6.3,,47.0,,보통,74.0
2025-03-07 21:00:00,5.6,,41.0,,나쁨,87.0
2025-03-07 22:00:00,5.0,,48.0,,보통,80.0
2025-03-07 23:00:00,4.7,,52.0,,보통,79.0
2025-03-08 00:00:00,4.4,,53.0,,나쁨,81.0
2025-03-08 01:00:00,4.4,,53.0,,나쁨,84.0
2025-03-08 02:00:00,4.3,,53.0,,나쁨,87.0
2025-03-08 03:00:00,4.2,,58.0,,나쁨,83.0
2025-03-08 04:00:00,3.6,,60.0,,나쁨,85.0
2025-03-08 05:00:00,3.5,,62.0,,나쁨,82.0
2025-03-08 06:00:00,3.3,,62.0,,나쁨,81.0
2025-03-08 07:00:00,3.1,,65.0,,나쁨,81.0
2025-03-08 08:00:00,2.8,,67.0,,나쁨,83.0
2025-03-08 09:00:00,3.9,,64.0,,나쁨,86.0
2025-03-08 10:00:00,5.9,,45.0,,나쁨,81.0
2025-03-08 11:00:00,7.0,,36.0,,보통,70.0
2025-03-08 12:00:00,8.7,,31.0,,보통,53.0
2025-03-08 13:00:00,10.3,,28.0,,보통,50.0
2025-03-08 14:00:00,10.9,,29.0,,보통,44.0
2025-03-08 15:00:00,10.7,,23.0,,보통,54.0
2025-03-08 16:00:00,10.1,,30.0,,보통,49.0
2025-03-08 17:00:00,9.0,,38.0,,보통,42.0
2025-03-08 18:00:00,7.2,,50.0,,보통,43.0
2025-03-08 19:00:00,6.2,,57.0,,보통,44.0
2025-03-08 20:00:00,5.6,,66.0,,보통,42.0
2025-03-08 21:00:00,4.9,,70.0,,보통,42.0
2025-03-08 22:00:00,4.4,,76.0,,보통,50.0
2025-03-08 23:00:00,4.0,,79.0,,보통,50.0
2025-03-09 00:00:00,3.7,,82.0,,보통,49.0
2025-03-09 01:00:00,3.2,,83.0,,보통,53.0
2025-03-09 02:00:00,2.9,,86.0,,보통,53.0
2025-03-09 03:00:00,2.6,,87.0,,보통,55.0
2025-03-09 04:00:00,2.4,,89.0,,보통,51.0
2025-03-09 05:00:00,2.1,,88.0,,보통,50.0
2025-03-09 06:00:00,1.7,,89.0,,보통,48.0
2025-03-09 07:00:00,1.3,,87.0,,보통,50.0
2025-03-09 08:00:00,1.4,,88.0,,보통,49.0
2025-03-09 09:00:00,3.7,,82.0,,보통,52.0
2025-03-09 10:00:00,6.4,,73.0,,보통,61.0
2025-03-09 11:00:00,8.2,,59.0,,보통,68.0
2025-03-09 12:00:00,10.5,,52.0,,보통,80.0
2025-03-09 13:00:00,12.1,,49.0,,나쁨,82.0
2025-03-09 14:00:00,12.8,,41.0,,보통,68.0
2025-03-09 15:00:00,13.4,,37.0,,보통,60.0
2025-03-09 16:00:00,13.2,,35.0,,보통,60.0
2025-03-09 17:00:00,13.3,,36.0,,보통,65.0
2025-03-09 18:00:00,11.4,,50.0,,보통,67.0
2025-03-09 19:00:00,9.5,,60.0,,보통,64.0
2025-03-09 20:00:00,7.8,,64.0,,보통,73.0
2025-03-09 21:00:00,7.1,,66.0,,보통,76.0
2025-03-09 22:00:00,6.2,,70.0,,보통,80.0
2025-03-09 23:00:00,5.6,,72.0,,나쁨,84.0
2025-03-10 00:00:00,5.0,,75.0,,나쁨,82.0
2025-03-10 01:00:00,4.6,,77.0,,보통,77.0
2025-03-10 02:00:00,4.0,,76.0,,나쁨,82.0
2025-03-10 03:00:00,3.6,,76.0,,보통,77.0
2025-03-10 04:00:00,3.2,,78.0,,나쁨,83.0
2025-03-10 05:00:00,2.7,,81.0,,나쁨,85.0
2025-03-10 06:00:00,2.4,,83.0,,나쁨,89.0
2025-03-10 07:00:00,2.4,,83.0,,나쁨,91.0
2025-03-10 08:00:00,2.8,,84.0,,나쁨,92.0
2025-03-10 09:00:00,5.3,,77.0,,나쁨,95.0
2025-03-10 10:00:00,8.2,,64.0,,나쁨,107.0
2025-03-10 11:00:00,10.8,,52.0,,나쁨,124.0
2025-03-10 12:00:00,12.9,,46.0,,나쁨,124.0
2025-03-10 13:00:00,13.8,,42.0,,나쁨,100.0
2025-03-10 14:00:00,14.3,,33.0,,보통,76.0
2025-03-10 15:00:00,14.8,,33.0,,보통,69.0
2025-03-10 16:00:00,14.1,,34.0,,보통,61.0
2025-03-10 17:00:00,13.2,,35.0,,보통,63.0
2025-03-10 18:00:00,11.9,,37.0,,보통,64.0
2025-03-10 19:00:00,10.1,,46.0,,보통,66.0
2025-03-10 20:00:00,8.7,,56.0,,보통,60.0
2025-03-10 21:00:00,7.6,,60.0,,보통,60.0
2025-03-10 22:00:00,6.9,,61.0,,보통,63.0
2025-03-10 23:00:00,5.9,,62.0,,보통,62.0
2025-03-11 00:00:00,5.4,,66.0,,보통,68.0
2025-03-11 01:00:00,4.9,,69.0,,보통,69.0
2025-03-11 02:00:00,4.6,,71.0,,보통,69.0
2025-03-11 03:00:00,4.1,,73.0,,보통,67.0
2025-03-11 04:00:00,3.8,,73.0,,보통,68.0
2025-03-11 05:00:00,3.5,,74.0,,보통,70.0
2025-03-11 06:00:00,3.4,,75.0,,보통,72.0
2025-03-11 07:00:00,2.9,,77.0,,보통,74.0
2025-03-11 08:00:00,3.8,,75.0,,나쁨,83.0
2025-03-11 09:00:00,6.3,,65.0,,나쁨,91.0
2025-03-11 10:00:00,8.8,,58.0,,나쁨,107.0
2025-03-11 11:00:00,11.2,,48.0,,나쁨,116.0
2025-03-11 12:00:00,13.4,,45.0,,나쁨,88.0
2025-03-11 13:00:00,14.6,,42.0,,보통,53.0
2025-03-11 14:00:00,15.6,,40.0,,보통,53.0
2025-03-11 15:00:00,16.4,,36.0,,보통,50.0
2025-03-11 16:00:00,16.2,,36.0,,보통,52.0
2025-03-11 17:00:00,15.4,,36.0,,보통,53.0
2025-03-11 18:00:00,13.9,,47.0,,보통,71.0
2025-03-11 19:00:00,12.0,,54.0,,보통,69.0
2025-03-11 20:00:00,10.6,,56.0,,보통,52.0
2025-03-11 21:00:00,9.6,,59.0,,보통,45.0
2025-03-11 22:00:00,9.1,,60.0,,보통,40.0
2025-03-11 23:00:00,8.9,,63.0,,보통,32.0
2025-03-12 00:00:00,8.1,,64.0,,보통,40.0
2025-03-12 01:00:00,7.7,,69.0,,보통,45.0
2025-03-12 02:00:00,7.6,,70.0,,보통,48.0
2025-03-12 03:00:00,7.1,,70.0,,보통,53.0
2025-03-12 04:00:00,7.0,,69.0,,보통,55.0
2025-03-12 05:00:00,6.9,,69.0,,보통,45.0
2025-03-12 06:00:00,6.7,,69.0,,보통,34.0
2025-03-12 07:00:00,7.0,,70.0,,보통,46.0
2025-03-12 08:00:00,7.4,,70.0,,보통,58.0
2025-03-12 09:00:00,8.6,,66.0,,보통,61.0
2025-03-12 10:00:00,9.5,,62.0,,보통,69.0
2025-03-12 11:00:00,10.5,,56.0,,보통,65.0
2025-03-12 12:00:00,11.4,,52.0,,보통,70.0
2025-03-12 13:00:00,11.5,,56.0,,보통,62.0
2025-03-12 14:00:00,11.6,,55.0,,보통,49.0
2025-03-12 15:00:00,11.0,,59.0,,보통,42.0
2025-03-12 16:00:00,10.2,,75.0,,보통,52.0
2025-03-12 17:00:00,9.3,,86.0,,보통,45.0
2025-03-12 18:00:00,8.7,0.0,88.0,,보통,32.0
2025-03-12 19:00:00,8.4,,89.0,,좋음,30.0
2025-03-12 20:00:00,8.1,,88.0,,보통,34.0
2025-03-12 21:00:00,7.9,,88.0,,보통,50.0
2025-03-12 22:00:00,7.9,,89.0,,보통,59.0
2025-03-12 23:00:00,7.6,,87.0,,보통,63.0
2025-03-13 00:00:00,6.7,,86.0,,보통,68.0
2025-03-13 01:00:00,5.9,,89.0,,보통,76.0
2025-03-13 02:00:00,5.5,,92.0,,보통,79.0
2025-03-13 03:00:00,5.0,,89.0,,나쁨,81.0
2025-03-13 04:00:00,4.4,,92.0,,보통,75.0
2025-03-13 05:00:00,4.0,,92.0,,보통,78.0
2025-03-13 06:00:00,3.4,,92.0,,나쁨,84.0
2025-03-13 07:00:00,3.3,,93.0,,나쁨,82.0
2025-03-13 08:00:00,3.5,,95.0,,보통,76.0
2025-03-13 09:00:00,5.7,,93.0,,보통,70.0
2025-03-13 10:00:00,7.7,,73.0,,보통,67.0
2025-03-13 11:00:00,9.4,,45.0,,나쁨,88.0
2025-03-13 12:00:00,10.9,,34.0,,나쁨,124.0
2025-03-13 13:00:00,12.5,,27.0,,나쁨,119.0
2025-03-13 14:00:00,14.0,,25.0,,나쁨,102.0
2025-03-13 15:00:00,14.8,,23.0,,나쁨,92.0
2025-03-13 16:00:00,14.6,,24.0,,나쁨,89.0
2025-03-13 17:00:00,14.9,,24.0,,나쁨,86.0
2025-03-13 18:00:00,13.9,,26.0,,나쁨,83.0
2025-03-13 19:00:00,11.8,,32.0,,나쁨,82.0
2025-03-13 20:00:00,10.4,,34.0,,나쁨,94.0
2025-03-13 21:00:00,9.5,,36.0,,나쁨,102.0
2025-03-13 22:00:00,8.8,,39.0,,나쁨,99.0
2025-03-13 23:00:00,8.1,,43.0,,나쁨,93.0
2025-03-14 00:00:00,8.0,,44.0,,나쁨,86.0
2025-03-14 01:00:00,7.5,,44.0,,보통,76.0
2025-03-14 02:00:00,7.0,,44.0,,보통,72.0
2025-03-14 03:00:00,6.1,,46.0,,보통,72.0
2025-03-14 04:00:00,5.8,,44.0,,보통,69.0
2025-03-14 05:00:00,5.6,,48.0,,보통,66.0
2025-03-14 06:00:00,5.1,,46.0,,보통,68.0
2025-03-14 07:00:00,5.1,,51.0,,보통,68.0
2025-03-14 08:00:00,5.9,,45.0,,보통,66.0
2025-03-14 09:00:00,8.9,,36.0,,보통,71.0
2025-03-14 10:00:00,12.8,,27.0,,보통,74.0
2025-03-14 11:00:00,15.1,,22.0,,보통,70.0
2025-03-14 12:00:00,16.5,,21.0,,보통,63.0
2025-03-14 13:00:00,17.7,,20.0,,보통,64.0
2025-03-14 14:00:00,19.1,,18.0,,보통,63.0
2025-03-14 15:00:00,19.7,,18.0,,보통,60.0
2025-03-14 16:00:00,19.7,,18.0,,보통,75.0
2025-03-14 17:00:00,18.9,,19.0,,보통,71.0
2025-03-14 18:00:00,17.0,,23.0,,보통,69.0
2025-03-14 19:00:00,15.6,,26.0,,보통,67.0
2025-03-14 20:00:00,14.6,,28.0,,보통,65.0
2025-03-14 21:00:00,13.8,,30.0,,보통,64.0
2025-03-14 22:00:00,12.8,,31.0,,보통,69.0
2025-03-14 23:00:00,12.1,,33.0,,보통,72.0
2025-03-15 00:00:00,12.1,,31.0,,보통,77.0
2025-03-15 01:00:00,12.0,,33.0,,보통,72.0
2025-03-15 02:00:00,11.9,,36.0,,보통,58.0
2025-03-15 03:00:00,11.5,,37.0,,보통,51.0
2025-03-15 04:00:00,11.2,,44.0,,보통,46.0
2025-03-15 05:00:00,10.7,,47.0,,보통,40.0
2025-03-15 06:00:00,10.3,,47.0,,보통,35.0
2025-03-15 07:00:00,10.1,,47.0,,보통,37.0
2025-03-15 08:00:00,10.1,,47.0,,보통,37.0
2025-03-15 09:00:00,10.6,,42.0,,보통,36.0
2025-03-15 10:00:00,11.8,,39.0,,보통,40.0
2025-03-15 11:00:00,12.9,,32.0,,보통,37.0
2025-03-15 12:00:00,14.9,,27.0,,보통,34.0
2025-03-15 13:00:00,15.3,,27.0,,보통,32.0
2025-03-15 14:00:00,16.2,,26.0,,보통,32.0
2025-03-15 15:00:00,17.1,,25.0,,보통,32.0
2025-03-15 16:00:00,16.6,,24.0,,보통,33.0
2025-03-15 17:00:00,16.6,,24.0,,보통,37.0
2025-03-15 18:00:00,15.1,,26.0,,보통,38.0
2025-03-15 19:00:00,13.1,,42.0,,보통,43.0
2025-03-15 20:00:00,12.0,,49.0,,보통,47.0
2025-03-15 21:00:00,11.4,,51.0,,보통,45.0
2025-03-15 22:00:00,11.2,,52.0,,보통,42.0
2025-03-15 23:00:00,10.9,,54.0,,보통,44.0
2025-03-16 00:00:00,10.1,0.0,58.0,,보통,41.0
2025-03-16 01:00:00,9.8,,53.0,,보통,32.0
2025-03-16 02:00:00,9.4,,53.0,,좋음,25.0
2025-03-16 03:00:00,9.1,0.0,56.0,,좋음,19.0
2025-03-16 04:00:00,8.0,,65.0,,좋음,18.0
2025-03-16 05:00:00,7.1,,76.0,,보통,34.0
2025-03-16 06:00:00,7.0,0.5,75.0,,보통,49.0
2025-03-16 07:00:00,6.6,,83.0,,보통,55.0
2025-03-16 08:00:00,6.0,,83.0,,보통,51.0
2025-03-16 09:00:00,5.0,0.1,86.0,,좋음,28.0
2025-03-16 10:00:00,4.7,,88.0,,보통,33.0
2025-03-16 11:00:00,4.3,,81.0,,보통,36.0
2025-03-16 12:00:00,4.3,0.2,73.0,,보통,39.0
2025-03-16 13:00:00,5.0,,61.0,,보통,41.0
2025-03-16 14:00:00,5.6,,49.0,,보통,47.0
2025-03-16 15:00:00,6.2,,38.0,,보통,52.0
2025-03-16 16:00:00,5.9,,35.0,,보통,60.0
2025-03-16 17:00:00,5.3,,29.0,,보통,56.0
2025-03-16 18:00:00,4.1,,32.0,,보통,50.0
2025-03-16 19:00:00,2.8,,36.0,,보통,49.0
2025-03-16 20:00:00,2.4,,40.0,,보통,49.0
2025-03-16 21:00:00,2.0,,42.0,,보통,49.0
2025-03-16 22:00:00,2.0,,43.0,,보통,48.0
2025-03-16 23:00:00,1.6,,45.0,,보통,45.0
2025-03-17 00:00:00,1.3,,48.0,,보통,48.0
2025-03-17 01:00:00,1.1,,46.0,,보통,47.0
2025-03-17 02:00:00,0.5,,46.0,,보통,42.0
2025-03-17 03:00:00,-0.4,,47.0,,보통,32.0
2025-03-17 04:00:00,-0.3,,48.0,,보통,33.0
2025-03-17 05:00:00,-0.7,,51.0,,보통,38.0
2025-03-17 06:00:00,-0.9,,51.0,,보통,42.0
2025-03-17 07:00:00,-1.3,,48.0,,보통,38.0
2025-03-17 08:00:00,-0.5,,45.0,,보통,37.0
2025-03-17 09:00:00,0.6,,41.0,,보통,41.0
2025-03-17 10:00:00,2.1,,36.0,,보통,42.0
2025-03-17 11:00:00,3.1,,31.0,,보통,41.0
2025-03-17 12:00:00,4.8,,25.0,,보통,39.0
2025-03-17 13:00:00,5.8,,27.0,,보통,41.0
2025-03-17 14:00:00,6.4,,27.0,,보통,40.0
2025-03-17 15:00:00,6.6,,30.0,,보통,38.0
2025-03-17 16:00:00,6.0,,32.0,,보통,40.0
2025-03-17 17:00:00,5.1,,33.0,,보통,44.0
2025-03-17 18:00:00,4.2,,36.0,,보통,45.0
2025-03-17 19:00:00,3.8,,36.0,,보통,46.0
2025-03-17 20:00:00,3.7,,45.0,,보통,45.0
2025-03-17 21:00:00,3.6,0.0,52.0,,보통,39.0
2025-03-17 22:00:00,3.8,,48.0,,보통,39.0
2025-03-17 23:00:00,3.9,,48.0,,보통,37.0
2025-03-18 00:00:00,1.6,0.4,86.0,0.3,보통,38.0
2025-03-18 01:00:00,1.1,,91.0,3.5,좋음,29.0
2025-03-18 02:00:00,0.9,,92.0,4.7,좋음,24.0
2025-03-18 03:00:00,0.8,4.3,93.0,5.2,좋음,21.0
2025-03-18 04:00:00,0.9,,92.0,5.2,좋음,22.0
2025-03-18 05:00:00,0.6,,92.0,6.7,좋음,23.0
2025-03-18 06:00:00,0.5,2.1,92.0,6.2,좋음,21.0
2025-03-18 07:00:00,0.4,,94.0,6.8,좋음,26.0
2025-03-18 08:00:00,0.4,,94.0,8.9,좋음,27.0
2025-03-18 09:00:00,1.0,3.5,86.0,8.7,좋음,26.0
2025-03-18 10:00:00,2.8,,78.0,8.2,좋음,25.0
2025-03-18 11:00:00,2.5,,74.0,6.2,,
2025-03-18 12:00:00,2.4,0.0,79.0,4.7,,
2025-03-18 13:00:00,3.0,,74.0,3.2,보통,31.0
2025-03-18 14:00:00,4.2,,62.0,1.7,보통,32.0
2025-03-18 15:00:00,5.1,0.0,55.0,1.2,보통,31.0
2025-03-18 16:00:00,5.1,,50.0,,좋음,30.0
2025-03-18 17:00:00,4.9,,51.0,,보통,34.0
2025-03-18 18:00:00,4.2,,55.0,,보통,39.0
2025-03-18 19:00:00,3.5,,64.0,,보통,56.0
2025-03-18 20:00:00,2.6,,53.0,,보통,62.0
2025-03-18 21:00:00,1.9,0.0,52.0,,보통,66.0
2025-03-18 22:00:00,1.5,,51.0,,보통,67.0
2025-03-18 23:00:00,1.1,,51.0,,보통,67.0
2025-03-19 00:00:00,0.7,,53.0,,보통,58.0
2025-03-19 01:00:00,0.1,,54.0,,보통,51.0
2025-03-19 02:00:00,-0.6,,56.0,,보통,47.0
2025-03-19 03:00:00,-1.1,,60.0,,보통,46.0
2025-03-19 04:00:00,-0.9,,63.0,,보통,46.0
2025-03-19 05:00:00,-1.6,,66.0,,보통,46.0
2025-03-19 06:00:00,-1.8,,68.0,,보통,47.0
2025-03-19 07:00:00,-1.8,,65.0,,보통,48.0
2025-03-19 08:00:00,-0.8,,62.0,,보통,48.0
2025-03-19 09:00:00,0.8,,47.0,,보통,50.0
2025-03-19 10:00:00,2.3,,44.0,,보통,50.0
2025-03-19 11:00:00,3.8,,34.0,,보통,60.0
2025-03-19 12:00:00,4.5,,26.0,,보통,47.0
2025-03-19 13:00:00,5.4,,29.0,,보통,46.0
2025-03-19 14:00:00,6.7,,30.0,,보통,44.0
2025-03-19 15:00:00,7.2,,30.0,,보통,48.0
2025-03-19 16:00:00,6.9,,30.0,,보통,46.0
2025-03-19 17:00:00,6.9,,32.0,,보통,43.0
2025-03-19 18:00:00,5.2,,39.0,,보통,46.0
2025-03-19 19:00:00,3.5,,52.0,,보통,50.0
2025-03-19 20:00:00,2.9,,56.0,,보통,53.0
2025-03-19 21:00:00,2.3,,60.0,,보통,50.0
2025-03-19 22:00:00,2.0,,63.0,,보통,49.0
2025-03-19 23:00:00,1.8,,63.0,,보통,50.0
2025-03-20 00:00:00,2.2,,66.0,,보통,52.0
2025-03-20 01:00:00,2.5,,67.0,,보통,47.0
2025-03-20 02:00:00,2.9,,66.0,,보통,46.0
2025-03-20 03:00:00,3.2,,65.0,,보통,43.0
2025-03-20 04:00:00,3.2,,65.0,,보통,44.0
2025-03-20 05:00:00,3.3,,66.0,,보통,48.0
2025-03-20 06:00:00,3.3,,66.0,,보통,46.0
2025-03-20 07:00:00,2.8,,67.0,,보통,42.0
2025-03-20 08:00:00,3.2,,69.0,,보통,44.0
2025-03-20 09:00:00,4.8,,66.0,,보통,43.0
2025-03-20 10:00:00,6.0,,63.0,,보통,46.0
2025-03-20 11:00:00,7.6,,63.0,,보통,49.0
2025-03-20 12:00:00,10.0,,60.0,,보통,57.0
2025-03-20 13:00:00,12.2,,52.0,,보통,66.0
2025-03-20 14:00:00,13.9,,46.0,,보통,65.0
2025-03-20 15:00:00,14.7,,45.0,,보통,57.0
2025-03-20 16:00:00,14.4,,42.0,,보통,60.0
2025-03-20 17:00:00,13.8,,43.0,,보통,61.0
2025-03-20 18:00:00,11.9,,52.0,,보통,69.0
2025-03-20 19:00:00,10.6,,60.0,,보통,77.0
2025-03-20 20:00:00,9.9,,65.0,,나쁨,81.0
2025-03-20 21:00:00,9.2,,70.0,,나쁨,85.0
2025-03-20 22:00:00,8.7,,73.0,,나쁨,89.0
2025-03-20 23:00:00,8.3,,76.0,,나쁨,85.0
2025-03-21 00:00:00,8.1,,78.0,,나쁨,81.0
2025-03-21 01:00:00,8.0,,79.0,,보통,76.0
2025-03-21 02:00:00,7.9,,81.0,,보통,73.0
2025-03-21 03:00:00,7.9,,81.0,,보통,70.0
2025-03-21 04:00:00,7.9,,83.0,,보통,77.0
2025-03-21 05:00:00,8.0,,84.0,,나쁨,83.0
2025-03-21 06:00:00,8.1,,83.0,,나쁨,92.0
2025-03-21 07:00:00,8.1,,82.0,,나쁨,98.0
2025-03-21 08:00:00,8.4,,82.0,,나쁨,97.0
2025-03-21 09:00:00,9.2,,78.0,,나쁨,93.0
2025-03-21 10:00:00,11.4,,67.0,,나쁨,94.0
2025-03-21 11:00:00,13.4,,58.0,,나쁨,95.0
2025-03-21 12:00:00,15.0,,52.0,,나쁨,102.0
2025-03-21 13:00:00,16.8,,45.0,,나쁨,104.0
2025-03-21 14:00:00,18.1,,39.0,,나쁨,88.0
2025-03-21 15:00:00,18.3,,37.0,,나쁨,81.0
2025-03-21 16:00:00,18.3,,34.0,,나쁨,82.0
2025-03-21 17:00:00,17.2,,36.0,,보통,80.0
2025-03-21 18:00:00,15.1,,38.0,,보통,78.0
2025-03-21 19:00:00,12.9,,46.0,,보통,76.0
2025-03-21 20:00:00,11.5,,51.0,,보통,69.0
2025-03-21 21:00:00,10.7,,55.0,,보통,68.0
2025-03-21 22:00:00,9.5,,66.0,,보통,70.0
2025-03-21 23:00:00,8.9,,68.0,,보통,68.0
2025-03-22 00:00:00,8.6,,66.0,,보통,69.0
2025-03-22 01:00:00,8.4,,66.0,,보통,69.0
2025-03-22 02:00:00,8.5,,68.0,,보통,71.0
2025-03-22 03:00:00,8.0,,68.0,,보통,76.0
2025-03-22 04:00:00,7.5,,72.0,,나쁨,81.0
2025-03-22 05:00:00,6.9,,73.0,,보통,80.0
2025-03-22 06:00:00,6.3,,75.0,,나쁨,83.0
2025-03-22 07:00:00,6.2,,76.0,,나쁨,84.0
2025-03-22 08:00:00,7.6,,73.0,,나쁨,88.0
2025-03-22 09:00:00,10.3,,65.0,,나쁨,90.0
2025-03-22 10:00:00,13.3,,56.0,,나쁨,102.0
2025-03-22 11:00:00,15.7,,49.0,,나쁨,116.0
2025-03-22 12:00:00,17.6,,43.0,,나쁨,114.0
2025-03-22 13:00:00,18.9,,36.0,,나쁨,99.0
2025-03-22 14:00:00,19.4,,34.0,,나쁨,88.0
2025-03-22 15:00:00,19.6,,32.0,,나쁨,87.0
2025-03-22 16:00:00,19.5,,27.0,,나쁨,88.0
2025-03-22 17:00:00,19.1,,32.0,,보통,80.0
2025-03-22 18:00:00,17.0,,36.0,,보통,73.0
2025-03-22 19:00:00,14.9,,41.0,,보통,74.0
2025-03-22 20:00:00,13.4,,47.0,,보통,77.0
2025-03-22 21:00:00,12.7,,50.0,,나쁨,82.0
2025-03-22 22:00:00,12.0,,54.0,,나쁨,85.0
2025-03-22 23:00:00,11.4,,58.0,,나쁨,83.0
2025-03-23 00:00:00,10.9,,61.0,,나쁨,86.0
2025-03-23 01:00:00,10.4,,64.0,,보통,80.0
2025-03-23 02:00:00,9.7,,67.0,,보통,75.0
2025-03-23 03:00:00,9.1,,70.0,,보통,75.0
2025-03-23 04:00:00,8.2,,72.0,,나쁨,81.0
2025-03-23 05:00:00,7.9,,74.0,,나쁨,85.0
2025-03-23 06:00:00,7.2,,75.0,,나쁨,89.0
2025-03-23 07:00:00,7.4,,75.0,,나쁨,88.0
2025-03-23 08:00:00,9.0,,70.0,,나쁨,88.0
2025-03-23 09:00:00,12.1,,58.0,,나쁨,88.0
2025-03-23 10:00:00,14.6,,49.0,,나쁨,96.0
2025-03-23 11:00:00,16.9,,43.0,,나쁨,102.0
2025-03-23 12:00:00,19.3,,38.0,,나쁨,103.0
2025-03-23 13:00:00,21.6,,28.0,,나쁨,102.0
2025-03-23 14:00:00,23.3,,26.0,,나쁨,104.0
2025-03-23 15:00:00,23.8,,26.0,,나쁨,106.0
2025-03-23 16:00:00,23.0,,29.0,,나쁨,108.0
2025-03-23 17:00:00,21.5,,27.0,,나쁨,88.0
2025-03-23 18:00:00,20.0,,37.0,,나쁨,89.0
2025-03-23 19:00:00,18.0,,43.0,,나쁨,90.0
2025-03-23 20:00:00,16.7,,47.0,,나쁨,94.0
2025-03-23 21:00:00,15.8,,44.0,,나쁨,94.0
2025-03-23 22:00:00,15.1,,45.0,,나쁨,102.0
2025-03-23 23:00:00,14.6,,45.0,,나쁨,106.0
2025-03-24 00:00:00,14.4,,44.0,,나쁨,107.0
2025-03-24 01:00:00,14.0,,46.0,,나쁨,106.0
2025-03-24 02:00:00,13.8,,42.0,,나쁨,104.0
2025-03-24 03:00:00,13.6,,43.0,,나쁨,103.0
2025-03-24 04:00:00,13.2,,44.0,,나쁨,100.0
2025-03-24 05:00:00,12.6,,45.0,,나쁨,96.0
2025-03-24 06:00:00,14.2,,40.0,,나쁨,98.0
2025-03-24 07:00:00,14.1,,45.0,,나쁨,101.0
2025-03-24 08:00:00,14.4,,50.0,,나쁨,105.0
2025-03-24 09:00:00,15.3,0.0,54.0,,나쁨,98.0
2025-03-24 10:00:00,16.5,,52.0,,나쁨,85.0
2025-03-24 11:00:00,18.1,,50.0,,보통,78.0
2025-03-24 12:00:00,18.8,,48.0,,보통,78.0
2025-03-24 13:00:00,20.5,,46.0,,나쁨,83.0
2025-03-24 14:00:00,21.3,,44.0,,나쁨,96.0
2025-03-24 15:00:00,20.0,,49.0,,나쁨,93.0
2025-03-24 16:00:00,19.3,,48.0,,나쁨,99.0
2025-03-24 17:00:00,17.9,,53.0,,나쁨,98.0
2025-03-24 18:00:00,16.5,,60.0,,나쁨,96.0
2025-03-24 19:00:00,15.7,,64.0,,나쁨,93.0
2025-03-24 20:00:00,14.8,,68.0,,나쁨,99.0
2025-03-24 21:00:00,13.5,,74.0,,나쁨,96.0
2025-03-24 22:00:00,12.6,,77.0,,나쁨,92.0
2025-03-24 23:00:00,11.9,,81.0,,나쁨,101.0
2025-03-25 00:00:00,11.7,,81.0,,나쁨,98.0
2025-03-25 01:00:00,11.5,,80.0,,나쁨,108.0
2025-03-25 02:00:00,11.1,,79.0,,나쁨,112.0
2025-03-25 03:00:00,10.7,,82.0,,나쁨,112.0
2025-03-25 04:00:00,10.9,,78.0,,나쁨,128.0
2025-03-25 05:00:00,10.8,,77.0,,나쁨,133.0
2025-03-25 06:00:00,10.8,,77.0,,나쁨,145.0
2025-03-25 07:00:00,10.4,,78.0,,나쁨,148.0
2025-03-25 08:00:00,10.9,,77.0,,나쁨,142.0
2025-03-25 09:00:00,12.4,,71.0,,나쁨,150.0
2025-03-25 10:00:00,13.6,,67.0,,매우나쁨,156.0
2025-03-25 11:00:00,15.6,,58.0,,매우나쁨,166.0
2025-03-25 12:00:00,17.8,,44.0,,매우나쁨,179.0
2025-03-25 13:00:00,18.9,,40.0,,매우나쁨,184.0
2025-03-25 14:00:00,21.4,,33.0,,매우나쁨,197.0
2025-03-25 15:00:00,18.5,,47.0,,매우나쁨,277.0
2025-03-25 16:00:00,15.8,,54.0,,매우나쁨,260.0
2025-03-25 17:00:00,13.8,,55.0,,매우나쁨,187.0
2025-03-25 18:00:00,13.3,,54.0,,매우나쁨,171.0
2025-03-25 19:00:00,11.7,,56.0,,나쁨,137.0
2025-03-25 20:00:00,10.4,,59.0,,나쁨,112.0
2025-03-25 21:00:00,9.8,,62.0,,나쁨,106.0
2025-03-25 22:00:00,9.2,,66.0,,나쁨,113.0
2025-03-25 23:00:00,8.8,,68.0,,나쁨,117.0
2025-03-26 00:00:00,8.4,,71.0,,나쁨,121.0
2025-03-26 01:00:00,8.1,,73.0,,나쁨,122.0
2025-03-26 02:00:00,7.9,,72.0,,나쁨,121.0
2025-03-26 03:00:00,7.4,,74.0,,나쁨,121.0
2025-03-26 04:00:00,6.9,,76.0,,나쁨,120.0
2025-03-26 05:00:00,6.2,,78.0,,나쁨,128.0
2025-03-26 06:00:00,6.1,,80.0,,나쁨,120.0
2025-03-26 07:00:00,6.3,,79.0,,나쁨,119.0
2025-03-26 08:00:00,7.9,,74.0,,나쁨,122.0
2025-03-26 09:00:00,10.3,,63.0,,나쁨,128.0
2025-03-26 10:00:00,12.7,,51.0,,나쁨,143.0
2025-03-26 11:00:00,15.4,,42.0,,나쁨,138.0
2025-03-26 12:00:00,17.4,,36.0,,나쁨,129.0
2025-03-26 13:00:00,19.4,,30.0,,나쁨,120.0
2025-03-26 14:00:00,21.4,,26.0,,나쁨,108.0
2025-03-26 15:00:00,22.4,,24.0,,나쁨,99.0
2025-03-26 16:00:00,23.5,,22.0,,나쁨,94.0
2025-03-26 17:00:00,23.6,,21.0,,나쁨,99.0
2025-03-26 18:00:00,22.9,,22.0,,나쁨,90.0
2025-03-26 19:00:00,21.4,,23.0,,나쁨,92.0
2025-03-26 20:00:00,19.6,,28.0,,나쁨,90.0
2025-03-26 21:00:00,18.8,,29.0,,나쁨,106.0
2025-03-26 22:00:00,17.9,,31.0,,나쁨,123.0
2025-03-26 23:00:00,18.3,,35.0,,나쁨,113.0
2025-03-27 00:00:00,18.5,,43.0,,나쁨,104.0
2025-03-27 01:00:00,18.4,,51.0,,나쁨,94.0
2025-03-27 02:00:00,18.4,,58.0,,보통,77.0
2025-03-27 03:00:00,17.4,,60.0,,보통,76.0
2025-03-27 04:00:00,16.6,,65.0,,보통,57.0
2025-03-27 05:00:00,16.3,,67.0,,보통,50.0
2025-03-27 06:00:00,15.9,,71.0,,보통,45.0
2025-03-27 07:00:00,13.7,,86.0,,보통,56.0
2025-03-27 08:00:00,13.1,,89.0,,보통,46.0
2025-03-27 09:00:00,13.2,0.2,89.0,,좋음,30.0
2025-03-27 10:00:00,13.6,,89.0,,좋음,30.0
2025-03-27 11:00:00,14.3,,84.0,,보통,34.0
2025-03-27 12:00:00,14.2,0.0,85.0,,좋음,22.0
2025-03-27 13:00:00,14.8,,78.0,,좋음,21.0
2025-03-27 14:00:00,16.4,,69.0,,보통,34.0
2025-03-27 15:00:00,17.6,,57.0,,보통,77.0
2025-03-27 16:00:00,17.9,,42.0,,나쁨,116.0
2025-03-27 17:00:00,16.5,,31.0,,매우나쁨,159.0
2025-03-27 18:00:00,13.6,,40.0,,매우나쁨,166.0
2025-03-27 19:00:00,12.4,,41.0,,나쁨,95.0
2025-03-27 20:00:00,11.3,,46.0,,보통,65.0
2025-03-27 21:00:00,10.3,0.0,51.0,,보통,59.0
2025-03-27 22:00:00,8.3,,71.0,,보통,65.0
2025-03-27 23:00:00,7.4,,72.0,,보통,52.0
2025-03-28 00:00:00,7.1,0.1,68.0,,보통,58.0
2025-03-28 01:00:00,6.7,,64.0,,보통,71.0
2025-03-28 02:00:00,6.2,,64.0,,보통,73.0
2025-03-28 03:00:00,5.5,,61.0,,보통,69.0
2025-03-28 04:00:00,4.7,,61.0,,보통,62.0
2025-03-28 05:00:00,4.2,,60.0,,보통,48.0
2025-03-28 06:00:00,3.8,,60.0,,보통,42.0
2025-03-28 07:00:00,3.7,,58.0,,보통,42.0
2025-03-28 08:00:00,4.1,,57.0,,보통,39.0
2025-03-28 09:00:00,4.5,,58.0,,보통,39.0
2025-03-28 10:00:00,5.9,,54.0,,보통,41.0
2025-03-28 11:00:00,8.2,,45.0,,보통,40.0
2025-03-28 12:00:00,9.5,,43.0,,,
2025-03-28 13:00:00,11.0,,27.0,,,
2025-03-28 14:00:00,11.4,,22.0,,보통,36.0
2025-03-28 15:00:00,11.4,,20.0,,보통,38.0
2025-03-28 16:00:00,11.2,,18.0,,보통,47.0
2025-03-28 17:00:00,10.5,,21.0,,보통,40.0
2025-03-28 18:00:00,9.3,,19.0,,보통,36.0
2025-03-28 19:00:00,7.7,,22.0,,보통,32.0
2025-03-28 20:00:00,6.5,,29.0,,좋음,29.0
2025-03-28 21:00:00,5.2,,36.0,,보통,33.0
2025-03-28 22:00:00,4.5,,37.0,,보통,35.0
2025-03-28 23:00:00,4.0,,35.0,,보통,34.0
2025-03-29 00:00:00,3.1,,36.0,,보통,37.0
2025-03-29 01:00:00,2.7,,34.0,,보통,32.0
2025-03-29 02:00:00,1.9,,36.0,,좋음,30.0
2025-03-29 03:00:00,1.7,,39.0,,좋음,28.0
2025-03-29 04:00:00,1.0,,42.0,,좋음,28.0
2025-03-29 05:00:00,1.1,,44.0,,좋음,25.0
2025-03-29 06:00:00,0.9,,46.0,,좋음,29.0
2025-03-29 07:00:00,0.9,,52.0,,보통,34.0
2025-03-29 08:00:00,2.9,,53.0,,보통,32.0
2025-03-29 09:00:00,5.0,,51.0,,좋음,28.0
2025-03-29 10:00:00,5.5,,59.0,,좋음,24.0
2025-03-29 11:00:00,3.9,,79.0,,좋음,23.0
2025-03-29 12:00:00,5.3,0.0,64.0,,보통,31.0
2025-03-29 13:00:00,5.7,,48.0,,좋음,24.0
2025-03-29 14:00:00,5.2,,49.0,,좋음,30.0
2025-03-29 15:00:00,6.5,0.0,29.0,,보통,31.0
2025-03-29 16:00:00,5.6,,19.0,,보통,31.0
2025-03-29 17:00:00,5.4,,20.0,,좋음,26.0
2025-03-29 18:00:00,4.6,,22.0,,좋음,29.0
2025-03-29 19:00:00,3.1,,24.0,,좋음,23.0
2025-03-29 20:00:00,2.0,,27.0,,좋음,19.0
2025-03-29 21:00:00,1.6,,29.0,,좋음,21.0
2025-03-29 22:00:00,1.3,,33.0,,좋음,27.0
2025-03-29 23:00:00,1.0,,39.0,,좋음,25.0
2025-03-30 00:00:00,0.7,,46.0,,좋음,22.0
2025-03-30 01:00:00,0.5,,50.0,,좋음,22.0
2025-03-30 02:00:00,0.1,,52.0,,좋음,22.0
2025-03-30 03:00:00,-0.2,,56.0,,좋음,27.0
2025-03-30 04:00:00,-0.6,,62.0,,좋음,23.0
2025-03-30 05:00:00,-1.1,,65.0,,좋음,22.0
2025-03-30 06:00:00,-1.2,,65.0,,좋음,22.0
2025-03-30 07:00:00,-1.7,,68.0,,좋음,22.0
2025-03-30 08:00:00,0.1,,49.0,,좋음,27.0
2025-03-30 09:00:00,2.7,,35.0,,보통,33.0
2025-03-30 10:00:00,4.9,,41.0,,좋음,28.0
2025-03-30 11:00:00,5.7,,43.0,,좋음,26.0
2025-03-30 12:00:00,5.1,0.0,50.0,,좋음,25.0
2025-03-30 13:00:00,5.3,,65.0,,좋음,26.0
2025-03-30 14:00:00,6.2,,55.0,,좋음,23.0
2025-03-30 15:00:00,4.7,0.0,65.0,,좋음,21.0
2025-03-30 16:00:00,5.2,,57.0,,좋음,20.0
2025-03-30 17:00:00,7.4,,35.0,,좋음,26.0
2025-03-30 18:00:00,6.9,0.0,32.0,,좋음,28.0
2025-03-30 19:00:00,5.6,,41.0,,좋음,29.0
2025-03-30 20:00:00,4.8,,45.0,,좋음,28.0
2025-03-30 21:00:00,4.6,,49.0,,좋음,29.0
2025-03-30 22:00:00,4.5,,52.0,,좋음,29.0
2025-03-30 23:00:00,4.4,,54.0,,좋음,27.0
2025-03-31 00:00:00,4.1,,57.0,,좋음,29.0
2025-03-31 01:00:00,3.9,,58.0,,좋음,27.0
2025-03-31 02:00:00,2.9,,59.0,,좋음,26.0
2025-03-31 03:00:00,2.5,,62.0,,보통,31.0
2025-03-31 04:00:00,2.2,,66.0,,보통,32.0
2025-03-31 05:00:00,2.0,,67.0,,보통,31.0
2025-03-31 06:00:00,1.3,,70.0,,보통,34.0
2025-03-31 07:00:00,1.5,,70.0,,보통,35.0
2025-03-31 08:00:00,3.5,,66.0,,보통,40.0
2025-03-31 09:00:00,6.1,,61.0,,보통,47.0
2025-03-31 10:00:00,8.6,,59.0,,보통,48.0
2025-03-31 11:00:00,10.1,,48.0,,보통,54.0
2025-03-31 12:00:00,11.5,,42.0,,보통,50.0
2025-03-31 13:00:00,12.7,,40.0,,보통,54.0
2025-03-31 14:00:00,13.5,,36.0,,보통,65.0
2025-03-31 15:00:00,13.6,,29.0,,보통,55.0
2025-03-31 16:00:00,13.7,,26.0,,보통,40.0
2025-03-31 17:00:00,12.7,,21.0,,좋음,27.0
2025-03-31 18:00:00,11.5,,24.0,,좋음,24.0
2025-03-31 19:00:00,10.0,,25.0,,좋음,24.0
2025-03-31 20:00:00,8.8,,33.0,,보통,34.0
2025-03-31 21:00:00,7.9,,44.0,,보통,56.0
2025-03-31 22:00:00,7.2,,56.0,,보통,58.0
2025-03-31 23:00:00,7.1,,65.0,,보통,63.0
2025-04-01 00:00:00,6.9,,72.0,,보통,63.0
2025-04-01 01:00:00,6.4,,73.0,,보통,60.0
2025-04-01 02:00:00,6.0,,77.0,,보통,53.0
2025-04-01 03:00:00,5.4,,80.0,,보통,56.0
2025-04-01 04:00:00,5.0,,80.0,,보통,58.0
2025-04-01 05:00:00,4.7,,84.0,,보통,58.0
2025-04-01 06:00:00,4.3,,83.0,,보통,59.0
2025-04-01 07:00:00,3.9,,84.0,,보통,61.0
2025-04-01 08:00:00,5.3,,79.0,,보통,65.0
2025-04-01 09:00:00,7.7,,72.0,,보통,69.0
2025-04-01 10:00:00,10.3,,64.0,,보통,79.0
2025-04-01 11:00:00,12.0,,52.0,,나쁨,95.0
2025-04-01 12:00:00,13.9,,43.0,,나쁨,100.0
2025-04-01 13:00:00,15.5,,36.0,,나쁨,90.0
2025-04-01 14:00:00,16.8,,30.0,,보통,77.0
2025-04-01 15:00:00,16.8,,28.0,,보통,76.0
2025-04-01 16:00:00,16.8,,27.0,,보통,68.0
2025-04-01 17:00:00,15.7,,26.0,,보통,53.0
2025-04-01 18:00:00,14.5,,26.0,,보통,51.0
2025-04-01 19:00:00,12.5,,35.0,,보통,52.0
2025-04-01 20:00:00,11.0,,38.0,,보통,58.0
2025-04-01 21:00:00,10.0,,42.0,,보통,61.0
2025-04-01 22:00:00,9.0,,46.0,,보통,62.0
2025-04-01 23:00:00,8.7,,47.0,,보통,65.0
2025-04-02 00:00:00,7.9,,50.0,,보통,60.0
2025-04-02 01:00:00,7.2,,51.0,,보통,58.0
2025-04-02 02:00:00,6.9,,60.0,,보통,57.0
2025-04-02 03:00:00,6.6,,67.0,,보통,61.0
2025-04-02 04:00:00,5.9,,65.0,,보통,63.0
2025-04-02 05:00:00,5.5,,66.0,,보통,67.0
2025-04-02 06:00:00,5.2,,61.0,,보통,68.0
2025-04-02 07:00:00,5.3,,62.0,,보통,71.0
2025-04-02 08:00:00,6.8,,62.0,,보통,78.0
2025-04-02 09:00:00,9.8,,53.0,,나쁨,88.0
2025-04-02 10:00:00,12.5,,46.0,,나쁨,93.0
2025-04-02 11:00:00,14.2,,36.0,,나쁨,86.0
2025-04-02 12:00:00,14.4,,34.0,,나쁨,81.0
2025-04-02 13:00:00,13.4,,31.0,,보통,79.0
2025-04-02 14:00:00,13.0,,23.0,,보통,72.0
2025-04-02 15:00:00,11.3,,30.0,,보통,58.0
2025-04-02 16:00:00,10.5,,49.0,,보통,51.0
2025-04-02 17:00:00,9.5,,63.0,,보통,51.0
2025-04-02 18:00:00,9.1,0.0,58.0,,보통,42.0
2025-04-02 19:00:00,9.2,,57.0,,보통,39.0
2025-04-02 20:00:00,9.1,,58.0,,보통,38.0
2025-04-02 21:00:00,8.0,,66.0,,보통,39.0
2025-04-02 22:00:00,7.3,,71.0,,보통,40.0
2025-04-02 23:00:00,6.8,,73.0,,보통,36.0
2025-04-03 00:00:00,6.7,,74.0,,보통,34.0
2025-04-03 01:00:00,6.4,,73.0,,보통,34.0
2025-04-03 02:00:00,5.7,,77.0,,보통,38.0
2025-04-03 03:00:00,5.4,,77.0,,보통,40.0
2025-04-03 04:00:00,4.8,,78.0,,보통,41.0
2025-04-03 05:00:00,4.3,,79.0,,보통,46.0
2025-04-03 06:00:00,4.0,,81.0,,보통,50.0
2025-04-03 07:00:00,3.6,,81.0,,보통,55.0
2025-04-03 08:00:00,5.6,,78.0,,보통,61.0
2025-04-03 09:00:00,8.1,,67.0,,보통,71.0
2025-04-03 10:00:00,11.3,,53.0,,보통,63.0
2025-04-03 11:00:00,12.7,,47.0,,보통,57.0
2025-04-03 12:00:00,14.1,,39.0,,보통,42.0
2025-04-03 13:00:00,15.4,,32.0,,보통,38.0
2025-04-03 14:00:00,16.1,,30.0,,보통,35.0
2025-04-03 15:00:00,16.8,,30.0,,보통,40.0
2025-04-03 16:00:00,16.1,,39.0,,보통,54.0
2025-04-03 17:00:00,14.4,,43.0,,보통,56.0
2025-04-03 18:00:00,12.8,,43.0,,보통,48.0
2025-04-03 19:00:00,11.2,,50.0,,보통,43.0
2025-04-03 20:00:00,10.2,,54.0,,보통,38.0
2025-04-03 21:00:00,9.4,,62.0,,보통,37.0
2025-04-03 22:00:00,8.6,,65.0,,보통,43.0
2025-04-03 23:00:00,7.8,,68.0,,보통,43.0
2025-04-04 00:00:00,7.6,,70.0,,보통,52.0
2025-04-04 01:00:00,7.2,,69.0,,보통,58.0
2025-04-04 02:00:00,7.3,,72.0,,보통,63.0
2025-04-04 03:00:00,6.9,,73.0,,보통,67.0
2025-04-04 04:00:00,6.3,,78.0,,보통,65.0
2025-04-04 05:00:00,6.2,,82.0,,보통,65.0
2025-04-04 06:00:00,6.2,,80.0,,보통,64.0
2025-04-04 07:00:00,6.0,,83.0,,보통,68.0
2025-04-04 08:00:00,6.9,,78.0,,보통,67.0
2025-04-04 09:00:00,9.2,,66.0,,보통,70.0
2025-04-04 10:00:00,11.1,,56.0,,보통,66.0
2025-04-04 11:00:00,12.6,,48.0,,보통,55.0
2025-04-04 12:00:00,13.9,,44.0,,보통,44.0
2025-04-04 13:00:00,15.5,,38.0,,보통,53.0
2025-04-04 14:00:00,16.1,,31.0,,보통,49.0
2025-04-04 15:00:00,16.0,,32.0,,보통,35.0
2025-04-04 16:00:00,15.9,,35.0,,보통,39.0
2025-04-04 17:00:00,15.0,,34.0,,보통,37.0
2025-04-04 18:00:00,13.4,,33.0,,좋음,30.0
2025-04-04 19:00:00,11.9,,36.0,,좋음,26.0
2025-04-04 20:00:00,10.8,,43.0,,보통,33.0
2025-04-04 21:00:00,10.0,,50.0,,보통,40.0
2025-04-04 22:00:00,9.7,,54.0,,보통,42.0
2025-04-04 23:00:00,9.6,,57.0,,보통,42.0
2025-04-05 00:00:00,9.5,,58.0,,보통,43.0
2025-04-05 01:00:00,9.3,0.0,60.0,,보통,47.0
2025-04-05 02:00:00,8.5,0.0,69.0,,보통,46.0
2025-04-05 03:00:00,8.2,0.0,71.0,,보통,39.0
2025-04-05 04:00:00,8.4,,68.0,,보통,40.0
2025-04-05 05:00:00,8.6,,68.0,,보통,44.0
2025-04-05 06:00:00,8.7,,69.0,,보통,48.0
2025-04-05 07:00:00,8.9,,70.0,,보통,53.0
2025-04-05 08:00:00,8.8,0.3,79.0,,보통,51.0
2025-04-05 09:00:00,8.5,1.9,87.0,,보통,51.0
2025-04-05 10:00:00,8.0,3.9,89.0,,보통,48.0
2025-04-05 11:00:00,7.8,4.3,85.0,,보통,33.0
2025-04-05 12:00:00,7.9,2.6,90.0,,좋음,17.0
2025-04-05 13:00:00,7.9,1.1,90.0,,좋음,17.0
2025-04-05 14:00:00,7.7,1.3,90.0,,좋음,17.0
2025-04-05 15:00:00,7.7,0.0,89.0,,좋음,19.0
2025-04-05 16:00:00,7.7,0.1,90.0,,좋음,17.0
2025-04-05 17:00:00,7.6,0.0,91.0,,좋음,17.0
2025-04-05 18:00:00,7.6,2.8,95.0,,좋음,14.0
2025-04-05 19:00:00,7.7,2.0,94.0,,좋음,15.0
2025-04-05 20:00:00,7.6,1.7,94.0,,좋음,19.0
2025-04-05 21:00:00,7.6,0.0,94.0,,좋음,24.0
2025-04-05 22:00:00,7.6,0.8,92.0,,보통,41.0
2025-04-05 23:00:00,7.8,0.0,91.0,,보통,39.0
2025-04-06 00:00:00,7.9,0.0,94.0,,보통,67.0
2025-04-06 01:00:00,7.6,0.0,94.0,,보통,73.0
2025-04-06 02:00:00,7.4,,92.0,,보통,56.0
2025-04-06 03:00:00,7.5,,93.0,,좋음,30.0
2025-04-06 04:00:00,7.3,,92.0,,좋음,24.0
2025-04-06 05:00:00,7.4,,92.0,,좋음,25.0
2025-04-06 06:00:00,7.1,,86.0,,좋음,20.0
2025-04-06 07:00:00,6.9,,86.0,,좋음,23.0
2025-04-06 08:00:00,7.6,,85.0,,좋음,22.0
2025-04-06 09:00:00,8.1,,85.0,,좋음,20.0
2025-04-06 10:00:00,9.1,,76.0,,좋음,20.0
2025-04-06 11:00:00,11.3,,65.0,,좋음,27.0
2025-04-06 12:00:00,13.5,,52.0,,보통,34.0
2025-04-06 13:00:00,13.9,,41.0,,보통,38.0
2025-04-06 14:00:00,15.2,,39.0,,보통,42.0
2025-04-06 15:00:00,15.5,,38.0,,보통,44.0
2025-04-06 16:00:00,15.4,,39.0,,보통,46.0
2025-04-06 17:00:00,14.4,,40.0,,보통,45.0
2025-04-06 18:00:00,13.1,,42.0,,보통,43.0
2025-04-06 19:00:00,11.7,,49.0,,보통,46.0
2025-04-06 20:00:00,10.5,,57.0,,보통,50.0
2025-04-06 21:00:00,9.7,,64.0,,보통,47.0
2025-04-06 22:00:00,8.9,,71.0,,보통,48.0
2025-04-06 23:00:00,8.3,,75.0,,보통,44.0
2025-04-07 00:00:00,7.8,,78.0,,보통,44.0
2025-04-07 01:00:00,7.3,,78.0,,보통,45.0
2025-04-07 02:00:00,7.0,,81.0,,보통,42.0
2025-04-07 03:00:00,6.8,,82.0,,보통,41.0
2025-04-07 04:00:00,6.5,,81.0,,보통,41.0
2025-04-07 05:00:00,6.2,,84.0,,보통,45.0
2025-04-07 06:00:00,5.8,,87.0,,보통,48.0
2025-04-07 07:00:00,5.5,,87.0,,보통,53.0
2025-04-07 08:00:00,7.5,,84.0,,보통,58.0
2025-04-07 09:00:00,10.4,,69.0,,보통,65.0
2025-04-07 10:00:00,12.7,,53.0,,보통,64.0
2025-04-07 11:00:00,14.8,,42.0,,,
2025-04-07 12:00:00,17.0,,31.0,,,
2025-04-07 13:00:00,18.5,,31.0,,보통,62.0
2025-04-07 14:00:00,19.4,,31.0,,보통,63.0
2025-04-07 15:00:00,19.8,,29.0,,보통,65.0
2025-04-07 16:00:00,20.0,,32.0,,보통,67.0
2025-04-07 17:00:00,19.2,,36.0,,보통,71.0
2025-04-07 18:00:00,17.8,,41.0,,보통,71.0
2025-04-07 19:00:00,16.6,,46.0,,보통,75.0
2025-04-07 20:00:00,16.1,,47.0,,보통,76.0
2025-04-07 21:00:00,15.7,,46.0,,보통,77.0
2025-04-07 22:00:00,15.7,,45.0,,보통,70.0
2025-04-07 23:00:00,15.2,,48.0,,보통,65.0
2025-04-08 00:00:00,14.3,,51.0,,보통,63.0
2025-04-08 01:00:00,13.7,,56.0,,보통,61.0
2025-04-08 02:00:00,13.0,,65.0,,보통,59.0
2025-04-08 03:00:00,12.0,,74.0,,보통,67.0
2025-04-08 04:00:00,11.6,,77.0,,보통,70.0
2025-04-08 05:00:00,11.1,,79.0,,보통,74.0
2025-04-08 06:00:00,10.9,,80.0,,나쁨,81.0
2025-04-08 07:00:00,10.7,,81.0,,나쁨,88.0
2025-04-08 08:00:00,10.9,,81.0,,나쁨,101.0
2025-04-08 09:00:00,11.8,,76.0,,나쁨,100.0
2025-04-08 10:00:00,13.0,,70.0,,나쁨,110.0
2025-04-08 11:00:00,14.6,,52.0,,나쁨,106.0
2025-04-08 12:00:00,15.9,,42.0,,보통,80.0
2025-04-08 13:00:00,16.6,,30.0,,보통,72.0
2025-04-08 14:00:00,17.3,,34.0,,보통,76.0
2025-04-08 15:00:00,18.1,,34.0,,보통,69.0
2025-04-08 16:00:00,18.4,,36.0,,보통,68.0
2025-04-08 17:00:00,17.9,,36.0,,보통,61.0
2025-04-08 18:00:00,16.8,,38.0,,보통,54.0
2025-04-08 19:00:00,15.2,,39.0,,보통,55.0
2025-04-08 20:00:00,14.1,,41.0,,보통,53.0
2025-04-08 21:00:00,13.4,,42.0,,보통,53.0
2025-04-08 22:00:00,12.6,,46.0,,보통,59.0
2025-04-08 23:00:00,12.0,,50.0,,보통,54.0
2025-04-09 00:00:00,11.2,,54.0,,보통,55.0
2025-04-09 01:00:00,10.4,,59.0,,보통,53.0
2025-04-09 02:00:00,9.7,,61.0,,보통,52.0
2025-04-09 03:00:00,9.4,,64.0,,보통,49.0
2025-04-09 04:00:00,9.3,,66.0,,보통,46.0
2025-04-09 05:00:00,8.9,,65.0,,보통,50.0
2025-04-09 06:00:00,8.6,,65.0,,보통,51.0
2025-04-09 07:00:00,8.8,,67.0,,보통,58.0
2025-04-09 08:00:00,10.7,,60.0,,보통,61.0
2025-04-09 09:00:00,12.3,,50.0,,보통,60.0
2025-04-09 10:00:00,13.9,,45.0,,보통,64.0
2025-04-09 11:00:00,15.2,,42.0,,보통,62.0
2025-04-09 12:00:00,16.3,,38.0,,보통,65.0
2025-04-09 13:00:00,17.8,,33.0,,보통,63.0
2025-04-09 14:00:00,17.5,,32.0,,보통,61.0
2025-04-09 15:00:00,16.4,,32.0,,보통,57.0
2025-04-09 16:00:00,15.0,0.0,33.0,,보통,52.0
2025-04-09 17:00:00,14.9,0.0,36.0,,보통,47.0
2025-04-09 18:00:00,14.9,,38.0,,보통,52.0
2025-04-09 19:00:00,14.0,0.1,48.0,,보통,53.0
2025-04-09 20:00:00,12.2,0.7,69.0,,보통,48.0
2025-04-09 21:00:00,12.1,0.0,61.0,,보통,52.0
2025-04-09 22:00:00,12.0,,59.0,,보통,59.0
2025-04-09 23:00:00,11.8,,62.0,,보통,61.0
2025-04-10 00:00:00,11.6,0.0,65.0,,보통,68.0
2025-04-10 01:00:00,11.3,0.0,68.0,,보통,53.0
2025-04-10 02:00:00,10.9,0.0,68.0,,보통,47.0
2025-04-10 03:00:00,10.5,0.0,72.0,,보통,50.0
2025-04-10 04:00:00,10.3,0.0,71.0,,보통,52.0
2025-04-10 05:00:00,10.0,,70.0,,보통,53.0
2025-04-10 06:00:00,9.2,,76.0,,보통,54.0
2025-04-10 07:00:00,8.9,,81.0,,보통,57.0
2025-04-10 08:00:00,9.9,,79.0,,보통,65.0
2025-04-10 09:00:00,11.8,,71.0,,보통,73.0
2025-04-10 10:00:00,13.6,,58.0,,보통,79.0
2025-04-10 11:00:00,14.8,,57.0,,보통,67.0
2025-04-10 12:00:00,16.3,,50.0,,보통,45.0
2025-04-10 13:00:00,16.2,,44.0,,보통,37.0
2025-04-10 14:00:00,17.4,,42.0,,보통,38.0
2025-04-10 15:00:00,18.7,,41.0,,보통,40.0
2025-04-10 16:00:00,18.6,,44.0,,보통,39.0
2025-04-10 17:00:00,17.7,,47.0,,보통,46.0
2025-04-10 18:00:00,15.8,,51.0,,보통,58.0
2025-04-10 19:00:00,14.0,,54.0,,보통,58.0
2025-04-10 20:00:00,12.8,,54.0,,보통,53.0
2025-04-10 21:00:00,12.2,,57.0,,보통,50.0
2025-04-10 22:00:00,11.9,,61.0,,보통,53.0
2025-04-10 23:00:00,11.3,,65.0,,보통,55.0
2025-04-11 00:00:00,11.1,,67.0,,보통,54.0
2025-04-11 01:00:00,10.7,,68.0,,보통,60.0
2025-04-11 02:00:00,10.1,,71.0,,보통,63.0
2025-04-11 03:00:00,9.8,,72.0,,보통,65.0
2025-04-11 04:00:00,9.5,,78.0,,보통,67.0
2025-04-11 05:00:00,8.9,,79.0,,보통,69.0
2025-04-11 06:00:00,8.3,,80.0,,보통,72.0
2025-04-11 07:00:00,8.3,,82.0,,보통,72.0
2025-04-11 08:00:00,10.8,,75.0,,보통,74.0
2025-04-11 09:00:00,13.6,,64.0,,나쁨,86.0
2025-04-11 10:00:00,16.2,,54.0,,나쁨,98.0
2025-04-11 11:00:00,18.6,,44.0,,나쁨,89.0
2025-04-11 12:00:00,21.0,,39.0,,보통,69.0
2025-04-11 13:00:00,22.1,,28.0,,보통,62.0
2025-04-11 14:00:00,23.3,,27.0,,보통,62.0
2025-04-11 15:00:00,24.2,,30.0,,보통,60.0
2025-04-11 16:00:00,23.7,,30.0,,보통,60.0
2025-04-11 17:00:00,22.8,,32.0,,보통,54.0
2025-04-11 18:00:00,21.7,,31.0,,보통,54.0
2025-04-11 19:00:00,19.5,,35.0,,보통,48.0
2025-04-11 20:00:00,18.0,,42.0,,보통,45.0
2025-04-11 21:00:00,16.6,,44.0,,보통,55.0
2025-04-11 22:00:00,15.6,,49.0,,보통,65.0
2025-04-11 23:00:00,14.8,,51.0,,보통,63.0
2025-04-12 00:00:00,14.4,,54.0,,보통,63.0
2025-04-12 01:00:00,14.2,,56.0,,보통,57.0
2025-04-12 02:00:00,14.0,,56.0,,보통,53.0
2025-04-12 03:00:00,13.8,,57.0,,보통,52.0
2025-04-12 04:00:00,13.3,,59.0,,보통,57.0
2025-04-12 05:00:00,13.6,,59.0,,보통,56.0
2025-04-12 06:00:00,13.7,,57.0,,보통,59.0
2025-04-12 07:00:00,13.5,,59.0,,보통,63.0
2025-04-12 08:00:00,14.8,,56.0,,보통,65.0
2025-04-12 09:00:00,16.7,,50.0,,보통,58.0
2025-04-12 10:00:00,18.8,,41.0,,보통,57.0
2025-04-12 11:00:00,20.9,,30.0,,보통,52.0
2025-04-12 12:00:00,22.1,,27.0,,보통,40.0
2025-04-12 13:00:00,21.7,0.0,32.0,,보통,48.0
2025-04-12 14:00:00,16.8,0.6,64.0,,보통,48.0
2025-04-12 15:00:00,16.4,0.0,74.0,,보통,36.0
2025-04-12 16:00:00,16.6,0.4,69.0,,보통,34.0
2025-04-12 17:00:00,17.1,0.0,59.0,,보통,35.0
2025-04-12 18:00:00,13.3,0.2,82.0,,보통,38.0
2025-04-12 19:00:00,9.9,1.5,88.0,,좋음,24.0
2025-04-12 20:00:00,7.3,1.8,90.0,,좋음,23.0
2025-04-12 21:00:00,5.8,2.7,90.0,,좋음,18.0
2025-04-12 22:00:00,3.5,2.2,91.0,,좋음,15.0
2025-04-12 23:00:00,1.7,3.7,94.0,,좋음,13.0
2025-04-13 00:00:00,1.4,2.3,95.0,0.2,좋음,7.0
2025-04-13 01:00:00,1.1,2.5,96.0,0.6,좋음,6.0
2025-04-13 02:00:00,2.0,0.6,93.0,0.3,좋음,12.0
2025-04-13 03:00:00,2.7,0.0,95.0,0.3,좋음,22.0
2025-04-13 04:00:00,3.0,,92.0,0.2,좋음,21.0
2025-04-13 05:00:00,3.4,,94.0,,좋음,24.0
2025-04-13 06:00:00,3.8,,93.0,,좋음,24.0
2025-04-13 07:00:00,4.4,,92.0,,좋음,26.0
2025-04-13 08:00:00,5.9,,80.0,,보통,33.0
2025-04-13 09:00:00,7.2,,58.0,,보통,68.0
2025-04-13 10:00:00,8.0,,50.0,,나쁨,136.0
2025-04-13 11:00:00,6.3,0.0,65.0,,매우나쁨,164.0
2025-04-13 12:00:00,7.6,0.0,54.0,,나쁨,95.0
2025-04-13 13:00:00,6.5,0.3,64.0,,보통,80.0
2025-04-13 14:00:00,4.9,0.1,75.0,,보통,64.0
2025-04-13 15:00:00,5.3,0.4,78.0,,보통,48.0
2025-04-13 16:00:00,6.1,0.3,69.0,,보통,34.0
2025-04-13 17:00:00,6.0,,59.0,,좋음,30.0
2025-04-13 18:00:00,6.1,,57.0,,좋음,28.0
2025-04-13 19:00:00,5.7,,56.0,,좋음,30.0
2025-04-13 20:00:00,5.6,,65.0,,보통,32.0
2025-04-13 21:00:00,5.6,,68.0,,보통,34.0
2025-04-13 22:00:00,5.8,,64.0,,보통,32.0
2025-04-13 23:00:00,5.6,,66.0,,보통,32.0
2025-04-14 00:00:00,5.7,,66.0,,보통,34.0
2025-04-14 01:00:00,5.5,,67.0,,보통,36.0
2025-04-14 02:00:00,5.0,,69.0,,좋음,30.0
2025-04-14 03:00:00,2.9,1.3,85.0,,좋음,23.0
2025-04-14 04:00:00,2.8,0.0,88.0,,좋음,18.0
2025-04-14 05:00:00,2.8,,90.0,,좋음,23.0
2025-04-14 06:00:00,2.9,,89.0,,좋음,24.0
2025-04-14 07:00:00,3.4,,88.0,,좋음,19.0
2025-04-14 08:00:00,4.5,,88.0,,좋음,23.0
2025-04-14 09:00:00,5.4,0.0,82.0,,좋음,23.0
2025-04-14 10:00:00,5.1,0.4,85.0,,좋음,22.0
2025-04-14 11:00:00,5.9,0.2,83.0,,좋음,22.0
2025-04-14 12:00:00,3.9,3.8,90.0,,좋음,20.0
2025-04-14 13:00:00,5.2,0.5,88.0,,좋음,15.0
2025-04-14 14:00:00,5.7,0.1,89.0,,좋음,22.0
2025-04-14 15:00:00,5.4,0.1,88.0,,좋음,22.0
2025-04-14 16:00:00,5.5,0.2,89.0,,좋음,18.0
2025-04-14 17:00:00,5.4,0.4,89.0,,좋음,16.0
2025-04-14 18:00:00,5.8,0.2,90.0,,좋음,15.0
2025-04-14 19:00:00,5.6,0.0,88.0,,좋음,18.0
2025-04-14 20:00:00,5.5,0.2,86.0,,좋음,14.0
2025-04-14 21:00:00,5.0,0.0,87.0,,좋음,16.0
2025-04-14 22:00:00,4.9,,89.0,,좋음,19.0
2025-04-14 23:00:00,4.6,,90.0,,좋음,18.0
2025-04-15 00:00:00,4.2,,88.0,,좋음,20.0
2025-04-15 01:00:00,4.0,,89.0,,좋음,17.0
2025-04-15 02:00:00,3.5,,90.0,,좋음,14.0
2025-04-15 03:00:00,2.8,,89.0,,좋음,17.0
2025-04-15 04:00:00,2.6,,91.0,,좋음,17.0
2025-04-15 05:00:00,2.3,,92.0,,좋음,17.0
2025-04-15 06:00:00,2.7,,94.0,,좋음,19.0
2025-04-15 07:00:00,2.8,,93.0,,좋음,24.0
2025-04-15 08:00:00,4.7,,94.0,,좋음,25.0
2025-04-15 09:00:00,6.9,,80.0,,좋음,24.0
2025-04-15 10:00:00,9.0,,65.0,,좋음,28.0
2025-04-15 11:00:00,11.2,,55.0,,보통,32.0
2025-04-15 12:00:00,12.4,,47.0,,좋음,23.0
2025-04-15 13:00:00,13.1,,43.0,,좋음,25.0
2025-04-15 14:00:00,13.2,,42.0,,좋음,27.0
2025-04-15 15:00:00,13.8,,44.0,,좋음,30.0
2025-04-15 16:00:00,13.8,,45.0,,좋음,30.0
2025-04-15 17:00:00,12.8,,50.0,,보통,32.0
2025-04-15 18:00:00,11.5,,52.0,,보통,37.0
2025-04-15 19:00:00,9.9,,57.0,,보통,35.0
2025-04-15 20:00:00,8.8,,67.0,,좋음,30.0
2025-04-15 21:00:00,8.2,,71.0,,보통,32.0
2025-04-15 22:00:00,7.8,,74.0,,보통,33.0
2025-04-15 23:00:00,7.5,,80.0,,보통,37.0
2025-04-16 00:00:00,7.5,,85.0,,보통,35.0
2025-04-16 01:00:00,7.5,,85.0,,보통,35.0
2025-04-16 02:00:00,7.0,,83.0,,보통,31.0
2025-04-16 03:00:00,6.5,,85.0,,좋음,30.0
2025-04-16 04:00:00,6.5,,88.0,,보통,32.0
2025-04-16 05:00:00,6.5,,88.0,,보통,32.0
2025-04-16 06:00:00,6.6,,87.0,,보통,34.0
2025-04-16 07:00:00,7.0,,86.0,,보통,39.0
2025-04-16 08:00:00,8.4,,81.0,,보통,41.0
2025-04-16 09:00:00,10.3,,71.0,,보통,53.0
2025-04-16 10:00:00,12.6,,62.0,,보통,55.0
2025-04-16 11:00:00,15.2,,54.0,,,
2025-04-16 12:00:00,17.2,,49.0,,,
2025-04-16 13:00:00,19.3,,44.0,,,
2025-04-16 14:00:00,21.4,,45.0,,보통,54.0
2025-04-16 15:00:00,21.7,,39.0,,보통,60.0
2025-04-16 16:00:00,21.6,,38.0,,보통,62.0
2025-04-16 17:00:00,21.5,,38.0,,보통,57.0
2025-04-16 18:00:00,21.1,,38.0,,보통,56.0
2025-04-16 19:00:00,19.6,,36.0,,보통,50.0
2025-04-16 20:00:00,18.4,,40.0,,보통,46.0
2025-04-16 21:00:00,17.2,,46.0,,보통,48.0
2025-04-16 22:00:00,16.4,,47.0,,보통,48.0
2025-04-16 23:00:00,16.1,,49.0,,보통,43.0
2025-04-17 00:00:00,16.1,,49.0,,보통,43.0
2025-04-17 01:00:00,16.8,,50.0,,보통,45.0
2025-04-17 02:00:00,16.4,,54.0,,보통,44.0
2025-04-17 03:00:00,16.5,,64.0,,보통,52.0
2025-04-17 04:00:00,16.5,,70.0,,보통,54.0
2025-04-17 05:00:00,16.2,,73.0,,보통,53.0
2025-04-17 06:00:00,16.0,,72.0,,보통,57.0
2025-04-17 07:00:00,15.9,,75.0,,보통,66.0
2025-04-17 08:00:00,17.2,,73.0,,보통,67.0
2025-04-17 09:00:00,18.7,,71.0,,보통,75.0
2025-04-17 10:00:00,20.0,,65.0,,보통,76.0
2025-04-17 11:00:00,21.4,,61.0,,보통,75.0
2025-04-17 12:00:00,23.4,,56.0,,보통,74.0
2025-04-17 13:00:00,24.3,,51.0,,보통,76.0
2025-04-17 14:00:00,24.5,,53.0,,보통,69.0
2025-04-17 15:00:00,24.1,,53.0,,보통,77.0
2025-04-17 16:00:00,24.0,,52.0,,보통,79.0
2025-04-17 17:00:00,23.0,,55.0,,보통,73.0
2025-04-17 18:00:00,21.4,,61.0,,보통,72.0
2025-04-17 19:00:00,20.3,,65.0,,보통,76.0
2025-04-17 20:00:00,20.0,,66.0,,나쁨,81.0
2025-04-17 21:00:00,19.8,,62.0,,보통,80.0
2025-04-17 22:00:00,19.0,,66.0,,나쁨,84.0
2025-04-17 23:00:00,18.3,,68.0,,보통,75.0
2025-04-18 00:00:00,18.0,,69.0,,보통,67.0
2025-04-18 01:00:00,18.3,,67.0,,보통,70.0
2025-04-18 02:00:00,18.3,,68.0,,보통,63.0
2025-04-18 03:00:00,17.7,,72.0,,보통,59.0
2025-04-18 04:00:00,17.0,,79.0,,보통,50.0
2025-04-18 05:00:00,16.6,,82.0,,보통,49.0
2025-04-18 06:00:00,16.5,,83.0,,보통,52.0
2025-04-18 07:00:00,16.5,,84.0,,보통,50.0
2025-04-18 08:00:00,16.1,0.0,85.0,,보통,62.0
2025-04-18 09:00:00,15.5,0.0,87.0,,보통,66.0
2025-04-18 10:00:00,15.7,,87.0,,보통,70.0
2025-04-18 11:00:00,16.2,,83.0,,보통,75.0
2025-04-18 12:00:00,18.1,,75.0,,보통,74.0
2025-04-18 13:00:00,19.9,,67.0,,나쁨,87.0
2025-04-18 14:00:00,21.9,,57.0,,나쁨,105.0
2025-04-18 15:00:00,23.2,,48.0,,나쁨,112.0
2025-04-18 16:00:00,23.5,,42.0,,나쁨,99.0
2025-04-18 17:00:00,23.3,,38.0,,나쁨,94.0
2025-04-18 18:00:00,22.4,,41.0,,나쁨,104.0
2025-04-18 19:00:00,21.0,,54.0,,나쁨,93.0
2025-04-18 20:00:00,19.5,,62.0,,나쁨,98.0
2025-04-18 21:00:00,18.3,,66.0,,나쁨,109.0
2025-04-18 22:00:00,17.7,,68.0,,나쁨,108.0
2025-04-18 23:00:00,17.1,,68.0,,나쁨,92.0
2025-04-19 00:00:00,16.8,,71.0,,나쁨,87.0
2025-04-19 01:00:00,16.5,,72.0,,나쁨,88.0
2025-04-19 02:00:00,16.5,,77.0,,나쁨,87.0
2025-04-19 03:00:00,16.4,,78.0,,나쁨,96.0
2025-04-19 04:00:00,16.1,,80.0,,나쁨,102.0
2025-04-19 05:00:00,16.0,0.0,86.0,,나쁨,95.0
2025-04-19 06:00:00,15.8,0.3,91.0,,나쁨,92.0
2025-04-19 07:00:00,16.0,0.2,93.0,,나쁨,92.0
2025-04-19 08:00:00,16.4,0.2,95.0,,보통,46.0
2025-04-19 09:00:00,17.9,0.3,94.0,,보통,41.0
2025-04-19 10:00:00,18.6,0.1,87.0,,보통,35.0
2025-04-19 11:00:00,19.3,,79.0,,좋음,23.0
2025-04-19 12:00:00,19.6,0.0,78.0,,좋음,29.0
2025-04-19 13:00:00,19.8,0.0,77.0,,보통,33.0
2025-04-19 14:00:00,19.9,0.0,78.0,,보통,33.0
2025-04-19 15:00:00,15.5,1.6,91.0,,좋음,27.0
2025-04-19 16:00:00,15.2,2.0,95.0,,좋음,14.0
2025-04-19 17:00:00,14.6,0.9,94.0,,좋음,10.0
2025-04-19 18:00:00,12.8,0.7,94.0,,좋음,7.0
2025-04-19 19:00:00,12.4,2.9,93.0,,좋음,8.0
2025-04-19 20:00:00,12.4,0.0,94.0,,좋음,14.0
2025-04-19 21:00:00,12.4,,94.0,,좋음,14.0
2025-04-19 22:00:00,12.6,,95.0,,좋음,14.0
2025-04-19 23:00:00,12.6,,95.0,,좋음,18.0
2025-04-20 00:00:00,12.2,,93.0,,좋음,18.0
2025-04-20 01:00:00,11.6,,93.0,,좋음,20.0
2025-04-20 02:00:00,11.2,,94.0,,좋음,22.0
2025-04-20 03:00:00,10.6,,95.0,,좋음,23.0
2025-04-20 04:00:00,10.1,,93.0,,좋음,24.0
2025-04-20 05:00:00,9.7,,94.0,,좋음,27.0
2025-04-20 06:00:00,9.5,,94.0,,좋음,23.0
2025-04-20 07:00:00,10.2,,96.0,,좋음,26.0
2025-04-20 08:00:00,11.4,,95.0,,좋음,26.0
2025-04-20 09:00:00,12.9,,89.0,,보통,32.0
2025-04-20 10:00:00,15.8,,77.0,,보통,37.0
2025-04-20 11:00:00,17.9,,67.0,,보통,38.0
2025-04-20 12:00:00,19.3,,59.0,,보통,40.0
2025-04-20 13:00:00,21.2,,55.0,,보통,35.0
2025-04-20 14:00:00,22.5,,53.0,,좋음,25.0
2025-04-20 15:00:00,23.4,,50.0,,좋음,25.0
2025-04-20 16:00:00,23.7,,48.0,,좋음,25.0
2025-04-20 17:00:00,24.0,,47.0,,좋음,30.0
2025-04-20 18:00:00,23.4,,47.0,,보통,31.0
2025-04-20 19:00:00,21.7,,47.0,,좋음,25.0
2025-04-20 20:00:00,19.7,,57.0,,좋음,24.0
2025-04-20 21:00:00,18.7,,57.0,,보통,32.0
2025-04-20 22:00:00,17.7,,61.0,,보통,36.0
2025-04-20 23:00:00,16.7,,65.0,,보통,36.0
2025-04-21 00:00:00,15.9,,69.0,,보통,35.0
2025-04-21 01:00:00,15.3,,70.0,,보통,36.0
2025-04-21 02:00:00,14.7,,74.0,,좋음,30.0
2025-04-21 03:00:00,14.5,,76.0,,보통,31.0
2025-04-21 04:00:00,14.4,,78.0,,좋음,30.0
2025-04-21 05:00:00,14.3,,80.0,,보통,33.0
2025-04-21 06:00:00,14.3,,83.0,,보통,31.0
2025-04-21 07:00:00,14.6,,83.0,,보통,34.0
2025-04-21 08:00:00,16.4,,78.0,,보통,41.0
2025-04-21 09:00:00,18.3,,70.0,,보통,46.0
2025-04-21 10:00:00,20.3,,64.0,,보통,43.0
2025-04-21 11:00:00,22.6,,61.0,,보통,33.0
2025-04-21 12:00:00,24.0,,56.0,,보통,32.0
2025-04-21 13:00:00,24.7,,52.0,,보통,33.0
2025-04-21 14:00:00,26.2,,43.0,,좋음,29.0
2025-04-21 15:00:00,27.0,,42.0,,보통,36.0
2025-04-21 16:00:00,26.7,,43.0,,보통,35.0
2025-04-21 17:00:00,26.4,,47.0,,보통,31.0
2025-04-21 18:00:00,25.5,,49.0,,보통,40.0
2025-04-21 19:00:00,23.6,,59.0,,보통,35.0
2025-04-21 20:00:00,22.1,,67.0,,보통,35.0
2025-04-21 21:00:00,21.4,,70.0,,좋음,29.0
2025-04-21 22:00:00,20.8,,73.0,,좋음,26.0
2025-04-21 23:00:00,20.6,,74.0,,좋음,29.0
2025-04-22 00:00:00,20.4,,76.0,,좋음,27.0
2025-04-22 01:00:00,20.3,,76.0,,좋음,21.0
2025-04-22 02:00:00,20.1,0.0,77.0,,좋음,25.0
2025-04-22 03:00:00,19.8,0.0,80.0,,좋음,24.0
2025-04-22 04:00:00,19.6,0.0,80.0,,좋음,28.0
2025-04-22 05:00:00,19.6,0.0,81.0,,보통,31.0
2025-04-22 06:00:00,19.2,0.8,89.0,,보통,48.0
2025-04-22 07:00:00,18.9,8.2,92.0,,보통,48.0
2025-04-22 08:00:00,18.7,1.7,92.0,,보통,45.0
2025-04-22 09:00:00,18.7,0.5,92.0,,보통,37.0
2025-04-22 10:00:00,18.6,4.6,94.0,,보통,34.0
2025-04-22 11:00:00,18.8,2.1,93.0,,보통,35.0
2025-04-22 12:00:00,18.8,5.4,93.0,,보통,33.0
2025-04-22 13:00:00,17.6,5.0,93.0,,좋음,22.0
2025-04-22 14:00:00,17.2,3.4,94.0,,좋음,9.0
2025-04-22 15:00:00,17.7,2.1,94.0,,좋음,15.0
2025-04-22 16:00:00,18.0,1.0,92.0,,좋음,13.0
2025-04-22 17:00:00,17.9,,89.0,,좋음,16.0
2025-04-22 18:00:00,17.5,,89.0,,좋음,13.0
2025-04-22 19:00:00,17.2,,87.0,,좋음,12.0
2025-04-22 20:00:00,17.0,,84.0,,좋음,15.0
2025-04-22 21:00:00,16.3,,85.0,,좋음,21.0
2025-04-22 22:00:00,15.7,,88.0,,좋음,23.0
2025-04-22 23:00:00,15.2,,88.0,,좋음,19.0
2025-04-23 00:00:00,14.2,,80.0,,좋음,18.0
2025-04-23 01:00:00,13.4,,82.0,,좋음,17.0
2025-04-23 02:00:00,12.7,,83.0,,좋음,13.0
2025-04-23 03:00:00,12.4,,84.0,,좋음,12.0
2025-04-23 04:00:00,12.0,,81.0,,좋음,9.0
2025-04-23 05:00:00,11.5,,84.0,,좋음,9.0
2025-04-23 06:00:00,10.9,,87.0,,좋음,14.0
2025-04-23 07:00:00,11.4,,85.0,,좋음,26.0
2025-04-23 08:00:00,13.7,,75.0,,좋음,24.0
2025-04-23 09:00:00,15.8,,64.0,,좋음,29.0
2025-04-23 10:00:00,17.3,,59.0,,보통,31.0
2025-04-23 11:00:00,19.2,,50.0,,좋음,29.0
2025-04-23 12:00:00,20.6,,47.0,,좋음,27.0
2025-04-23 13:00:00,21.4,,43.0,,좋음,26.0
2025-04-23 14:00:00,22.5,,37.0,,좋음,19.0
2025-04-23 15:00:00,22.3,,46.0,,좋음,25.0
2025-04-23 16:00:00,22.4,,43.0,,보통,31.0
2025-04-23 17:00:00,22.4,,45.0,,좋음,30.0
2025-04-23 18:00:00,21.9,,45.0,,좋음,28.0
2025-04-23 19:00:00,19.7,,50.0,,좋음,18.0
2025-04-23 20:00:00,17.9,,53.0,,좋음,25.0
2025-04-23 21:00:00,16.5,,58.0,,좋음,24.0
2025-04-23 22:00:00,15.6,,64.0,,좋음,23.0
2025-04-23 23:00:00,15.0,,65.0,,좋음,26.0
2025-04-24 00:00:00,14.1,,68.0,,좋음,22.0
2025-04-24 01:00:00,13.8,,75.0,,좋음,22.0
2025-04-24 02:00:00,13.1,,79.0,,좋음,18.0
2025-04-24 03:00:00,12.6,,80.0,,좋음,21.0
2025-04-24 04:00:00,12.1,,82.0,,좋음,26.0
2025-04-24 05:00:00,11.6,,85.0,,보통,33.0
2025-04-24 06:00:00,11.2,,85.0,,좋음,30.0
2025-04-24 07:00:00,11.1,,81.0,,보통,31.0
2025-04-24 08:00:00,12.6,,71.0,,보통,33.0
2025-04-24 09:00:00,14.4,,64.0,,보통,39.0
2025-04-24 10:00:00,16.2,,53.0,,보통,47.0
2025-04-24 11:00:00,17.5,,51.0,,보통,59.0
2025-04-24 12:00:00,19.1,,42.0,,보통,49.0
2025-04-24 13:00:00,18.8,,40.0,,보통,47.0
2025-04-24 14:00:00,19.0,,43.0,,보통,45.0
2025-04-24 15:00:00,19.3,,44.0,,보통,46.0
2025-04-24 16:00:00,19.2,,49.0,,보통,48.0
2025-04-24 17:00:00,18.1,,42.0,,보통,48.0
2025-04-24 18:00:00,17.0,,25.0,,보통,52.0
2025-04-24 19:00:00,15.3,,37.0,,보통,52.0
2025-04-24 20:00:00,14.3,,30.0,,보통,49.0
2025-04-24 21:00:00,13.2,,31.0,,나쁨,84.0
2025-04-24 22:00:00,12.3,,34.0,,나쁨,114.0
2025-04-24 23:00:00,11.4,,38.0,,나쁨,118.0
2025-04-25 00:00:00,10.7,,48.0,,나쁨,104.0
2025-04-25 01:00:00,10.0,,49.0,,나쁨,83.0
2025-04-25 02:00:00,9.4,,49.0,,보통,64.0
2025-04-25 03:00:00,8.9,,52.0,,보통,48.0
2025-04-25 04:00:00,8.3,,54.0,,보통,42.0
2025-04-25 05:00:00,7.9,,58.0,,보통,39.0
2025-04-25 06:00:00,7.7,,57.0,,보통,48.0
2025-04-25 07:00:00,8.2,,56.0,,보통,54.0
2025-04-25 08:00:00,10.3,,54.0,,보통,50.0
2025-04-25 09:00:00,12.4,,43.0,,보통,47.0
2025-04-25 10:00:00,14.2,,29.0,,보통,51.0
2025-04-25 11:00:00,15.5,,23.0,,보통,75.0
2025-04-25 12:00:00,16.0,,22.0,,보통,79.0
2025-04-25 13:00:00,16.6,,22.0,,보통,78.0
2025-04-25 14:00:00,17.6,,27.0,,보통,79.0
2025-04-25 15:00:00,17.5,,24.0,,보통,74.0
2025-04-25 16:00:00,16.9,,23.0,,보통,58.0
2025-04-25 17:00:00,16.4,,24.0,,보통,46.0
2025-04-25 18:00:00,15.5,,28.0,,보통,44.0
2025-04-25 19:00:00,14.0,,32.0,,보통,36.0
2025-04-25 20:00:00,12.6,,38.0,,보통,37.0
2025-04-25 21:00:00,11.8,,37.0,,보통,33.0
2025-04-25 22:00:00,11.1,,34.0,,좋음,28.0
2025-04-25 23:00:00,10.5,,36.0,,좋음,29.0
2025-04-26 00:00:00,10.0,,44.0,,보통,32.0
2025-04-26 01:00:00,9.6,,45.0,,보통,37.0
2025-04-26 02:00:00,8.9,,48.0,,보통,37.0
2025-04-26 03:00:00,9.0,,55.0,,보통,37.0
2025-04-26 04:00:00,8.5,,68.0,,보통,35.0
2025-04-26 05:00:00,7.9,,71.0,,보통,33.0
2025-04-26 06:00:00,7.3,,73.0,,보통,44.0
2025-04-26 07:00:00,7.7,,67.0,,보통,43.0
2025-04-26 08:00:00,10.2,,60.0,,보통,40.0
2025-04-26 09:00:00,13.0,,52.0,,보통,45.0
2025-04-26 10:00:00,15.0,,45.0,,보통,43.0
2025-04-26 11:00:00,17.0,,40.0,,보통,45.0
2025-04-26 12:00:00,18.1,,38.0,,보통,38.0
2025-04-26 13:00:00,19.3,,38.0,,보통,39.0
2025-04-26 14:00:00,19.9,,39.0,,보통,39.0
2025-04-26 15:00:00,19.2,,43.0,,보통,41.0
2025-04-26 16:00:00,18.0,,46.0,,보통,42.0
2025-04-26 17:00:00,17.8,,48.0,,보통,37.0
2025-04-26 18:00:00,16.8,,50.0,,보통,40.0
2025-04-26 19:00:00,15.2,,56.0,,보통,33.0
2025-04-26 20:00:00,14.4,,57.0,,보통,37.0
2025-04-26 21:00:00,14.3,,58.0,,보통,39.0
2025-04-26 22:00:00,13.8,,56.0,,보통,37.0
2025-04-26 23:00:00,13.2,,56.0,,보통,40.0
2025-04-27 00:00:00,12.5,,56.0,,보통,34.0
2025-04-27 01:00:00,11.9,,59.0,,보통,31.0
2025-04-27 02:00:00,11.0,,61.0,,보통,32.0
2025-04-27 03:00:00,10.9,,62.0,,좋음,28.0
2025-04-27 04:00:00,10.9,,58.0,,좋음,28.0
2025-04-27 05:00:00,11.1,,54.0,,좋음,28.0
2025-04-27 06:00:00,11.2,,49.0,,좋음,30.0
2025-04-27 07:00:00,12.4,,47.0,,좋음,30.0
2025-04-27 08:00:00,14.1,,41.0,,좋음,29.0
2025-04-27 09:00:00,15.8,,39.0,,보통,31.0
2025-04-27 10:00:00,17.4,,39.0,,좋음,28.0
2025-04-27 11:00:00,18.1,,33.0,,좋음,24.0
2025-04-27 12:00:00,18.4,,34.0,,좋음,24.0
2025-04-27 13:00:00,18.4,,34.0,,좋음,24.0
2025-04-27 14:00:00,18.8,,37.0,,좋음,23.0
2025-04-27 15:00:00,18.8,,40.0,,좋음,24.0
2025-04-27 16:00:00,18.4,,41.0,,좋음,27.0
2025-04-27 17:00:00,17.6,,42.0,,좋음,26.0
2025-04-27 18:00:00,16.9,,42.0,,좋음,27.0
2025-04-27 19:00:00,15.8,,44.0,,좋음,25.0
2025-04-27 20:00:00,15.1,,43.0,,좋음,20.0
2025-04-27 21:00:00,14.5,,50.0,,좋음,22.0
2025-04-27 22:00:00,13.4,,53.0,,좋음,23.0
2025-04-27 23:00:00,12.8,,55.0,,좋음,28.0
2025-04-28 00:00:00,12.5,,55.0,,좋음,24.0
2025-04-28 01:00:00,12.2,,58.0,,좋음,24.0
2025-04-28 02:00:00,12.1,,60.0,,좋음,24.0
2025-04-28 03:00:00,11.9,,62.0,,좋음,24.0
2025-04-28 04:00:00,11.8,,61.0,,좋음,23.0
2025-04-28 05:00:00,11.1,,67.0,,좋음,24.0
2025-04-28 06:00:00,10.4,,71.0,,좋음,24.0
2025-04-28 07:00:00,10.6,,74.0,,보통,32.0
2025-04-28 08:00:00,12.4,,71.0,,보통,36.0
2025-04-28 09:00:00,14.5,,65.0,,보통,40.0
2025-04-28 10:00:00,16.2,,57.0,,보통,43.0
2025-04-28 11:00:00,17.6,,47.0,,보통,58.0
2025-04-28 12:00:00,18.7,,41.0,,보통,59.0
2025-04-28 13:00:00,19.9,,39.0,,보통,54.0
2025-04-28 14:00:00,19.7,,27.0,,보통,49.0
2025-04-28 15:00:00,19.5,,38.0,,보통,46.0
2025-04-28 16:00:00,20.0,,19.0,,보통,47.0
2025-04-28 17:00:00,19.3,,24.0,,보통,44.0
2025-04-28 18:00:00,18.5,,26.0,,보통,43.0
2025-04-28 19:00:00,17.1,,26.0,,보통,43.0
2025-04-28 20:00:00,15.7,,28.0,,보통,47.0
2025-04-28 21:00:00,15.2,,25.0,,보통,45.0
2025-04-28 22:00:00,13.7,,34.0,,보통,45.0
2025-04-28 23:00:00,13.1,,35.0,,보통,50.0
2025-04-29 00:00:00,11.9,,37.0,,보통,49.0
2025-04-29 01:00:00,11.3,,36.0,,보통,50.0
2025-04-29 02:00:00,11.1,,36.0,,보통,46.0
2025-04-29 03:00:00,10.0,,42.0,,보통,42.0
2025-04-29 04:00:00,9.3,,45.0,,보통,45.0
2025-04-29 05:00:00,8.8,,48.0,,보통,42.0
2025-04-29 06:00:00,8.4,,51.0,,보통,47.0
2025-04-29 07:00:00,9.0,,54.0,,보통,49.0
2025-04-29 08:00:00,11.7,,48.0,,보통,54.0
2025-04-29 09:00:00,14.5,,41.0,,보통,60.0
2025-04-29 10:00:00,16.4,,30.0,,보통,52.0
2025-04-29 11:00:00,18.2,,29.0,,보통,50.0
2025-04-29 12:00:00,19.2,,27.0,,보통,52.0
2025-04-29 13:00:00,20.1,,20.0,,보통,53.0
2025-04-29 14:00:00,20.8,,21.0,,보통,54.0
2025-04-29 15:00:00,20.6,,21.0,,보통,54.0
2025-04-29 16:00:00,20.1,,20.0,,보통,54.0
2025-04-29 17:00:00,20.2,,19.0,,보통,52.0
2025-04-29 18:00:00,19.0,,22.0,,보통,49.0
2025-04-29 19:00:00,16.7,,26.0,,보통,44.0
2025-04-29 20:00:00,15.3,,29.0,,보통,46.0
2025-04-29 21:00:00,14.3,,31.0,,보통,46.0
2025-04-29 22:00:00,13.7,,35.0,,보통,48.0
2025-04-29 23:00:00,13.2,,36.0,,보통,49.0
2025-04-30 00:00:00,12.7,,38.0,,보통,51.0
2025-04-30 01:00:00,12.1,,42.0,,보통,50.0
2025-04-30 02:00:00,11.4,,44.0,,보통,49.0
2025-04-30 03:00:00,10.8,,48.0,,보통,49.0
2025-04-30 04:00:00,10.4,,51.0,,보통,46.0
2025-04-30 05:00:00,10.3,,52.0,,보통,46.0
2025-04-30 06:00:00,10.0,,53.0,,보통,53.0
2025-04-30 07:00:00,10.7,,54.0,,보통,57.0
2025-04-30 08:00:00,13.8,,47.0,,보통,52.0
2025-04-30 09:00:00,16.7,,40.0,,보통,43.0
2025-04-30 10:00:00,19.6,,35.0,,보통,47.0
2025-04-30 11:00:00,21.7,,28.0,,보통,50.0
2025-04-30 12:00:00,23.5,,25.0,,보통,47.0
2025-04-30 13:00:00,24.5,,22.0,,보통,46.0
2025-04-30 14:00:00,25.5,,23.0,,보통,50.0
2025-04-30 15:00:00,25.5,,23.0,,,
2025-04-30 16:00:00,25.6,,23.0,,,
2025-04-30 17:00:00,25.1,,24.0,,보통,52.0
2025-04-30 18:00:00,24.1,,26.0,,보통,43.0
2025-04-30 19:00:00,22.4,,29.0,,보통,38.0
2025-04-30 20:00:00,20.4,,33.0,,보통,44.0
2025-04-30 21:00:00,19.4,,34.0,,보통,45.0
2025-04-30 22:00:00,19.2,,35.0,,보통,49.0
2025-04-30 23:00:00,18.2,,38.0,,보통,49.0
2025-05-01 00:00:00,17.4,,41.0,,보통,53.0
2025-05-01 01:00:00,16.9,,44.0,,보통,47.0
2025-05-01 02:00:00,16.1,,45.0,,보통,46.0
2025-05-01 03:00:00,16.1,,42.0,,보통,40.0
2025-05-01 04:00:00,15.9,,39.0,,보통,37.0
2025-05-01 05:00:00,16.7,,31.0,,보통,32.0
2025-05-01 06:00:00,16.6,,28.0,,좋음,30.0
2025-05-01 07:00:00,16.9,,31.0,,좋음,27.0
2025-05-01 08:00:00,17.6,,34.0,,좋음,29.0
2025-05-01 09:00:00,17.4,,42.0,,보통,33.0
2025-05-01 10:00:00,16.0,0.6,61.0,,보통,33.0
2025-05-01 11:00:00,14.3,4.8,82.0,,보통,37.0
2025-05-01 12:00:00,14.0,4.9,90.0,,보통,31.0
2025-05-01 13:00:00,13.7,4.8,89.0,,좋음,21.0
2025-05-01 14:00:00,14.0,5.9,91.0,,좋음,23.0
2025-05-01 15:00:00,14.4,0.1,92.0,,좋음,22.0
2025-05-01 16:00:00,14.4,0.0,91.0,,좋음,24.0
2025-05-01 17:00:00,14.4,0.0,91.0,,보통,39.0
2025-05-01 18:00:00,14.4,,90.0,,보통,52.0
2025-05-01 19:00:00,14.1,,89.0,,보통,60.0
2025-05-01 20:00:00,13.6,,87.0,,보통,53.0
2025-05-01 21:00:00,13.2,,89.0,,보통,48.0
2025-05-01 22:00:00,12.8,,87.0,,보통,53.0
2025-05-01 23:00:00,11.9,,87.0,,보통,41.0
2025-05-02 00:00:00,11.3,,84.0,,보통,40.0
2025-05-02 01:00:00,10.4,,77.0,,보통,39.0
2025-05-02 02:00:00,9.8,,75.0,,보통,31.0
2025-05-02 03:00:00,9.5,,76.0,,좋음,27.0
2025-05-02 04:00:00,9.2,,77.0,,좋음,22.0
2025-05-02 05:00:00,8.8,,78.0,,좋음,19.0
2025-05-02 06:00:00,8.2,,82.0,,좋음,17.0
2025-05-02 07:00:00,8.5,,83.0,,좋음,18.0
2025-05-02 08:00:00,9.9,,75.0,,좋음,19.0
2025-05-02 09:00:00,11.6,,68.0,,좋음,17.0
2025-05-02 10:00:00,13.3,,58.0,,좋음,20.0
2025-05-02 11:00:00,14.8,,48.0,,좋음,27.0
2025-05-02 12:00:00,16.5,,49.0,,보통,34.0
2025-05-02 13:00:00,17.0,,40.0,,보통,32.0
2025-05-02 14:00:00,17.6,,35.0,,좋음,29.0
2025-05-02 15:00:00,18.2,,46.0,,보통,31.0
2025-05-02 16:00:00,17.2,,44.0,,보통,31.0
2025-05-02 17:00:00,16.9,,43.0,,보통,33.0
2025-05-02 18:00:00,16.2,,42.0,,보통,32.0
2025-05-02 19:00:00,15.2,,46.0,,좋음,30.0
2025-05-02 20:00:00,14.4,,49.0,,좋음,29.0
2025-05-02 21:00:00,13.8,,51.0,,보통,31.0
2025-05-02 22:00:00,13.7,0.0,51.0,,보통,34.0
2025-05-02 23:00:00,13.5,0.0,53.0,,보통,31.0
2025-05-03 00:00:00,12.9,,60.0,,좋음,28.0
2025-05-03 01:00:00,12.6,0.0,49.0,,좋음,26.0
2025-05-03 02:00:00,12.5,0.0,50.0,,좋음,22.0
2025-05-03 03:00:00,11.5,0.2,65.0,,좋음,23.0
2025-05-03 04:00:00,10.7,0.4,76.0,,좋음,22.0
2025-05-03 05:00:00,10.0,2.1,84.0,,좋음,21.0
2025-05-03 06:00:00,9.8,1.5,86.0,,좋음,14.0
2025-05-03 07:00:00,9.6,1.7,88.0,,좋음,17.0
2025-05-03 08:00:00,9.9,1.0,89.0,,좋음,18.0
2025-05-03 09:00:00,10.3,0.1,89.0,,좋음,16.0
2025-05-03 10:00:00,10.6,0.1,87.0,,좋음,20.0
2025-05-03 11:00:00,10.8,0.2,90.0,,좋음,18.0
2025-05-03 12:00:00,11.5,0.0,89.0,,좋음,15.0
2025-05-03 13:00:00,11.8,,83.0,,좋음,19.0
2025-05-03 14:00:00,13.6,,70.0,,좋음,17.0
2025-05-03 15:00:00,12.8,,72.0,,좋음,16.0
2025-05-03 16:00:00,12.8,,74.0,,좋음,18.0
2025-05-03 17:00:00,12.8,,79.0,,좋음,20.0
2025-05-03 18:00:00,13.0,,76.0,,좋음,21.0
2025-05-03 19:00:00,12.7,,74.0,,좋음,19.0
2025-05-03 20:00:00,11.6,,79.0,,좋음,20.0
2025-05-03 21:00:00,10.9,,81.0,,좋음,22.0
2025-05-03 22:00:00,10.3,,83.0,,좋음,25.0
2025-05-03 23:00:00,9.9,,86.0,,좋음,30.0
2025-05-04 00:00:00,9.6,,86.0,,좋음,28.0
2025-05-04 01:00:00,9.2,,88.0,,좋음,29.0
2025-05-04 02:00:00,8.9,,90.0,,좋음,28.0
2025-05-04 03:00:00,8.8,,88.0,,좋음,25.0
2025-05-04 04:00:00,8.4,,88.0,,좋음,27.0
2025-05-04 05:00:00,8.4,,92.0,,좋음,26.0
2025-05-04 06:00:00,8.3,,91.0,,보통,31.0
2025-05-04 07:00:00,8.7,,91.0,,보통,34.0
2025-05-04 08:00:00,10.6,,84.0,,보통,34.0
2025-05-04 09:00:00,12.7,,73.0,,보통,35.0
2025-05-04 10:00:00,14.4,,65.0,,보통,37.0
2025-05-04 11:00:00,16.4,,56.0,,보통,32.0
2025-05-04 12:00:00,17.9,,38.0,,보통,32.0
2025-05-04 13:00:00,18.9,,31.0,,좋음,30.0
2025-05-04 14:00:00,19.7,,24.0,,좋음,27.0
2025-05-04 15:00:00,19.7,,29.0,,보통,31.0
2025-05-04 16:00:00,18.8,,32.0,,좋음,30.0
2025-05-04 17:00:00,18.7,,35.0,,보통,32.0
2025-05-04 18:00:00,18.0,,38.0,,보통,42.0
2025-05-04 19:00:00,16.0,,42.0,,보통,40.0
2025-05-04 20:00:00,14.4,,52.0,,보통,41.0
2025-05-04 21:00:00,13.2,,60.0,,보통,43.0
2025-05-04 22:00:00,12.4,,64.0,,보통,42.0
2025-05-04 23:00:00,12.0,,67.0,,보통,39.0
2025-05-05 00:00:00,11.1,,70.0,,보통,40.0
2025-05-05 01:00:00,10.8,,72.0,,보통,37.0
2025-05-05 02:00:00,10.2,,75.0,,보통,33.0
2025-05-05 03:00:00,9.7,,80.0,,보통,31.0
2025-05-05 04:00:00,9.4,,80.0,,보통,31.0
2025-05-05 05:00:00,9.4,,80.0,,보통,31.0
2025-05-05 06:00:00,9.4,,79.0,,보통,33.0
2025-05-05 07:00:00,10.2,,80.0,,보통,39.0
2025-05-05 08:00:00,11.3,,75.0,,보통,41.0
2025-05-05 09:00:00,12.9,,67.0,,보통,38.0
2025-05-05 10:00:00,14.0,,60.0,,보통,41.0
2025-05-05 11:00:00,14.3,,59.0,,보통,41.0
2025-05-05 12:00:00,14.3,,57.0,,보통,49.0
2025-05-05 13:00:00,14.3,,55.0,,보통,47.0
2025-05-05 14:00:00,14.8,,56.0,,보통,46.0
2025-05-05 15:00:00,13.7,,55.0,,보통,48.0
2025-05-05 16:00:00,13.5,,56.0,,보통,35.0
2025-05-05 17:00:00,13.4,,54.0,,좋음,27.0
2025-05-05 18:00:00,13.1,,58.0,,좋음,26.0
2025-05-05 19:00:00,12.7,,59.0,,좋음,26.0
2025-05-05 20:00:00,12.6,,58.0,,좋음,26.0
2025-05-05 21:00:00,12.5,,59.0,,좋음,24.0
2025-05-05 22:00:00,12.3,,60.0,,좋음,23.0
2025-05-05 23:00:00,12.1,,59.0,,좋음,22.0
2025-05-06 00:00:00,11.3,,61.0,,좋음,23.0
2025-05-06 01:00:00,10.4,,64.0,,좋음,23.0
2025-05-06 02:00:00,10.0,,67.0,,좋음,20.0
2025-05-06 03:00:00,9.4,,69.0,,좋음,19.0
2025-05-06 04:00:00,9.1,,73.0,,좋음,19.0
2025-05-06 05:00:00,8.5,,74.0,,좋음,20.0
2025-05-06 06:00:00,8.6,,74.0,,좋음,23.0
2025-05-06 07:00:00,9.4,,73.0,,좋음,26.0
2025-05-06 08:00:00,11.8,,66.0,,좋음,24.0
2025-05-06 09:00:00,14.4,,56.0,,좋음,25.0
2025-05-06 10:00:00,16.8,,46.0,,좋음,24.0
2025-05-06 11:00:00,17.7,,43.0,,좋음,25.0
2025-05-06 12:00:00,18.5,,45.0,,좋음,27.0
2025-05-06 13:00:00,18.3,,41.0,,좋음,26.0
2025-05-06 14:00:00,17.9,,41.0,,좋음,26.0
2025-05-06 15:00:00,18.1,,40.0,,좋음,22.0
2025-05-06 16:00:00,18.9,,39.0,,좋음,19.0
2025-05-06 17:00:00,19.1,,37.0,,좋음,19.0
2025-05-06 18:00:00,18.6,,44.0,,좋음,23.0
2025-05-06 19:00:00,16.7,,53.0,,좋음,24.0
2025-05-06 20:00:00,15.5,,58.0,,좋음,30.0
2025-05-06 21:00:00,14.9,,61.0,,보통,31.0
2025-05-06 22:00:00,14.0,,65.0,,보통,32.0
2025-05-06 23:00:00,13.4,,66.0,,보통,31.0
2025-05-07 00:00:00,12.6,,71.0,,보통,34.0
2025-05-07 01:00:00,11.9,,69.0,,보통,35.0
2025-05-07 02:00:00,11.5,,71.0,,보통,32.0
2025-05-07 03:00:00,11.2,,74.0,,좋음,30.0
2025-05-07 04:00:00,10.7,,76.0,,좋음,30.0
2025-05-07 05:00:00,10.2,,79.0,,좋음,30.0
2025-05-07 06:00:00,9.9,,81.0,,좋음,29.0
2025-05-07 07:00:00,10.6,,79.0,,보통,34.0
2025-05-07 08:00:00,12.4,,78.0,,보통,33.0
2025-05-07 09:00:00,14.7,,68.0,,보통,38.0
2025-05-07 10:00:00,16.7,,58.0,,보통,44.0
2025-05-07 11:00:00,18.1,,51.0,,보통,42.0
2025-05-07 12:00:00,18.9,,49.0,,보통,40.0
2025-05-07 13:00:00,20.4,,41.0,,보통,35.0
2025-05-07 14:00:00,20.7,,46.0,,보통,35.0
2025-05-07 15:00:00,20.9,,46.0,,보통,35.0
2025-05-07 16:00:00,20.2,,44.0,,보통,37.0
2025-05-07 17:00:00,19.3,,43.0,,보통,34.0
2025-05-07 18:00:00,18.1,,47.0,,보통,34.0
2025-05-07 19:00:00,16.5,,55.0,,보통,35.0
2025-05-07 20:00:00,14.9,,59.0,,보통,35.0
2025-05-07 21:00:00,13.9,,62.0,,보통,32.0
2025-05-07 22:00:00,13.1,,66.0,,보통,32.0
2025-05-07 23:00:00,12.4,,67.0,,좋음,29.0
2025-05-08 00:00:00,11.9,,65.0,,좋음,28.0
2025-05-08 01:00:00,11.6,,66.0,,보통,31.0
2025-05-08 02:00:00,11.2,,69.0,,좋음,27.0
2025-05-08 03:00:00,10.9,,71.0,,좋음,29.0
2025-05-08 04:00:00,10.4,,75.0,,좋음,28.0
2025-05-08 05:00:00,10.1,,77.0,,좋음,26.0
2025-05-08 06:00:00,9.8,,78.0,,보통,32.0
2025-05-08 07:00:00,10.5,,80.0,,보통,35.0
2025-05-08 08:00:00,13.2,,75.0,,보통,37.0
2025-05-08 09:00:00,15.8,,63.0,,보통,40.0
2025-05-08 10:00:00,18.2,,55.0,,보통,43.0
2025-05-08 11:00:00,20.0,,48.0,,보통,45.0
2025-05-08 12:00:00,21.4,,43.0,,보통,44.0
2025-05-08 13:00:00,22.9,,37.0,,보통,47.0
2025-05-08 14:00:00,24.2,,33.0,,나쁨,92.0
2025-05-08 15:00:00,24.6,,29.0,,나쁨,115.0
2025-05-08 16:00:00,24.9,,25.0,,나쁨,121.0
2025-05-08 17:00:00,24.5,,29.0,,나쁨,125.0
2025-05-08 18:00:00,21.3,,43.0,,나쁨,121.0
2025-05-08 19:00:00,19.3,,46.0,,나쁨,83.0
2025-05-08 20:00:00,18.7,,44.0,,보통,78.0
2025-05-08 21:00:00,18.2,,48.0,,보통,72.0
2025-05-08 22:00:00,18.0,,46.0,,나쁨,82.0
2025-05-08 23:00:00,17.6,,49.0,,나쁨,84.0
2025-05-09 00:00:00,17.3,,53.0,,보통,79.0
2025-05-09 01:00:00,17.1,,54.0,,보통,75.0
2025-05-09 02:00:00,16.8,,54.0,,보통,76.0
2025-05-09 03:00:00,16.5,,53.0,,보통,75.0
2025-05-09 04:00:00,16.4,,53.0,,나쁨,82.0
2025-05-09 05:00:00,16.1,,55.0,,나쁨,88.0
2025-05-09 06:00:00,16.1,,56.0,,나쁨,93.0
2025-05-09 07:00:00,16.1,0.0,59.0,,나쁨,96.0
2025-05-09 08:00:00,15.2,1.4,77.0,,나쁨,94.0
2025-05-09 09:00:00,15.0,0.5,78.0,,나쁨,89.0
2025-05-09 10:00:00,14.9,1.2,85.0,,,
2025-05-09 11:00:00,14.6,0.6,82.0,,,
2025-05-09 12:00:00,14.9,0.3,82.0,,보통,50.0
2025-05-09 13:00:00,14.5,0.5,87.0,,보통,62.0
2025-05-09 14:00:00,14.2,1.5,93.0,,보통,58.0
2025-05-09 15:00:00,14.2,2.2,95.0,,보통,46.0
2025-05-09 16:00:00,14.3,3.3,96.0,,보통,34.0
2025-05-09 17:00:00,14.4,3.0,97.0,,좋음,23.0
2025-05-09 18:00:00,14.6,0.3,96.0,,좋음,17.0
2025-05-09 19:00:00,14.7,0.2,95.0,,좋음,16.0
2025-05-09 20:00:00,14.8,0.9,96.0,,좋음,16.0
2025-05-09 21:00:00,14.8,0.2,97.0,,좋음,14.0
2025-05-09 22:00:00,14.8,0.9,97.0,,좋음,14.0
2025-05-09 23:00:00,14.8,0.1,95.0,,좋음,12.0
2025-05-10 00:00:00,14.9,0.5,97.0,,좋음,10.0
2025-05-10 01:00:00,15.1,2.7,97.0,,좋음,9.0
2025-05-10 02:00:00,15.1,0.5,95.0,,좋음,5.0
2025-05-10 03:00:00,14.8,1.4,96.0,,좋음,6.0
2025-05-10 04:00:00,13.8,0.7,95.0,,좋음,7.0
2025-05-10 05:00:00,12.4,0.0,96.0,,좋음,7.0
2025-05-10 06:00:00,12.5,0.0,97.0,,좋음,7.0
2025-05-10 07:00:00,12.2,0.2,96.0,,좋음,8.0
2025-05-10 08:00:00,11.9,0.2,96.0,,좋음,10.0
2025-05-10 09:00:00,11.6,0.5,95.0,,보통,38.0
2025-05-10 10:00:00,11.8,0.9,97.0,,보통,47.0
2025-05-10 11:00:00,11.8,1.6,98.0,,보통,45.0
2025-05-10 12:00:00,11.7,2.2,97.0,,좋음,28.0
2025-05-10 13:00:00,11.9,0.6,96.0,,좋음,14.0
2025-05-10 14:00:00,12.1,0.0,96.0,,좋음,21.0
2025-05-10 15:00:00,12.2,0.0,95.0,,보통,33.0
2025-05-10 16:00:00,12.4,,94.0,,보통,35.0
2025-05-10 17:00:00,11.9,1.8,97.0,,보통,39.0
2025-05-10 18:00:00,11.9,0.8,97.0,,보통,39.0
2025-05-10 19:00:00,12.1,0.0,96.0,,보통,41.0
2025-05-10 20:00:00,12.2,,95.0,,보통,42.0
2025-05-10 21:00:00,12.0,,94.0,,보통,47.0
2025-05-10 22:00:00,11.9,,93.0,,보통,48.0
2025-05-10 23:00:00,11.8,,93.0,,보통,52.0
2025-05-11 00:00:00,11.7,,93.0,,보통,51.0
2025-05-11 01:00:00,11.6,,93.0,,보통,50.0
2025-05-11 02:00:00,11.5,,91.0,,보통,51.0
2025-05-11 03:00:00,11.5,,93.0,,보통,53.0
2025-05-11 04:00:00,11.6,0.0,91.0,,보통,58.0
2025-05-11 05:00:00,11.6,,92.0,,보통,64.0
2025-05-11 06:00:00,11.5,,92.0,,보통,67.0
2025-05-11 07:00:00,11.8,,92.0,,보통,68.0
2025-05-11 08:00:00,12.5,,90.0,,보통,74.0
2025-05-11 09:00:00,13.3,,86.0,,보통,67.0
2025-05-11 10:00:00,14.5,,79.0,,보통,64.0
2025-05-11 11:00:00,15.1,,79.0,,보통,62.0
2025-05-11 12:00:00,16.2,,76.0,,보통,59.0
2025-05-11 13:00:00,17.8,,70.0,,보통,59.0
2025-05-11 14:00:00,19.0,,65.0,,보통,58.0
2025-05-11 15:00:00,19.6,,60.0,,보통,51.0
2025-05-11 16:00:00,19.3,,62.0,,보통,45.0
2025-05-11 17:00:00,20.0,,58.0,,보통,42.0
2025-05-11 18:00:00,18.7,,58.0,,보통,43.0
2025-05-11 19:00:00,17.1,,60.0,,보통,45.0
2025-05-11 20:00:00,15.9,,62.0,,보통,51.0
2025-05-11 21:00:00,14.4,,69.0,,보통,49.0
2025-05-11 22:00:00,13.3,,76.0,,보통,47.0
2025-05-11 23:00:00,12.7,,78.0,,보통,55.0
2025-05-12 00:00:00,12.2,,81.0,,보통,53.0
2025-05-12 01:00:00,11.7,,84.0,,보통,53.0
2025-05-12 02:00:00,11.4,,85.0,,보통,51.0
2025-05-12 03:00:00,11.4,,87.0,,보통,53.0
2025-05-12 04:00:00,10.8,,89.0,,보통,55.0
2025-05-12 05:00:00,10.2,,89.0,,보통,55.0
2025-05-12 06:00:00,9.9,,91.0,,보통,58.0
2025-05-12 07:00:00,10.7,,93.0,,보통,68.0
2025-05-12 08:00:00,13.0,,86.0,,보통,72.0
2025-05-12 09:00:00,15.0,,73.0,,보통,76.0
2025-05-12 10:00:00,17.1,,64.0,,보통,68.0
2025-05-12 11:00:00,19.1,,55.0,,보통,58.0
2025-05-12 12:00:00,20.6,,53.0,,보통,57.0
2025-05-12 13:00:00,21.8,,41.0,,보통,45.0
2025-05-12 14:00:00,22.3,,40.0,,보통,42.0
2025-05-12 15:00:00,23.0,,40.0,,보통,41.0
2025-05-12 16:00:00,23.2,,42.0,,보통,46.0
2025-05-12 17:00:00,23.2,,42.0,,보통,40.0
2025-05-12 18:00:00,22.4,,43.0,,보통,38.0
2025-05-12 19:00:00,21.2,,39.0,,보통,31.0
2025-05-12 20:00:00,19.7,,44.0,,보통,35.0
2025-05-12 21:00:00,18.3,,51.0,,보통,38.0
2025-05-12 22:00:00,17.0,,58.0,,보통,45.0
2025-05-12 23:00:00,16.2,,59.0,,보통,46.0
2025-05-13 00:00:00,15.5,,63.0,,보통,46.0
2025-05-13 01:00:00,15.1,,64.0,,보통,46.0
2025-05-13 02:00:00,14.7,,67.0,,보통,39.0
2025-05-13 03:00:00,14.3,,69.0,,보통,41.0
2025-05-13 04:00:00,14.0,,70.0,,보통,40.0
2025-05-13 05:00:00,13.4,,72.0,,보통,41.0
2025-05-13 06:00:00,13.4,,74.0,,보통,55.0
2025-05-13 07:00:00,14.8,,73.0,,보통,66.0
2025-05-13 08:00:00,16.7,,65.0,,보통,60.0
2025-05-13 09:00:00,18.2,,61.0,,보통,54.0
2025-05-13 10:00:00,20.7,,54.0,,보통,50.0
2025-05-13 11:00:00,23.1,,38.0,,보통,48.0
2025-05-13 12:00:00,24.6,,30.0,,보통,47.0
2025-05-13 13:00:00,25.6,,28.0,,보통,45.0
2025-05-13 14:00:00,25.5,,29.0,,보통,46.0
2025-05-13 15:00:00,25.6,,30.0,,보통,47.0
2025-05-13 16:00:00,25.1,,30.0,,보통,45.0
2025-05-13 17:00:00,24.8,,29.0,,보통,39.0
2025-05-13 18:00:00,24.6,,28.0,,보통,35.0
2025-05-13 19:00:00,23.7,,33.0,,보통,40.0
2025-05-13 20:00:00,22.3,,38.0,,보통,43.0
2025-05-13 21:00:00,21.1,,38.0,,보통,49.0
2025-05-13 22:00:00,20.2,,40.0,,보통,47.0
2025-05-13 23:00:00,18.9,,44.0,,보통,46.0
2025-05-14 00:00:00,17.7,,49.0,,보통,54.0
2025-05-14 01:00:00,16.8,,52.0,,보통,57.0
2025-05-14 02:00:00,16.1,,56.0,,보통,55.0
2025-05-14 03:00:00,15.4,,58.0,,보통,52.0
2025-05-14 04:00:00,15.0,,60.0,,보통,52.0
2025-05-14 05:00:00,14.3,,66.0,,보통,53.0
2025-05-14 06:00:00,14.1,,65.0,,보통,58.0
2025-05-14 07:00:00,14.6,,67.0,,보통,62.0
2025-05-14 08:00:00,17.7,,59.0,,보통,64.0
2025-05-14 09:00:00,20.4,,50.0,,보통,59.0
2025-05-14 10:00:00,22.2,,45.0,,보통,49.0
2025-05-14 11:00:00,23.7,,40.0,,보통,40.0
2025-05-14 12:00:00,25.0,,37.0,,보통,47.0
2025-05-14 13:00:00,25.6,,32.0,,보통,48.0
2025-05-14 14:00:00,26.5,,34.0,,보통,45.0
2025-05-14 15:00:00,26.1,,36.0,,보통,43.0
2025-05-14 16:00:00,25.3,,36.0,,보통,42.0
2025-05-14 17:00:00,24.4,,38.0,,보통,40.0
2025-05-14 18:00:00,24.0,,44.0,,보통,32.0
2025-05-14 19:00:00,23.1,,50.0,,좋음,28.0
2025-05-14 20:00:00,22.0,,55.0,,좋음,26.0
2025-05-14 21:00:00,21.7,,63.0,,좋음,28.0
2025-05-14 22:00:00,21.2,,65.0,,보통,31.0
2025-05-14 23:00:00,21.3,,67.0,,보통,34.0
2025-05-15 00:00:00,21.3,0.0,69.0,,보통,34.0
2025-05-15 01:00:00,21.1,,69.0,,보통,31.0
2025-05-15 02:00:00,21.1,0.0,70.0,,보통,33.0
2025-05-15 03:00:00,20.4,0.0,74.0,,보통,34.0
2025-05-15 04:00:00,19.7,0.1,81.0,,보통,35.0
2025-05-15 05:00:00,19.3,0.2,85.0,,보통,39.0
2025-05-15 06:00:00,18.9,0.0,90.0,,보통,44.0
2025-05-15 07:00:00,18.6,0.2,93.0,,보통,35.0
2025-05-15 08:00:00,18.2,0.2,93.0,,좋음,19.0
2025-05-15 09:00:00,17.1,0.3,93.0,,좋음,14.0
2025-05-15 10:00:00,16.9,0.1,92.0,,좋음,12.0
2025-05-15 11:00:00,17.3,0.0,90.0,,좋음,19.0
2025-05-15 12:00:00,18.7,,84.0,,좋음,23.0
2025-05-15 13:00:00,19.7,,80.0,,보통,42.0
2025-05-15 14:00:00,20.2,,79.0,,보통,44.0
2025-05-15 15:00:00,21.1,,74.0,,보통,37.0
2025-05-15 16:00:00,22.0,,69.0,,보통,46.0
2025-05-15 17:00:00,22.1,,67.0,,보통,41.0
2025-05-15 18:00:00,21.7,,68.0,,보통,39.0
2025-05-15 19:00:00,21.0,,71.0,,보통,44.0
2025-05-15 20:00:00,20.3,,76.0,,보통,45.0
2025-05-15 21:00:00,19.6,,78.0,,보통,41.0
2025-05-15 22:00:00,19.0,,81.0,,보통,35.0
2025-05-15 23:00:00,18.5,,85.0,,보통,41.0
2025-05-16 00:00:00,18.3,,86.0,,보통,40.0
2025-05-16 01:00:00,18.5,,88.0,,보통,45.0
2025-05-16 02:00:00,18.6,,86.0,,보통,47.0
2025-05-16 03:00:00,18.7,0.0,87.0,,보통,51.0
2025-05-16 04:00:00,18.5,0.0,90.0,,보통,58.0
2025-05-16 05:00:00,18.3,0.0,92.0,,보통,67.0
2025-05-16 06:00:00,18.2,0.0,94.0,,보통,59.0
2025-05-16 07:00:00,18.5,1.2,94.0,,보통,60.0
2025-05-16 08:00:00,19.0,0.2,95.0,,보통,55.0
2025-05-16 09:00:00,19.7,1.4,94.0,,보통,59.0
2025-05-16 10:00:00,20.4,0.7,92.0,,보통,50.0
2025-05-16 11:00:00,20.3,6.4,94.0,,보통,40.0
2025-05-16 12:00:00,20.8,3.2,94.0,,보통,56.0
2025-05-16 13:00:00,21.3,0.1,93.0,,좋음,30.0
2025-05-16 14:00:00,21.5,3.6,94.0,,보통,33.0
2025-05-16 15:00:00,21.8,0.5,93.0,,보통,31.0
2025-05-16 16:00:00,21.2,3.5,93.0,,좋음,30.0
2025-05-16 17:00:00,20.0,13.0,93.0,,좋음,22.0
2025-05-16 18:00:00,19.5,9.2,94.0,,좋음,18.0
2025-05-16 19:00:00,19.3,1.3,96.0,,좋음,12.0
2025-05-16 20:00:00,19.0,4.5,96.0,,좋음,15.0
2025-05-16 21:00:00,18.4,2.5,94.0,,좋음,18.0
2025-05-16 22:00:00,18.2,0.0,93.0,,좋음,18.0
2025-05-16 23:00:00,17.9,0.0,92.0,,좋음,18.0
2025-05-17 00:00:00,17.9,,91.0,,좋음,18.0
2025-05-17 01:00:00,17.6,,91.0,,좋음,15.0
2025-05-17 02:00:00,17.2,,92.0,,좋음,18.0
2025-05-17 03:00:00,17.0,,93.0,,좋음,18.0
2025-05-17 04:00:00,16.7,,94.0,,좋음,17.0
2025-05-17 05:00:00,16.2,,95.0,,좋음,19.0
2025-05-17 06:00:00,16.3,,96.0,,좋음,19.0
2025-05-17 07:00:00,16.7,,96.0,,좋음,25.0
2025-05-17 08:00:00,18.4,,94.0,,좋음,28.0
2025-05-17 09:00:00,20.1,,87.0,,좋음,30.0
2025-05-17 10:00:00,21.3,,79.0,,좋음,20.0
2025-05-17 11:00:00,22.2,,70.0,,좋음,26.0
2025-05-17 12:00:00,23.2,,67.0,,보통,32.0
2025-05-17 13:00:00,24.1,,64.0,,좋음,26.0
2025-05-17 14:00:00,23.9,,65.0,,좋음,24.0
2025-05-17 15:00:00,22.2,,70.0,,좋음,23.0
2025-05-17 16:00:00,19.8,,77.0,,좋음,17.0
2025-05-17 17:00:00,18.9,0.0,83.0,,좋음,17.0
2025-05-17 18:00:00,17.7,0.7,92.0,,좋음,11.0
2025-05-17 19:00:00,16.6,1.5,92.0,,좋음,8.0
2025-05-17 20:00:00,15.7,0.0,93.0,,좋음,11.0
2025-05-17 21:00:00,15.4,0.0,94.0,,좋음,17.0
2025-05-17 22:00:00,15.0,0.0,95.0,,좋음,25.0
2025-05-17 23:00:00,14.9,0.0,93.0,,보통,33.0
2025-05-18 00:00:00,14.7,,92.0,,보통,45.0
2025-05-18 01:00:00,14.1,,89.0,,보통,39.0
2025-05-18 02:00:00,13.7,,90.0,,보통,37.0
2025-05-18 03:00:00,13.2,,88.0,,보통,37.0
2025-05-18 04:00:00,12.4,,84.0,,보통,42.0
2025-05-18 05:00:00,11.8,,85.0,,보통,44.0
2025-05-18 06:00:00,11.4,,86.0,,보통,42.0
2025-05-18 07:00:00,11.7,,86.0,,보통,39.0
2025-05-18 08:00:00,12.6,,79.0,,보통,34.0
2025-05-18 09:00:00,13.7,,76.0,,좋음,29.0
2025-05-18 10:00:00,15.5,,69.0,,좋음,30.0
2025-05-18 11:00:00,16.7,,61.0,,좋음,30.0
2025-05-18 12:00:00,18.2,,47.0,,좋음,26.0
2025-05-18 13:00:00,19.4,,45.0,,좋음,29.0
2025-05-18 14:00:00,20.1,,33.0,,보통,32.0
2025-05-18 15:00:00,21.0,,33.0,,보통,33.0
2025-05-18 16:00:00,20.7,,36.0,,보통,35.0
2025-05-18 17:00:00,19.9,,35.0,,좋음,30.0
2025-05-18 18:00:00,19.3,,40.0,,좋음,30.0
2025-05-18 19:00:00,17.7,,43.0,,좋음,30.0
2025-05-18 20:00:00,16.1,,42.0,,좋음,30.0
2025-05-18 21:00:00,15.0,,46.0,,좋음,28.0
2025-05-18 22:00:00,14.2,,48.0,,좋음,28.0
2025-05-18 23:00:00,13.6,,51.0,,좋음,25.0
2025-05-19 00:00:00,12.8,,58.0,,좋음,30.0
2025-05-19 01:00:00,12.2,,58.0,,보통,33.0
2025-05-19 02:00:00,11.7,,57.0,,보통,33.0
2025-05-19 03:00:00,11.3,,61.0,,보통,33.0
2025-05-19 04:00:00,10.5,,61.0,,좋음,30.0
2025-05-19 05:00:00,10.6,,64.0,,보통,31.0
2025-05-19 06:00:00,11.3,,66.0,,보통,38.0
2025-05-19 07:00:00,12.2,,63.0,,보통,40.0
2025-05-19 08:00:00,13.6,,61.0,,보통,45.0
2025-05-19 09:00:00,14.0,,60.0,,보통,46.0
2025-05-19 10:00:00,14.9,,56.0,,보통,44.0
2025-05-19 11:00:00,17.2,,58.0,,보통,51.0
2025-05-19 12:00:00,18.8,,53.0,,보통,47.0
2025-05-19 13:00:00,19.8,,48.0,,보통,40.0
2025-05-19 14:00:00,19.9,,46.0,,보통,38.0
2025-05-19 15:00:00,20.2,,54.0,,보통,46.0
2025-05-19 16:00:00,20.5,,62.0,,보통,60.0
2025-05-19 17:00:00,19.4,,70.0,,보통,54.0
2025-05-19 18:00:00,18.3,,78.0,,보통,53.0
2025-05-19 19:00:00,17.8,0.0,84.0,,보통,61.0
2025-05-19 20:00:00,17.5,0.3,92.0,,보통,57.0
2025-05-19 21:00:00,17.6,0.6,94.0,,보통,51.0
2025-05-19 22:00:00,17.5,0.2,96.0,,보통,34.0
2025-05-19 23:00:00,17.4,0.2,96.0,,보통,32.0
2025-05-20 00:00:00,17.4,0.3,97.0,,보통,33.0
2025-05-20 01:00:00,17.6,0.6,95.0,,보통,32.0
2025-05-20 02:00:00,17.6,0.2,96.0,,좋음,26.0
2025-05-20 03:00:00,17.6,0.2,95.0,,좋음,25.0
2025-05-20 04:00:00,17.7,,94.0,,좋음,20.0
2025-05-20 05:00:00,17.7,,93.0,,좋음,19.0
2025-05-20 06:00:00,17.9,,93.0,,좋음,19.0
2025-05-20 07:00:00,18.2,,92.0,,좋음,23.0
2025-05-20 08:00:00,18.8,,93.0,,좋음,22.0
2025-05-20 09:00:00,19.4,,92.0,,좋음,27.0
2025-05-20 10:00:00,20.1,0.0,91.0,,보통,36.0
2025-05-20 11:00:00,20.7,0.0,91.0,,좋음,22.0
2025-05-20 12:00:00,21.8,0.0,89.0,,,
2025-05-20 13:00:00,24.3,,82.0,,,
2025-05-20 14:00:00,26.1,,76.0,,보통,32.0
2025-05-20 15:00:00,27.0,,72.0,,좋음,12.0
2025-05-20 16:00:00,26.5,,71.0,,좋음,13.0
2025-05-20 17:00:00,26.1,,74.0,,좋음,15.0
2025-05-20 18:00:00,25.2,,78.0,,좋음,15.0
2025-05-20 19:00:00,24.6,0.0,81.0,,좋음,11.0
2025-05-20 20:00:00,24.5,0.0,83.0,,좋음,18.0
2025-05-20 21:00:00,24.5,0.0,83.0,,좋음,19.0
2025-05-20 22:00:00,24.5,0.0,82.0,,좋음,23.0
2025-05-20 23:00:00,24.5,0.0,82.0,,좋음,26.0
2025-05-21 00:00:00,24.3,0.0,82.0,,좋음,15.0
2025-05-21 01:00:00,24.0,,84.0,,좋음,21.0
2025-05-21 02:00:00,23.7,,88.0,,좋음,22.0
2025-05-21 03:00:00,23.6,,88.0,,좋음,22.0
2025-05-21 04:00:00,23.4,,88.0,,좋음,27.0
2025-05-21 05:00:00,23.1,,89.0,,좋음,24.0
2025-05-21 06:00:00,23.0,,88.0,,좋음,27.0
2025-05-21 07:00:00,23.3,,86.0,,좋음,21.0
2025-05-21 08:00:00,24.2,,81.0,,좋음,24.0
2025-05-21 09:00:00,25.0,,75.0,,좋음,19.0
2025-05-21 10:00:00,25.9,,72.0,,좋음,21.0
2025-05-21 11:00:00,27.2,,66.0,,좋음,27.0
2025-05-21 12:00:00,27.6,,64.0,,좋음,23.0
2025-05-21 13:00:00,28.9,,61.0,,좋음,22.0
2025-05-21 14:00:00,30.3,,58.0,,보통,34.0
2025-05-21 15:00:00,30.2,,57.0,,보통,37.0
2025-05-21 16:00:00,29.8,,59.0,,보통,33.0
2025-05-21 17:00:00,28.3,,66.0,,보통,32.0
2025-05-21 18:00:00,27.8,,67.0,,보통,31.0
2025-05-21 19:00:00,26.6,,70.0,,좋음,29.0
2025-05-21 20:00:00,25.3,,74.0,,좋음,23.0
2025-05-21 21:00:00,24.4,,80.0,,좋음,23.0
2025-05-21 22:00:00,23.4,,82.0,,좋음,19.0
2025-05-21 23:00:00,22.7,,84.0,,좋음,17.0
2025-05-22 00:00:00,22.3,,85.0,,좋음,13.0
2025-05-22 01:00:00,21.8,,86.0,,좋음,13.0
2025-05-22 02:00:00,21.5,,88.0,,좋음,10.0
2025-05-22 03:00:00,21.5,,89.0,,좋음,19.0
2025-05-22 04:00:00,21.5,,88.0,,좋음,20.0
2025-05-22 05:00:00,21.5,0.0,88.0,,좋음,22.0
2025-05-22 06:00:00,21.0,0.7,93.0,,보통,32.0
2025-05-22 07:00:00,20.4,0.1,92.0,,보통,32.0
2025-05-22 08:00:00,20.4,0.0,88.0,,보통,34.0
2025-05-22 09:00:00,21.7,,81.0,,보통,31.0
2025-05-22 10:00:00,23.0,,73.0,,보통,35.0
2025-05-22 11:00:00,24.6,,67.0,,보통,41.0
2025-05-22 12:00:00,25.5,,64.0,,보통,32.0
2025-05-22 13:00:00,26.1,,56.0,,보통,33.0
2025-05-22 14:00:00,27.7,,48.0,,좋음,25.0
2025-05-22 15:00:00,28.1,,43.0,,좋음,24.0
2025-05-22 16:00:00,28.4,,42.0,,좋음,29.0
2025-05-22 17:00:00,28.1,,41.0,,보통,37.0
2025-05-22 18:00:00,26.9,,57.0,,보통,49.0
2025-05-22 19:00:00,26.1,,58.0,,보통,38.0
2025-05-22 20:00:00,25.2,,57.0,,보통,39.0
2025-05-22 21:00:00,24.1,,50.0,,보통,38.0
2025-05-22 22:00:00,24.0,,64.0,,보통,40.0
2025-05-22 23:00:00,23.2,,64.0,,보통,41.0
2025-05-23 00:00:00,22.3,,67.0,,좋음,28.0
2025-05-23 01:00:00,21.5,,64.0,,좋음,21.0
2025-05-23 02:00:00,20.5,,69.0,,좋음,19.0
2025-05-23 03:00:00,19.9,,69.0,,좋음,19.0
2025-05-23 04:00:00,19.4,,69.0,,좋음,25.0
2025-05-23 05:00:00,18.9,,64.0,,좋음,21.0
2025-05-23 06:00:00,18.3,,56.0,,좋음,25.0
2025-05-23 07:00:00,18.5,,46.0,,좋음,27.0
2025-05-23 08:00:00,18.8,,46.0,,보통,33.0
2025-05-23 09:00:00,19.4,,43.0,,보통,36.0
2025-05-23 10:00:00,19.8,,41.0,,보통,35.0
2025-05-23 11:00:00,20.3,,39.0,,보통,43.0
2025-05-23 12:00:00,20.7,,40.0,,보통,40.0
2025-05-23 13:00:00,21.3,,39.0,,보통,36.0
2025-05-23 14:00:00,21.3,,40.0,,보통,37.0
2025-05-23 15:00:00,21.6,,41.0,,보통,36.0
2025-05-23 16:00:00,21.8,,43.0,,보통,42.0
2025-05-23 17:00:00,21.5,,41.0,,보통,44.0
2025-05-23 18:00:00,21.1,,46.0,,보통,43.0
2025-05-23 19:00:00,20.7,,48.0,,보통,42.0
2025-05-23 20:00:00,19.9,0.0,50.0,,보통,45.0
2025-05-23 21:00:00,19.0,0.0,56.0,,보통,46.0
2025-05-23 22:00:00,16.7,0.6,75.0,,보통,42.0
2025-05-23 23:00:00,15.7,0.6,78.0,,보통,37.0
2025-05-24 00:00:00,15.4,0.0,79.0,,보통,34.0
2025-05-24 01:00:00,14.7,0.8,87.0,,보통,37.0
2025-05-24 02:00:00,14.2,2.3,91.0,,보통,33.0
2025-05-24 03:00:00,13.7,1.1,91.0,,보통,34.0
2025-05-24 04:00:00,13.4,0.0,89.0,,보통,34.0
2025-05-24 05:00:00,13.1,0.1,88.0,,보통,32.0
2025-05-24 06:00:00,13.1,0.0,86.0,,좋음,29.0
2025-05-24 07:00:00,13.3,,83.0,,좋음,30.0
2025-05-24 08:00:00,14.0,0.0,79.0,,보통,34.0
2025-05-24 09:00:00,14.9,,72.0,,보통,35.0
2025-05-24 10:00:00,15.2,,69.0,,보통,35.0
2025-05-24 11:00:00,15.5,,67.0,,좋음,28.0
2025-05-24 12:00:00,16.1,,67.0,,좋음,28.0
2025-05-24 13:00:00,17.5,,63.0,,좋음,26.0
2025-05-24 14:00:00,18.5,,60.0,,좋음,25.0
2025-05-24 15:00:00,18.7,,59.0,,좋음,20.0
2025-05-24 16:00:00,18.6,,57.0,,좋음,20.0
2025-05-24 17:00:00,18.9,,56.0,,좋음,23.0
2025-05-24 18:00:00,18.1,,57.0,,좋음,21.0
2025-05-24 19:00:00,17.0,,54.0,,좋음,18.0
2025-05-24 20:00:00,16.1,,56.0,,좋음,16.0
2025-05-24 21:00:00,15.7,,58.0,,좋음,11.0
2025-05-24 22:00:00,15.5,,60.0,,좋음,17.0
2025-05-24 23:00:00,15.0,,62.0,,좋음,14.0
2025-05-25 00:00:00,14.2,,63.0,,좋음,16.0
2025-05-25 01:00:00,13.6,,68.0,,좋음,13.0
2025-05-25 02:00:00,12.9,,71.0,,좋음,13.0
2025-05-25 03:00:00,12.5,,75.0,,좋음,15.0
2025-05-25 04:00:00,12.1,,79.0,,좋음,18.0
2025-05-25 05:00:00,11.8,,79.0,,좋음,19.0
2025-05-25 06:00:00,11.8,,80.0,,좋음,23.0
2025-05-25 07:00:00,12.5,,79.0,,좋음,19.0
2025-05-25 08:00:00,14.6,,73.0,,좋음,23.0
2025-05-25 09:00:00,16.8,,64.0,,좋음,18.0
2025-05-25 10:00:00,18.3,,58.0,,좋음,17.0
2025-05-25 11:00:00,19.9,,53.0,,좋음,19.0
2025-05-25 12:00:00,21.0,,50.0,,좋음,26.0
2025-05-25 13:00:00,21.9,,50.0,,좋음,25.0
2025-05-25 14:00:00,22.3,,49.0,,좋음,19.0
2025-05-25 15:00:00,22.3,,48.0,,좋음,20.0
2025-05-25 16:00:00,22.2,,47.0,,좋음,21.0
2025-05-25 17:00:00,22.3,,45.0,,좋음,22.0
2025-05-25 18:00:00,22.0,,46.0,,좋음,30.0
2025-05-25 19:00:00,20.6,,50.0,,좋음,25.0
2025-05-25 20:00:00,18.8,,57.0,,좋음,22.0
2025-05-25 21:00:00,17.5,,57.0,,좋음,26.0
2025-05-25 22:00:00,16.6,,61.0,,좋음,27.0
2025-05-25 23:00:00,16.0,,63.0,,좋음,24.0
2025-05-26 00:00:00,15.4,,68.0,,좋음,27.0
2025-05-26 01:00:00,14.8,,71.0,,좋음,30.0
2025-05-26 02:00:00,14.4,,74.0,,좋음,30.0
2025-05-26 03:00:00,14.0,,78.0,,보통,31.0
2025-05-26 04:00:00,13.6,,78.0,,보통,33.0
2025-05-26 05:00:00,13.5,,80.0,,보통,33.0
2025-05-26 06:00:00,13.1,,82.0,,보통,40.0
2025-05-26 07:00:00,14.1,,81.0,,보통,44.0
2025-05-26 08:00:00,16.6,,72.0,,보통,43.0
2025-05-26 09:00:00,18.8,,63.0,,보통,40.0
2025-05-26 10:00:00,20.5,,61.0,,보통,37.0
2025-05-26 11:00:00,21.7,,54.0,,보통,38.0
2025-05-26 12:00:00,23.5,,49.0,,보통,45.0
2025-05-26 13:00:00,24.6,,44.0,,보통,45.0
2025-05-26 14:00:00,25.5,,38.0,,보통,45.0
2025-05-26 15:00:00,26.0,,38.0,,보통,48.0
2025-05-26 16:00:00,25.6,,39.0,,보통,50.0
2025-05-26 17:00:00,25.4,,45.0,,보통,47.0
2025-05-26 18:00:00,24.5,,44.0,,보통,49.0
2025-05-26 19:00:00,22.8,,45.0,,보통,42.0
2025-05-26 20:00:00,21.0,,50.0,,보통,47.0
2025-05-26 21:00:00,20.1,,49.0,,보통,57.0
2025-05-26 22:00:00,19.4,,58.0,,보통,60.0
2025-05-26 23:00:00,18.2,,68.0,,보통,62.0
2025-05-27 00:00:00,17.7,,72.0,,보통,59.0
2025-05-27 01:00:00,17.3,,69.0,,보통,57.0
2025-05-27 02:00:00,16.5,,71.0,,보통,66.0
2025-05-27 03:00:00,15.8,,73.0,,보통,58.0
2025-05-27 04:00:00,15.2,,76.0,,보통,54.0
2025-05-27 05:00:00,14.8,,75.0,,보통,54.0
2025-05-27 06:00:00,14.8,,79.0,,보통,60.0
2025-05-27 07:00:00,15.7,,80.0,,보통,62.0
2025-05-27 08:00:00,18.1,,67.0,,보통,56.0
2025-05-27 09:00:00,20.1,,58.0,,보통,49.0
2025-05-27 10:00:00,21.7,,56.0,,보통,47.0
2025-05-27 11:00:00,23.2,,47.0,,보통,46.0
2025-05-27 12:00:00,24.5,,47.0,,보통,52.0
2025-05-27 13:00:00,25.6,,43.0,,보통,61.0
2025-05-27 14:00:00,26.2,,38.0,,보통,56.0
2025-05-27 15:00:00,26.9,,37.0,,보통,66.0
2025-05-27 16:00:00,26.5,,44.0,,보통,70.0
2025-05-27 17:00:00,25.7,,42.0,,보통,61.0
2025-05-27 18:00:00,24.9,,44.0,,보통,53.0
2025-05-27 19:00:00,23.0,,48.0,,보통,52.0
2025-05-27 20:00:00,21.2,,51.0,,보통,54.0
2025-05-27 21:00:00,20.7,,56.0,,보통,54.0
2025-05-27 22:00:00,20.1,,60.0,,보통,63.0
2025-05-27 23:00:00,19.4,,63.0,,보통,70.0
2025-05-28 00:00:00,18.8,,62.0,,보통,74.0
2025-05-28 01:00:00,18.0,,71.0,,보통,71.0
2025-05-28 02:00:00,17.6,,75.0,,보통,58.0
2025-05-28 03:00:00,17.1,,77.0,,보통,55.0
2025-05-28 04:00:00,16.7,,80.0,,보통,57.0
2025-05-28 05:00:00,16.5,,82.0,,보통,61.0
2025-05-28 06:00:00,16.3,,83.0,,보통,67.0
2025-05-28 07:00:00,17.3,,81.0,,보통,75.0
2025-05-28 08:00:00,18.1,,78.0,,보통,74.0
2025-05-28 09:00:00,19.6,,72.0,,보통,79.0
2025-05-28 10:00:00,20.4,0.0,66.0,,나쁨,82.0
2025-05-28 11:00:00,22.8,,60.0,,보통,79.0
2025-05-28 12:00:00,24.4,,48.0,,보통,77.0
2025-05-28 13:00:00,25.3,,43.0,,보통,69.0
2025-05-28 14:00:00,26.0,,40.0,,보통,61.0
2025-05-28 15:00:00,26.6,,41.0,,보통,68.0
2025-05-28 16:00:00,26.8,,41.0,,보통,70.0
2025-05-28 17:00:00,24.5,,52.0,,보통,58.0
2025-05-28 18:00:00,23.5,,51.0,,보통,43.0
2025-05-28 19:00:00,22.0,,50.0,,보통,33.0
2025-05-28 20:00:00,21.1,,54.0,,보통,33.0
2025-05-28 21:00:00,20.4,,59.0,,좋음,30.0
2025-05-28 22:00:00,19.7,,60.0,,보통,34.0
2025-05-28 23:00:00,19.0,,62.0,,보통,37.0
2025-05-29 00:00:00,18.5,,65.0,,보통,37.0
2025-05-29 01:00:00,17.6,,67.0,,보통,39.0
2025-05-29 02:00:00,17.0,,71.0,,보통,39.0
2025-05-29 03:00:00,16.6,,73.0,,보통,40.0
2025-05-29 04:00:00,16.0,,76.0,,보통,36.0
2025-05-29 05:00:00,15.5,,78.0,,보통,37.0
2025-05-29 06:00:00,15.4,,82.0,,보통,40.0
2025-05-29 07:00:00,16.5,,80.0,,보통,39.0
2025-05-29 08:00:00,18.5,,70.0,,보통,41.0
2025-05-29 09:00:00,20.8,,62.0,,보통,42.0
2025-05-29 10:00:00,22.0,,58.0,,보통,42.0
2025-05-29 11:00:00,24.0,,53.0,,보통,42.0
2025-05-29 12:00:00,24.8,,52.0,,,
2025-05-29 13:00:00,25.5,,48.0,,,
2025-05-29 14:00:00,26.3,,42.0,,보통,40.0
2025-05-29 15:00:00,25.8,,39.0,,보통,38.0
2025-05-29 16:00:00,27.2,,34.0,,보통,48.0
2025-05-29 17:00:00,26.2,,47.0,,보통,43.0
2025-05-29 18:00:00,25.2,,52.0,,보통,44.0
2025-05-29 19:00:00,23.8,,54.0,,보통,45.0
2025-05-29 20:00:00,22.5,,56.0,,보통,52.0
2025-05-29 21:00:00,21.6,,55.0,,보통,49.0
2025-05-29 22:00:00,20.9,,52.0,,보통,48.0
2025-05-29 23:00:00,20.1,,50.0,,보통,47.0
2025-05-30 00:00:00,19.3,,52.0,,보통,47.0
2025-05-30 01:00:00,18.7,,56.0,,보통,42.0
2025-05-30 02:00:00,18.0,,60.0,,보통,42.0
2025-05-30 03:00:00,17.6,,65.0,,보통,45.0
2025-05-30 04:00:00,17.4,,68.0,,보통,48.0
2025-05-30 05:00:00,17.2,,72.0,,보통,50.0
2025-05-30 06:00:00,16.8,,74.0,,보통,52.0
2025-05-30 07:00:00,17.2,,79.0,,보통,56.0
2025-05-30 08:00:00,19.4,,73.0,,보통,58.0
2025-05-30 09:00:00,21.0,,67.0,,보통,48.0
2025-05-30 10:00:00,22.4,,58.0,,보통,49.0
2025-05-30 11:00:00,24.0,,53.0,,보통,45.0
2025-05-30 12:00:00,25.3,,43.0,,보통,42.0
2025-05-30 13:00:00,26.5,,41.0,,보통,36.0
2025-05-30 14:00:00,27.0,,43.0,,보통,35.0
2025-05-30 15:00:00,27.4,,40.0,,보통,35.0
2025-05-30 16:00:00,27.7,,37.0,,보통,44.0
2025-05-30 17:00:00,27.9,,31.0,,보통,53.0
2025-05-30 18:00:00,27.4,,32.0,,보통,49.0
2025-05-30 19:00:00,25.2,,46.0,,보통,56.0
2025-05-30 20:00:00,23.6,,51.0,,보통,52.0
2025-05-30 21:00:00,22.4,,57.0,,보통,47.0
2025-05-30 22:00:00,21.3,,59.0,,보통,48.0
2025-05-30 23:00:00,20.6,,60.0,,보통,56.0
2025-05-31 00:00:00,19.7,,62.0,,보통,57.0
2025-05-31 01:00:00,19.1,,66.0,,보통,62.0
2025-05-31 02:00:00,18.3,,63.0,,보통,64.0
2025-05-31 03:00:00,17.6,,61.0,,보통,62.0
2025-05-31 04:00:00,17.1,,58.0,,보통,56.0
2025-05-31 05:00:00,16.7,,58.0,,보통,56.0
2025-05-31 06:00:00,16.6,,60.0,,보통,62.0
2025-05-31 07:00:00,17.5,,61.0,,보통,60.0
2025-05-31 08:00:00,19.4,,55.0,,보통,52.0
2025-05-31 09:00:00,21.4,,50.0,,보통,41.0
2025-05-31 10:00:00,23.4,,48.0,,보통,45.0
2025-05-31 11:00:00,24.3,,48.0,,보통,52.0
2025-05-31 12:00:00,25.0,,44.0,,보통,52.0
2025-05-31 13:00:00,26.4,,44.0,,보통,59.0
2025-05-31 14:00:00,26.3,,41.0,,보통,66.0
2025-05-31 15:00:00,26.4,,40.0,,보통,72.0
2025-05-31 16:00:00,26.7,,42.0,,보통,67.0
2025-05-31 17:00:00,25.6,,45.0,,보통,54.0
2025-05-31 18:00:00,24.2,,52.0,,보통,48.0
2025-05-31 19:00:00,22.7,,54.0,,보통,44.0
2025-05-31 20:00:00,21.4,,57.0,,보통,47.0
2025-05-31 21:00:00,20.7,,64.0,,보통,48.0
2025-05-31 22:00:00,20.6,,65.0,,보통,49.0
2025-05-31 23:00:00,20.3,,68.0,,보통,54.0
2025-06-01 00:00:00,19.8,,69.0,,보통,53.0
2025-06-01 01:00:00,19.2,,70.0,,보통,61.0
2025-06-01 02:00:00,18.8,,74.0,,보통,65.0
2025-06-01 03:00:00,18.1,,77.0,,보통,66.0
2025-06-01 04:00:00,17.7,,76.0,,보통,62.0
2025-06-01 05:00:00,17.4,,77.0,,보통,65.0
2025-06-01 06:00:00,17.1,,81.0,,보통,68.0
2025-06-01 07:00:00,18.0,,79.0,,보통,61.0
2025-06-01 08:00:00,20.2,,73.0,,보통,66.0
2025-06-01 09:00:00,22.1,,64.0,,보통,73.0
2025-06-01 10:00:00,23.5,,58.0,,보통,68.0
2025-06-01 11:00:00,25.3,,55.0,,보통,63.0
2025-06-01 12:00:00,26.9,,46.0,,보통,46.0
2025-06-01 13:00:00,27.6,,41.0,,보통,46.0
2025-06-01 14:00:00,28.6,,44.0,,보통,50.0
2025-06-01 15:00:00,29.1,,39.0,,보통,43.0
2025-06-01 16:00:00,28.2,,45.0,,보통,45.0
2025-06-01 17:00:00,26.6,,43.0,,보통,50.0
2025-06-01 18:00:00,25.3,,44.0,,보통,51.0
2025-06-01 19:00:00,24.0,,45.0,,보통,53.0
2025-06-01 20:00:00,22.7,,47.0,,보통,57.0
2025-06-01 21:00:00,22.2,,51.0,,보통,58.0
2025-06-01 22:00:00,21.4,,55.0,,보통,52.0
2025-06-01 23:00:00,20.9,,56.0,,보통,56.0
2025-06-02 00:00:00,20.3,,60.0,,보통,53.0
2025-06-02 01:00:00,20.0,,63.0,,보통,55.0
2025-06-02 02:00:00,19.6,,63.0,,보통,52.0
2025-06-02 03:00:00,19.6,,63.0,,보통,55.0
2025-06-02 04:00:00,19.6,,65.0,,보통,52.0
2025-06-02 05:00:00,19.3,,64.0,,보통,54.0
2025-06-02 06:00:00,19.3,,65.0,,보통,52.0
2025-06-02 07:00:00,19.5,0.0,68.0,,보통,59.0
2025-06-02 08:00:00,19.9,0.0,65.0,,보통,65.0
2025-06-02 09:00:00,20.5,,67.0,,보통,66.0
2025-06-02 10:00:00,21.2,0.0,65.0,,보통,68.0
2025-06-02 11:00:00,21.1,0.0,63.0,,보통,79.0
2025-06-02 12:00:00,21.4,0.0,67.0,,나쁨,95.0
2025-06-02 13:00:00,22.1,0.0,67.0,,나쁨,88.0
2025-06-02 14:00:00,22.3,0.0,58.0,,보통,73.0
2025-06-02 15:00:00,22.9,0.0,56.0,,보통,72.0
2025-06-02 16:00:00,23.0,,57.0,,보통,62.0
2025-06-02 17:00:00,23.0,,56.0,,보통,55.0
2025-06-02 18:00:00,22.6,,60.0,,보통,61.0
2025-06-02 19:00:00,22.0,,64.0,,보통,61.0
2025-06-02 20:00:00,21.4,,66.0,,보통,59.0
2025-06-02 21:00:00,21.1,,65.0,,보통,60.0
2025-06-02 22:00:00,20.8,,67.0,,보통,68.0
2025-06-02 23:00:00,20.5,,71.0,,보통,61.0
2025-06-03 00:00:00,20.2,,71.0,,보통,64.0
2025-06-03 01:00:00,20.1,,73.0,,보통,60.0
2025-06-03 02:00:00,19.9,,73.0,,보통,64.0
2025-06-03 03:00:00,19.7,,71.0,,보통,67.0
2025-06-03 04:00:00,19.3,,73.0,,보통,65.0
2025-06-03 05:00:00,18.6,,77.0,,보통,66.0
2025-06-03 06:00:00,18.0,,79.0,,보통,62.0
2025-06-03 07:00:00,18.6,,80.0,,보통,61.0
2025-06-03 08:00:00,20.0,,63.0,,보통,59.0
2025-06-03 09:00:00,21.4,,55.0,,보통,57.0
2025-06-03 10:00:00,23.0,,52.0,,보통,55.0
2025-06-03 11:00:00,24.2,,44.0,,보통,56.0
2025-06-03 12:00:00,24.7,,42.0,,보통,45.0
2025-06-03 13:00:00,24.4,,43.0,,보통,35.0
2025-06-03 14:00:00,23.7,,52.0,,좋음,30.0
2025-06-03 15:00:00,23.7,,56.0,,보통,33.0
2025-06-03 16:00:00,23.3,,58.0,,보통,39.0
2025-06-03 17:00:00,23.5,,52.0,,보통,42.0
2025-06-03 18:00:00,23.3,,48.0,,보통,40.0
2025-06-03 19:00:00,22.1,,38.0,,좋음,30.0
2025-06-03 20:00:00,20.4,,41.0,,좋음,28.0
2025-06-03 21:00:00,19.2,,41.0,,좋음,23.0
2025-06-03 22:00:00,18.3,,53.0,,좋음,28.0
2025-06-03 23:00:00,17.5,,60.0,,좋음,29.0
2025-06-04 00:00:00,17.0,,63.0,,좋음,25.0
2025-06-04 01:00:00,16.8,,67.0,,좋음,26.0
2025-06-04 02:00:00,16.3,,71.0,,좋음,25.0
2025-06-04 03:00:00,16.0,,74.0,,좋음,29.0
2025-06-04 04:00:00,15.7,,74.0,,좋음,26.0
2025-06-04 05:00:00,15.3,,73.0,,좋음,30.0
2025-06-04 06:00:00,15.5,,74.0,,좋음,28.0
2025-06-04 07:00:00,16.4,,74.0,,보통,34.0
2025-06-04 08:00:00,18.6,,65.0,,보통,32.0
2025-06-04 09:00:00,20.3,,59.0,,보통,33.0
2025-06-04 10:00:00,22.3,,50.0,,보통,33.0
2025-06-04 11:00:00,23.5,,42.0,,보통,32.0
2025-06-04 12:00:00,24.8,,40.0,,보통,38.0
2025-06-04 13:00:00,24.9,,34.0,,보통,34.0
2025-06-04 14:00:00,24.8,,36.0,,보통,38.0
2025-06-04 15:00:00,24.9,,39.0,,보통,34.0
2025-06-04 16:00:00,24.3,,39.0,,보통,34.0
2025-06-04 17:00:00,23.3,,46.0,,좋음,30.0
2025-06-04 18:00:00,23.1,,46.0,,좋음,21.0
2025-06-04 19:00:00,22.3,,38.0,,좋음,22.0
2025-06-04 20:00:00,21.2,,43.0,,좋음,17.0
2025-06-04 21:00:00,20.4,,46.0,,좋음,21.0
2025-06-04 22:00:00,19.8,,50.0,,좋음,28.0
2025-06-04 23:00:00,19.2,,58.0,,좋음,26.0
2025-06-05 00:00:00,18.6,,64.0,,좋음,26.0
2025-06-05 01:00:00,17.9,,68.0,,좋음,24.0
2025-06-05 02:00:00,17.4,,69.0,,좋음,27.0
2025-06-05 03:00:00,17.0,,72.0,,좋음,25.0
2025-06-05 04:00:00,16.4,,74.0,,좋음,23.0
2025-06-05 05:00:00,16.0,,74.0,,좋음,23.0
2025-06-05 06:00:00,15.7,,75.0,,좋음,28.0
2025-06-05 07:00:00,16.6,,75.0,,좋음,29.0
2025-06-05 08:00:00,19.0,,66.0,,보통,32.0
2025-06-05 09:00:00,21.2,,57.0,,좋음,30.0
2025-06-05 10:00:00,23.5,,47.0,,좋음,29.0
2025-06-05 11:00:00,24.8,,45.0,,보통,32.0
2025-06-05 12:00:00,25.6,,40.0,,보통,33.0
2025-06-05 13:00:00,26.4,,36.0,,,
2025-06-05 14:00:00,26.6,,33.0,,,
2025-06-05 15:00:00,26.4,,34.0,,,
2025-06-05 16:00:00,26.6,,32.0,,보통,32.0
2025-06-05 17:00:00,26.8,,31.0,,좋음,27.0
2025-06-05 18:00:00,26.1,,31.0,,좋음,26.0
2025-06-05 19:00:00,25.0,,33.0,,좋음,18.0
2025-06-05 20:00:00,23.0,,39.0,,좋음,24.0
2025-06-05 21:00:00,21.6,,43.0,,좋음,28.0
2025-06-05 22:00:00,20.9,,47.0,,좋음,29.0
2025-06-05 23:00:00,20.6,,49.0,,보통,32.0
2025-06-06 00:00:00,20.2,,46.0,,좋음,27.0
2025-06-06 01:00:00,19.5,,49.0,,보통,34.0
2025-06-06 02:00:00,19.3,,51.0,,좋음,28.0
2025-06-06 03:00:00,18.7,,54.0,,좋음,26.0
2025-06-06 04:00:00,18.4,,55.0,,좋음,29.0
2025-06-06 05:00:00,17.9,,57.0,,좋음,27.0
2025-06-06 06:00:00,17.9,,57.0,,좋음,26.0
2025-06-06 07:00:00,19.1,,55.0,,좋음,28.0
2025-06-06 08:00:00,21.1,,51.0,,좋음,27.0
2025-06-06 09:00:00,23.8,,43.0,,좋음,30.0
2025-06-06 10:00:00,25.8,,38.0,,보통,35.0
2025-06-06 11:00:00,26.9,,37.0,,보통,39.0
2025-06-06 12:00:00,28.5,,34.0,,보통,37.0
2025-06-06 13:00:00,29.2,,32.0,,보통,38.0
2025-06-06 14:00:00,29.7,,31.0,,보통,40.0
2025-06-06 15:00:00,29.4,,28.0,,보통,35.0
2025-06-06 16:00:00,29.0,,29.0,,보통,38.0
2025-06-06 17:00:00,27.8,,33.0,,보통,39.0
2025-06-06 18:00:00,27.2,,36.0,,보통,40.0
2025-06-06 19:00:00,25.7,,39.0,,보통,36.0
2025-06-06 20:00:00,24.9,,40.0,,좋음,29.0
2025-06-06 21:00:00,24.1,,43.0,,좋음,26.0
2025-06-06 22:00:00,23.5,,47.0,,좋음,30.0
2025-06-06 23:00:00,23.0,,43.0,,좋음,30.0
2025-06-07 00:00:00,22.8,,46.0,,보통,32.0
2025-06-07 01:00:00,22.6,,43.0,,보통,35.0
2025-06-07 02:00:00,22.2,,43.0,,보통,34.0
2025-06-07 03:00:00,21.4,,45.0,,보통,34.0
2025-06-07 04:00:00,20.6,,48.0,,보통,37.0
2025-06-07 05:00:00,19.9,,53.0,,보통,32.0
2025-06-07 06:00:00,19.8,,53.0,,보통,37.0
2025-06-07 07:00:00,20.6,,57.0,,보통,46.0
2025-06-07 08:00:00,22.9,,56.0,,보통,38.0
2025-06-07 09:00:00,23.7,,61.0,,보통,42.0
2025-06-07 10:00:00,25.3,,59.0,,보통,42.0
2025-06-07 11:00:00,24.9,,59.0,,보통,44.0
2025-06-07 12:00:00,25.2,0.0,62.0,,보통,47.0
2025-06-07 13:00:00,26.1,,60.0,,나쁨,83.0
2025-06-07 14:00:00,27.0,,56.0,,보통,67.0
2025-06-07 15:00:00,27.9,,47.0,,보통,59.0
2025-06-07 16:00:00,28.2,,55.0,,보통,57.0
2025-06-07 17:00:00,27.2,,52.0,,보통,50.0
2025-06-07 18:00:00,25.7,,62.0,,보통,42.0
2025-06-07 19:00:00,24.7,,68.0,,보통,47.0
2025-06-07 20:00:00,24.0,,71.0,,보통,47.0
2025-06-07 21:00:00,23.5,,76.0,,보통,41.0
2025-06-07 22:00:00,23.0,0.0,82.0,,보통,56.0
2025-06-07 23:00:00,22.3,0.1,84.0,,보통,63.0
2025-06-08 00:00:00,22.2,0.0,85.0,,보통,61.0
2025-06-08 01:00:00,21.6,0.6,87.0,,보통,50.0
2025-06-08 02:00:00,21.6,0.0,87.0,,보통,37.0
2025-06-08 03:00:00,21.6,0.0,87.0,,보통,34.0
2025-06-08 04:00:00,21.5,0.0,86.0,,좋음,20.0
2025-06-08 05:00:00,21.5,,86.0,,좋음,20.0
2025-06-08 06:00:00,21.5,,85.0,,좋음,19.0
2025-06-08 07:00:00,21.9,,85.0,,좋음,22.0
2025-06-08 08:00:00,22.7,,83.0,,좋음,18.0
2025-06-08 09:00:00,23.5,,78.0,,좋음,18.0
2025-06-08 10:00:00,25.8,,72.0,,좋음,26.0
2025-06-08 11:00:00,25.8,,62.0,,좋음,21.0
2025-06-08 12:00:00,28.5,,52.0,,보통,32.0
2025-06-08 13:00:00,29.2,,47.0,,좋음,29.0
2025-06-08 14:00:00,30.1,,43.0,,보통,31.0
2025-06-08 15:00:00,29.8,,51.0,,보통,31.0
2025-06-08 16:00:00,29.1,,53.0,,보통,39.0
2025-06-08 17:00:00,28.6,,54.0,,좋음,27.0
2025-06-08 18:00:00,27.9,,57.0,,좋음,29.0
2025-06-08 19:00:00,26.7,,62.0,,좋음,24.0
2025-06-08 20:00:00,25.5,,66.0,,좋음,20.0
2025-06-08 21:00:00,24.6,,68.0,,좋음,25.0
2025-06-08 22:00:00,24.1,,70.0,,좋음,25.0
2025-06-08 23:00:00,23.4,,75.0,,좋음,22.0
2025-06-09 00:00:00,23.5,,76.0,,좋음,22.0
2025-06-09 01:00:00,23.2,,79.0,,보통,31.0
2025-06-09 02:00:00,22.9,,79.0,,보통,45.0
2025-06-09 03:00:00,22.1,,81.0,,보통,38.0
2025-06-09 04:00:00,21.5,0.0,78.0,,보통,37.0
2025-06-09 05:00:00,20.9,,72.0,,보통,38.0
2025-06-09 06:00:00,20.7,,73.0,,보통,32.0
2025-06-09 07:00:00,21.1,,73.0,,보통,34.0
2025-06-09 08:00:00,22.0,,71.0,,보통,33.0
2025-06-09 09:00:00,23.1,,67.0,,보통,38.0
2025-06-09 10:00:00,24.7,,62.0,,보통,43.0
2025-06-09 11:00:00,26.1,,56.0,,보통,39.0
2025-06-09 12:00:00,27.9,,50.0,,보통,33.0
2025-06-09 13:00:00,29.5,,45.0,,보통,34.0
2025-06-09 14:00:00,29.6,,46.0,,보통,40.0
2025-06-09 15:00:00,29.7,,48.0,,보통,37.0
2025-06-09 16:00:00,29.9,,43.0,,보통,41.0
2025-06-09 17:00:00,29.7,,34.0,,보통,43.0
2025-06-09 18:00:00,27.5,,55.0,,보통,53.0
2025-06-09 19:00:00,25.2,,64.0,,보통,37.0
2025-06-09 20:00:00,23.3,,69.0,,좋음,19.0
2025-06-09 21:00:00,22.2,,76.0,,좋음,21.0
2025-06-09 22:00:00,21.7,,77.0,,좋음,18.0
2025-06-09 23:00:00,21.3,,78.0,,좋음,20.0
2025-06-10 00:00:00,20.6,,83.0,,좋음,17.0
2025-06-10 01:00:00,20.5,,82.0,,좋음,19.0
2025-06-10 02:00:00,20.7,,78.0,,좋음,23.0
2025-06-10 03:00:00,20.2,0.0,82.0,,좋음,28.0
2025-06-10 04:00:00,20.1,,82.0,,좋음,18.0
2025-06-10 05:00:00,19.9,,84.0,,좋음,17.0
2025-06-10 06:00:00,19.9,,83.0,,좋음,27.0
2025-06-10 07:00:00,21.0,,80.0,,좋음,27.0
2025-06-10 08:00:00,22.2,,75.0,,좋음,25.0
2025-06-10 09:00:00,22.9,,73.0,,보통,32.0
2025-06-10 10:00:00,23.3,,71.0,,보통,41.0
2025-06-10 11:00:00,22.9,,71.0,,좋음,27.0
2025-06-10 12:00:00,22.7,,72.0,,보통,36.0
2025-06-10 13:00:00,22.6,,72.0,,좋음,23.0
2025-06-10 14:00:00,22.9,,71.0,,좋음,23.0
2025-06-10 15:00:00,23.7,,69.0,,좋음,20.0
2025-06-10 16:00:00,24.0,,67.0,,좋음,20.0
2025-06-10 17:00:00,25.2,,58.0,,좋음,14.0
2025-06-10 18:00:00,24.3,,60.0,,좋음,13.0
2025-06-10 19:00:00,22.5,,67.0,,좋음,12.0
2025-06-10 20:00:00,21.6,,62.0,,좋음,15.0
2025-06-10 21:00:00,20.8,,67.0,,좋음,26.0
2025-06-10 22:00:00,19.9,,70.0,,좋음,27.0
2025-06-10 23:00:00,19.6,,67.0,,보통,31.0
2025-06-11 00:00:00,18.8,,67.0,,보통,36.0
2025-06-11 01:00:00,18.3,,69.0,,보통,33.0
2025-06-11 02:00:00,17.9,,73.0,,보통,37.0
2025-06-11 03:00:00,17.2,,75.0,,보통,33.0
2025-06-11 04:00:00,16.6,,74.0,,보통,31.0
2025-06-11 05:00:00,16.1,,76.0,,좋음,29.0
2025-06-11 06:00:00,16.0,,78.0,,보통,34.0
2025-06-11 07:00:00,17.5,,73.0,,보통,34.0
2025-06-11 08:00:00,19.6,,64.0,,보통,36.0
2025-06-11 09:00:00,22.2,,56.0,,보통,33.0
2025-06-11 10:00:00,23.9,,47.0,,보통,34.0
2025-06-11 11:00:00,25.8,,41.0,,보통,39.0
2025-06-11 12:00:00,27.1,,41.0,,보통,34.0
2025-06-11 13:00:00,28.0,,42.0,,좋음,26.0
2025-06-11 14:00:00,27.8,,40.0,,보통,33.0
2025-06-11 15:00:00,28.3,,37.0,,좋음,25.0
2025-06-11 16:00:00,28.1,,37.0,,좋음,30.0
2025-06-11 17:00:00,27.7,,37.0,,좋음,30.0
2025-06-11 18:00:00,27.2,,39.0,,좋음,25.0
2025-06-11 19:00:00,25.3,,41.0,,좋음,22.0
2025-06-11 20:00:00,24.1,,45.0,,좋음,29.0
2025-06-11 21:00:00,22.8,,50.0,,좋음,28.0
2025-06-11 22:00:00,21.7,,54.0,,좋음,26.0
2025-06-11 23:00:00,21.1,,57.0,,좋음,27.0
2025-06-12 00:00:00,20.5,,61.0,,보통,39.0
2025-06-12 01:00:00,19.9,,66.0,,보통,38.0
2025-06-12 02:00:00,19.4,,67.0,,좋음,28.0
2025-06-12 03:00:00,19.0,,68.0,,보통,34.0
2025-06-12 04:00:00,18.5,,72.0,,보통,31.0
2025-06-12 05:00:00,18.1,,73.0,,보통,33.0
2025-06-12 06:00:00,17.9,,74.0,,보통,31.0
2025-06-12 07:00:00,19.7,,70.0,,보통,36.0
2025-06-12 08:00:00,22.1,,59.0,,보통,39.0
2025-06-12 09:00:00,24.3,,53.0,,보통,37.0
2025-06-12 10:00:00,26.4,,45.0,,보통,38.0
2025-06-12 11:00:00,28.1,,42.0,,보통,39.0
2025-06-12 12:00:00,29.7,,37.0,,보통,38.0
2025-06-12 13:00:00,31.1,,33.0,,보통,42.0
2025-06-12 14:00:00,31.9,,31.0,,보통,32.0
2025-06-12 15:00:00,32.5,,28.0,,보통,34.0
2025-06-12 16:00:00,32.7,,27.0,,보통,34.0
2025-06-12 17:00:00,32.3,,38.0,,보통,54.0
2025-06-12 18:00:00,30.3,,42.0,,보통,56.0
2025-06-12 19:00:00,28.6,,43.0,,보통,50.0
2025-06-12 20:00:00,27.2,,45.0,,보통,46.0
2025-06-12 21:00:00,26.1,,48.0,,보통,51.0
2025-06-12 22:00:00,25.6,,49.0,,보통,53.0
2025-06-12 23:00:00,24.9,,52.0,,보통,59.0
2025-06-13 00:00:00,24.1,,53.0,,보통,66.0
2025-06-13 01:00:00,23.8,,57.0,,보통,60.0
2025-06-13 02:00:00,23.0,,58.0,,보통,69.0
2025-06-13 03:00:00,22.3,,59.0,,보통,56.0
2025-06-13 04:00:00,21.6,,63.0,,보통,52.0
2025-06-13 05:00:00,21.2,,62.0,,보통,50.0
2025-06-13 06:00:00,21.1,,65.0,,보통,57.0
2025-06-13 07:00:00,21.8,,66.0,,보통,53.0
2025-06-13 08:00:00,23.6,,56.0,,보통,54.0
2025-06-13 09:00:00,25.4,,50.0,,보통,53.0
2025-06-13 10:00:00,27.0,,43.0,,보통,46.0
2025-06-13 11:00:00,28.5,,41.0,,,
2025-06-13 12:00:00,28.7,,44.0,,,
2025-06-13 13:00:00,29.0,,45.0,,보통,48.0
2025-06-13 14:00:00,28.6,,46.0,,보통,57.0
2025-06-13 15:00:00,27.8,,49.0,,보통,58.0
2025-06-13 16:00:00,27.5,,50.0,,보통,58.0
2025-06-13 17:00:00,26.4,,53.0,,보통,57.0
2025-06-13 18:00:00,24.5,0.0,63.0,,보통,56.0
2025-06-13 19:00:00,23.0,0.0,70.0,,보통,43.0
2025-06-13 20:00:00,22.1,0.0,75.0,,보통,40.0
2025-06-13 21:00:00,21.9,0.0,74.0,,보통,38.0
2025-06-13 22:00:00,20.4,1.5,82.0,,보통,32.0
2025-06-13 23:00:00,20.2,0.0,84.0,,보통,34.0
2025-06-14 00:00:00,20.4,,83.0,,좋음,26.0
2025-06-14 01:00:00,20.3,,83.0,,좋음,21.0
2025-06-14 02:00:00,20.4,,82.0,,좋음,21.0
2025-06-14 03:00:00,20.5,,82.0,,좋음,25.0
2025-06-14 04:00:00,20.5,,82.0,,좋음,24.0
2025-06-14 05:00:00,20.7,,83.0,,좋음,24.0
2025-06-14 06:00:00,20.8,,80.0,,좋음,25.0
2025-06-14 07:00:00,21.1,,80.0,,좋음,28.0
2025-06-14 08:00:00,21.8,,79.0,,좋음,26.0
2025-06-14 09:00:00,22.9,,75.0,,좋음,29.0
2025-06-14 10:00:00,24.6,,71.0,,좋음,29.0
2025-06-14 11:00:00,26.7,,66.0,,좋음,27.0
2025-06-14 12:00:00,28.2,,61.0,,좋음,23.0
2025-06-14 13:00:00,30.1,,55.0,,좋음,15.0
2025-06-14 14:00:00,30.8,,51.0,,좋음,17.0
2025-06-14 15:00:00,31.6,,50.0,,좋음,21.0
2025-06-14 16:00:00,31.2,,50.0,,좋음,24.0
2025-06-14 17:00:00,32.1,,48.0,,보통,32.0
2025-06-14 18:00:00,31.6,,49.0,,보통,47.0
2025-06-14 19:00:00,29.6,,55.0,,보통,56.0
2025-06-14 20:00:00,27.6,,59.0,,보통,65.0
2025-06-14 21:00:00,25.8,,65.0,,보통,51.0
2025-06-14 22:00:00,24.5,,68.0,,보통,36.0
2025-06-14 23:00:00,24.1,,69.0,,보통,34.0
2025-06-15 00:00:00,23.7,,68.0,,보통,32.0
2025-06-15 01:00:00,23.2,,72.0,,보통,34.0
2025-06-15 02:00:00,22.8,,74.0,,보통,31.0
2025-06-15 03:00:00,22.7,,75.0,,좋음,27.0
2025-06-15 04:00:00,22.3,,76.0,,좋음,23.0
2025-06-15 05:00:00,22.0,,77.0,,좋음,25.0
2025-06-15 06:00:00,21.8,,77.0,,좋음,23.0
2025-06-15 07:00:00,22.9,,75.0,,좋음,26.0
2025-06-15 08:00:00,24.3,,69.0,,좋음,30.0
2025-06-15 09:00:00,25.8,,65.0,,보통,32.0
2025-06-15 10:00:00,27.6,,59.0,,보통,31.0
2025-06-15 11:00:00,28.9,,54.0,,좋음,25.0
2025-06-15 12:00:00,30.2,,52.0,,좋음,21.0
2025-06-15 13:00:00,31.5,,47.0,,좋음,21.0
2025-06-15 14:00:00,32.7,,45.0,,좋음,24.0
2025-06-15 15:00:00,33.0,,44.0,,좋음,24.0
2025-06-15 16:00:00,31.2,,50.0,,좋음,19.0
2025-06-15 17:00:00,30.2,,55.0,,좋음,21.0
2025-06-15 18:00:00,28.4,0.4,68.0,,,
2025-06-15 19:00:00,26.4,0.0,77.0,,보통,37.0
2025-06-15 20:00:00,26.4,,78.0,,좋음,29.0
2025-06-15 21:00:00,25.5,0.0,83.0,,좋음,25.0
2025-06-15 22:00:00,24.7,1.4,91.0,,좋음,25.0
2025-06-15 23:00:00,23.6,7.1,92.0,,좋음,18.0
2025-06-16 00:00:00,22.7,2.9,93.0,,좋음,12.0
2025-06-16 01:00:00,22.3,2.9,94.0,,좋음,11.0
2025-06-16 02:00:00,22.3,2.1,92.0,,좋음,7.0
2025-06-16 03:00:00,22.5,0.2,94.0,,좋음,7.0
2025-06-16 04:00:00,22.6,0.9,94.0,,좋음,11.0
2025-06-16 05:00:00,22.6,0.1,95.0,,좋음,16.0
2025-06-16 06:00:00,22.3,0.3,96.0,,좋음,17.0
2025-06-16 07:00:00,22.2,0.1,94.0,,좋음,29.0
2025-06-16 08:00:00,22.3,0.3,95.0,,좋음,28.0
2025-06-16 09:00:00,22.6,0.0,95.0,,좋음,29.0
2025-06-16 10:00:00,23.2,0.0,92.0,,보통,37.0
2025-06-16 11:00:00,24.0,,90.0,,보통,53.0
2025-06-16 12:00:00,24.6,,87.0,,보통,54.0
2025-06-16 13:00:00,25.1,,83.0,,보통,41.0
2025-06-16 14:00:00,23.3,13.1,93.0,,보통,32.0
2025-06-16 15:00:00,24.1,0.0,87.0,,좋음,29.0
2025-06-16 16:00:00,23.5,,87.0,,보통,48.0
2025-06-16 17:00:00,23.7,,83.0,,보통,65.0
2025-06-16 18:00:00,23.6,,79.0,,보통,57.0
2025-06-16 19:00:00,23.4,,81.0,,보통,61.0
2025-06-16 20:00:00,23.1,,81.0,,보통,56.0
2025-06-16 21:00:00,22.6,,81.0,,보통,56.0
2025-06-16 22:00:00,22.2,,82.0,,보통,51.0
2025-06-16 23:00:00,22.0,,80.0,,보통,47.0
2025-06-17 00:00:00,21.8,,83.0,,보통,46.0
2025-06-17 01:00:00,21.8,,84.0,,보통,46.0
2025-06-17 02:00:00,21.7,,84.0,,보통,39.0
2025-06-17 03:00:00,21.2,,85.0,,좋음,28.0
2025-06-17 04:00:00,21.3,,87.0,,보통,34.0
2025-06-17 05:00:00,21.2,,87.0,,보통,37.0
2025-06-17 06:00:00,21.4,,88.0,,보통,47.0
2025-06-17 07:00:00,21.9,,87.0,,보통,46.0
2025-06-17 08:00:00,22.6,,85.0,,보통,42.0
2025-06-17 09:00:00,23.4,,79.0,,보통,42.0
2025-06-17 10:00:00,24.7,,72.0,,보통,44.0
2025-06-17 11:00:00,26.3,,66.0,,보통,49.0
2025-06-17 12:00:00,27.4,,61.0,,보통,50.0
2025-06-17 13:00:00,27.6,,56.0,,보통,57.0
2025-06-17 14:00:00,28.4,,57.0,,보통,70.0
2025-06-17 15:00:00,28.8,,56.0,,보통,58.0
2025-06-17 16:00:00,29.4,,55.0,,보통,46.0
2025-06-17 17:00:00,28.9,,57.0,,보통,43.0
2025-06-17 18:00:00,28.2,,60.0,,보통,42.0
2025-06-17 19:00:00,27.2,,62.0,,보통,45.0
2025-06-17 20:00:00,25.9,,66.0,,보통,44.0
2025-06-17 21:00:00,24.9,,75.0,,보통,45.0
2025-06-17 22:00:00,24.3,,77.0,,보통,46.0
2025-06-17 23:00:00,23.8,,79.0,,보통,48.0
2025-06-18 00:00:00,23.2,,82.0,,보통,45.0
2025-06-18 01:00:00,22.7,,83.0,,보통,44.0
2025-06-18 02:00:00,22.3,,85.0,,보통,48.0
2025-06-18 03:00:00,22.0,,86.0,,보통,51.0
2025-06-18 04:00:00,21.8,,89.0,,보통,44.0
2025-06-18 05:00:00,21.6,,90.0,,보통,51.0
2025-06-18 06:00:00,21.3,,90.0,,보통,56.0
2025-06-18 07:00:00,21.8,,87.0,,보통,48.0
2025-06-18 08:00:00,22.8,,79.0,,보통,45.0
2025-06-18 09:00:00,23.7,,75.0,,보통,53.0
2025-06-18 10:00:00,25.6,,68.0,,보통,50.0
2025-06-18 11:00:00,26.7,,61.0,,보통,48.0
2025-06-18 12:00:00,27.9,,53.0,,보통,42.0
2025-06-18 13:00:00,29.2,,51.0,,보통,48.0
2025-06-18 14:00:00,30.1,,49.0,,보통,46.0
2025-06-18 15:00:00,30.5,,48.0,,보통,42.0
2025-06-18 16:00:00,30.5,,47.0,,보통,40.0
2025-06-18 17:00:00,30.1,,45.0,,보통,37.0
2025-06-18 18:00:00,29.2,,46.0,,좋음,29.0
2025-06-18 19:00:00,27.9,,51.0,,보통,32.0
2025-06-18 20:00:00,26.7,,58.0,,보통,31.0
2025-06-18 21:00:00,25.8,,61.0,,보통,35.0
2025-06-18 22:00:00,25.0,,59.0,,보통,32.0
2025-06-18 23:00:00,24.3,,60.0,,보통,32.0
2025-06-19 00:00:00,23.9,,63.0,,보통,32.0
2025-06-19 01:00:00,23.4,,65.0,,좋음,30.0
2025-06-19 02:00:00,22.9,,68.0,,보통,34.0
2025-06-19 03:00:00,22.3,,68.0,,보통,35.0
2025-06-19 04:00:00,21.8,,69.0,,보통,31.0
2025-06-19 05:00:00,21.4,,72.0,,좋음,30.0
2025-06-19 06:00:00,21.1,,75.0,,보통,38.0
2025-06-19 07:00:00,22.8,,73.0,,보통,42.0
2025-06-19 08:00:00,24.6,,68.0,,보통,41.0
2025-06-19 09:00:00,26.8,,62.0,,보통,40.0
2025-06-19 10:00:00,28.0,,54.0,,보통,38.0
2025-06-19 11:00:00,29.9,,51.0,,보통,35.0
2025-06-19 12:00:00,31.2,,48.0,,보통,38.0
2025-06-19 13:00:00,32.3,,44.0,,보통,35.0
2025-06-19 14:00:00,33.5,,42.0,,보통,39.0
2025-06-19 15:00:00,33.6,,34.0,,보통,39.0
2025-06-19 16:00:00,32.9,,40.0,,보통,40.0
2025-06-19 17:00:00,32.3,,46.0,,보통,34.0
2025-06-19 18:00:00,31.4,,50.0,,좋음,28.0
2025-06-19 19:00:00,30.9,,52.0,,좋음,30.0
2025-06-19 20:00:00,30.4,,52.0,,보통,33.0
2025-06-19 21:00:00,30.1,0.0,58.0,,보통,41.0
2025-06-19 22:00:00,28.3,0.8,72.0,,보통,53.0
2025-06-19 23:00:00,28.2,,72.0,,보통,53.0
2025-06-20 00:00:00,28.3,,68.0,,좋음,19.0
2025-06-20 01:00:00,27.8,0.0,74.0,,좋음,22.0
2025-06-20 02:00:00,25.8,2.8,84.0,,보통,31.0
2025-06-20 03:00:00,25.5,0.2,87.0,,좋음,20.0
2025-06-20 04:00:00,25.1,1.1,90.0,,좋음,12.0
2025-06-20 05:00:00,24.8,1.5,90.0,,좋음,11.0
2025-06-20 06:00:00,24.5,8.0,94.0,,좋음,13.0
2025-06-20 07:00:00,24.4,7.0,95.0,,좋음,16.0
2025-06-20 08:00:00,24.6,1.7,92.0,,좋음,14.0
2025-06-20 09:00:00,24.7,0.6,93.0,,좋음,15.0
2025-06-20 10:00:00,24.9,0.7,92.0,,좋음,15.0
2025-06-20 11:00:00,24.8,2.1,93.0,,좋음,14.0
2025-06-20 12:00:00,25.0,1.4,90.0,,좋음,13.0
2025-06-20 13:00:00,25.5,0.0,86.0,,좋음,10.0
2025-06-20 14:00:00,25.2,0.9,89.0,,좋음,12.0
2025-06-20 15:00:00,24.7,4.8,93.0,,좋음,14.0
2025-06-20 16:00:00,24.3,4.3,94.0,,좋음,13.0
2025-06-20 17:00:00,23.6,3.9,94.0,,좋음,12.0
2025-06-20 18:00:00,23.4,5.1,96.0,,좋음,8.0
2025-06-20 19:00:00,23.4,1.2,96.0,,좋음,5.0
2025-06-20 20:00:00,22.9,0.8,95.0,,좋음,5.0
2025-06-20 21:00:00,22.7,0.6,98.0,,좋음,7.0
2025-06-20 22:00:00,22.5,1.6,98.0,,좋음,8.0
2025-06-20 23:00:00,22.3,0.4,97.0,,좋음,7.0
2025-06-21 00:00:00,22.2,0.4,96.0,,좋음,11.0
2025-06-21 01:00:00,21.6,0.2,95.0,,좋음,12.0
2025-06-21 02:00:00,21.2,0.0,96.0,,좋음,12.0
2025-06-21 03:00:00,21.2,0.0,96.0,,좋음,10.0
2025-06-21 04:00:00,21.0,0.0,97.0,,좋음,10.0
2025-06-21 05:00:00,20.9,0.0,97.0,,좋음,11.0
2025-06-21 06:00:00,20.8,0.0,96.0,,좋음,10.0
2025-06-21 07:00:00,21.0,0.0,96.0,,좋음,12.0
2025-06-21 08:00:00,21.3,,96.0,,좋음,13.0
2025-06-21 09:00:00,21.5,,96.0,,좋음,14.0
2025-06-21 10:00:00,21.6,,94.0,,좋음,15.0
2025-06-21 11:00:00,22.2,,93.0,,좋음,23.0
2025-06-21 12:00:00,22.7,,89.0,,좋음,27.0
2025-06-21 13:00:00,23.0,,87.0,,좋음,27.0
2025-06-21 14:00:00,23.0,0.0,84.0,,좋음,28.0
2025-06-21 15:00:00,23.5,0.0,80.0,,보통,33.0
2025-06-21 16:00:00,24.0,0.0,77.0,,좋음,30.0
2025-06-21 17:00:00,24.0,,75.0,,보통,37.0
2025-06-21 18:00:00,23.8,,79.0,,보통,37.0
2025-06-21 19:00:00,22.9,,81.0,,보통,36.0
2025-06-21 20:00:00,22.3,,84.0,,보통,37.0
2025-06-21 21:00:00,21.9,,85.0,,보통,40.0
2025-06-21 22:00:00,21.4,,85.0,,보통,35.0
2025-06-21 23:00:00,20.9,,84.0,,보통,38.0
2025-06-22 00:00:00,20.5,,84.0,,보통,34.0
2025-06-22 01:00:00,20.1,,83.0,,좋음,28.0
2025-06-22 02:00:00,19.6,,85.0,,좋음,29.0
2025-06-22 03:00:00,19.1,,86.0,,보통,31.0
2025-06-22 04:00:00,18.6,,89.0,,좋음,30.0
2025-06-22 05:00:00,18.4,,91.0,,좋음,27.0
2025-06-22 06:00:00,18.1,,91.0,,좋음,27.0
2025-06-22 07:00:00,18.7,,91.0,,좋음,29.0
2025-06-22 08:00:00,20.5,,84.0,,좋음,25.0
2025-06-22 09:00:00,22.2,,68.0,,좋음,27.0
2025-06-22 10:00:00,23.9,,64.0,,좋음,24.0
2025-06-22 11:00:00,25.0,,64.0,,좋음,28.0
2025-06-22 12:00:00,26.4,,59.0,,보통,31.0
2025-06-22 13:00:00,27.5,,57.0,,보통,31.0
2025-06-22 14:00:00,28.1,,50.0,,보통,37.0
2025-06-22 15:00:00,28.3,,51.0,,보통,46.0
2025-06-22 16:00:00,28.4,,50.0,,보통,34.0
2025-06-22 17:00:00,28.2,,50.0,,보통,37.0
2025-06-22 18:00:00,27.7,,51.0,,보통,40.0
2025-06-22 19:00:00,26.0,,58.0,,보통,36.0
2025-06-22 20:00:00,24.4,,62.0,,보통,35.0
2025-06-22 21:00:00,23.5,,67.0,,보통,32.0
2025-06-22 22:00:00,22.8,,75.0,,좋음,30.0
2025-06-22 23:00:00,21.9,,74.0,,보통,31.0
2025-06-23 00:00:00,21.4,,76.0,,좋음,28.0
2025-06-23 01:00:00,21.0,,80.0,,보통,33.0
2025-06-23 02:00:00,20.6,,79.0,,보통,35.0
2025-06-23 03:00:00,20.2,,79.0,,좋음,30.0
2025-06-23 04:00:00,19.9,,84.0,,좋음,27.0
2025-06-23 05:00:00,19.6,,85.0,,좋음,29.0
2025-06-23 06:00:00,19.5,,88.0,,보통,34.0
2025-06-23 07:00:00,20.4,,86.0,,보통,44.0
2025-06-23 08:00:00,22.5,,78.0,,보통,40.0
2025-06-23 09:00:00,24.3,,70.0,,보통,37.0
2025-06-23 10:00:00,26.1,,63.0,,보통,35.0
2025-06-23 11:00:00,27.4,,58.0,,보통,39.0
2025-06-23 12:00:00,28.7,,57.0,,보통,42.0
2025-06-23 13:00:00,29.8,,52.0,,보통,46.0
2025-06-23 14:00:00,30.9,,49.0,,보통,50.0
2025-06-23 15:00:00,31.3,,48.0,,보통,52.0
2025-06-23 16:00:00,31.4,,47.0,,보통,56.0
2025-06-23 17:00:00,31.4,,50.0,,보통,66.0
2025-06-23 18:00:00,30.7,,51.0,,보통,54.0
2025-06-23 19:00:00,29.9,,52.0,,보통,51.0
2025-06-23 20:00:00,28.9,,54.0,,보통,44.0
2025-06-23 21:00:00,27.9,,60.0,,보통,42.0
2025-06-23 22:00:00,27.0,,63.0,,보통,43.0
2025-06-23 23:00:00,26.5,,66.0,,보통,47.0
2025-06-24 00:00:00,25.9,,65.0,,보통,47.0
2025-06-24 01:00:00,25.2,,68.0,,보통,46.0
2025-06-24 02:00:00,24.7,,71.0,,보통,41.0
2025-06-24 03:00:00,24.4,,71.0,,보통,39.0
2025-06-24 04:00:00,24.3,,71.0,,보통,34.0
2025-06-24 05:00:00,23.8,,69.0,,보통,34.0
2025-06-24 06:00:00,23.9,,67.0,,보통,43.0
2025-06-24 07:00:00,24.2,,70.0,,보통,41.0
2025-06-24 08:00:00,24.6,,68.0,,보통,39.0
2025-06-24 09:00:00,24.9,,62.0,,보통,37.0
2025-06-24 10:00:00,25.4,,64.0,,보통,38.0
2025-06-24 11:00:00,26.9,,60.0,,,
2025-06-24 12:00:00,27.2,,56.0,,보통,38.0
2025-06-24 13:00:00,27.7,,46.0,,좋음,30.0
2025-06-24 14:00:00,27.8,,46.0,,좋음,27.0
2025-06-24 15:00:00,27.3,,49.0,,좋음,27.0
2025-06-24 16:00:00,27.0,,49.0,,좋음,29.0
2025-06-24 17:00:00,26.9,,52.0,,좋음,25.0
2025-06-24 18:00:00,26.9,,53.0,,좋음,23.0
2025-06-24 19:00:00,26.5,,53.0,,좋음,19.0
2025-06-24 20:00:00,26.1,0.0,53.0,,좋음,21.0
2025-06-24 21:00:00,24.5,0.0,66.0,,좋음,28.0
2025-06-24 22:00:00,22.1,1.4,84.0,,보통,32.0
2025-06-24 23:00:00,20.7,0.9,88.0,,좋음,26.0
2025-06-25 00:00:00,20.6,0.0,83.0,,좋음,17.0
2025-06-25 01:00:00,20.9,,79.0,,좋음,17.0
2025-06-25 02:00:00,21.2,0.0,75.0,,좋음,16.0
2025-06-25 03:00:00,20.1,1.2,83.0,,좋음,15.0
2025-06-25 04:00:00,19.5,0.4,86.0,,좋음,13.0
2025-06-25 05:00:00,20.0,0.0,81.0,,좋음,13.0
2025-06-25 06:00:00,20.1,0.0,81.0,,좋음,16.0
2025-06-25 07:00:00,20.5,0.0,83.0,,좋음,19.0
2025-06-25 08:00:00,20.2,0.5,90.0,,좋음,18.0
2025-06-25 09:00:00,20.1,0.3,91.0,,좋음,20.0
2025-06-25 10:00:00,20.3,0.2,94.0,,좋음,17.0
2025-06-25 11:00:00,20.7,0.3,93.0,,좋음,23.0
2025-06-25 12:00:00,20.8,0.0,91.0,,좋음,26.0
2025-06-25 13:00:00,21.6,0.0,87.0,,좋음,21.0
2025-06-25 14:00:00,22.0,0.0,86.0,,좋음,22.0
2025-06-25 15:00:00,21.9,0.1,89.0,,좋음,21.0
2025-06-25 16:00:00,22.0,0.4,93.0,,,
2025-06-25 17:00:00,21.9,0.2,91.0,,,
2025-06-25 18:00:00,21.8,0.4,92.0,,좋음,16.0
2025-06-25 19:00:00,21.5,2.2,95.0,,좋음,21.0
2025-06-25 20:00:00,21.3,1.6,93.0,,좋음,12.0
2025-06-25 21:00:00,21.2,0.2,91.0,,좋음,12.0
2025-06-25 22:00:00,21.0,,91.0,,좋음,9.0
2025-06-25 23:00:00,20.9,,90.0,,좋음,12.0
2025-06-26 00:00:00,20.8,,93.0,,좋음,15.0
2025-06-26 01:00:00,20.7,,93.0,,좋음,15.0
2025-06-26 02:00:00,20.6,0.0,92.0,,좋음,11.0
2025-06-26 03:00:00,20.7,,92.0,,좋음,12.0
2025-06-26 04:00:00,20.3,0.7,96.0,,좋음,15.0
2025-06-26 05:00:00,19.9,0.4,94.0,,좋음,10.0
2025-06-26 06:00:00,20.0,0.0,95.0,,좋음,10.0
2025-06-26 07:00:00,20.1,,93.0,,좋음,13.0
2025-06-26 08:00:00,20.4,,93.0,,좋음,16.0
2025-06-26 09:00:00,21.8,,90.0,,좋음,14.0
2025-06-26 10:00:00,22.1,,87.0,,좋음,19.0
2025-06-26 11:00:00,23.1,,82.0,,좋음,30.0
2025-06-26 12:00:00,23.1,,82.0,,보통,34.0
2025-06-26 13:00:00,23.3,,83.0,,좋음,25.0
2025-06-26 14:00:00,23.7,,81.0,,좋음,17.0
2025-06-26 15:00:00,23.5,,79.0,,좋음,21.0
2025-06-26 16:00:00,22.9,0.0,81.0,,좋음,20.0
2025-06-26 17:00:00,23.8,,78.0,,좋음,27.0
2025-06-26 18:00:00,24.2,,77.0,,좋음,26.0
2025-06-26 19:00:00,23.9,,78.0,,좋음,28.0
2025-06-26 20:00:00,23.4,,80.0,,좋음,23.0
2025-06-26 21:00:00,22.6,,80.0,,좋음,20.0
2025-06-26 22:00:00,22.1,,83.0,,좋음,21.0
2025-06-26 23:00:00,21.8,,85.0,,좋음,24.0
2025-06-27 00:00:00,21.7,,87.0,,좋음,26.0
2025-06-27 01:00:00,21.4,,88.0,,좋음,26.0
2025-06-27 02:00:00,21.4,,88.0,,좋음,24.0
2025-06-27 03:00:00,21.2,,89.0,,좋음,25.0
2025-06-27 04:00:00,21.2,0.0,89.0,,좋음,25.0
2025-06-27 05:00:00,21.2,,89.0,,좋음,30.0
2025-06-27 06:00:00,21.4,,91.0,,보통,32.0
2025-06-27 07:00:00,21.8,,89.0,,보통,38.0
2025-06-27 08:00:00,22.3,,88.0,,보통,36.0
2025-06-27 09:00:00,22.7,0.0,86.0,,보통,42.0
2025-06-27 10:00:00,23.1,0.0,84.0,,보통,43.0
2025-06-27 11:00:00,23.4,0.0,83.0,,보통,44.0
2025-06-27 12:00:00,24.4,0.0,79.0,,보통,40.0
2025-06-27 13:00:00,25.4,,76.0,,보통,39.0
2025-06-27 14:00:00,26.5,0.0,74.0,,보통,40.0
2025-06-27 15:00:00,28.0,,67.0,,보통,39.0
2025-06-27 16:00:00,29.1,,65.0,,보통,38.0
2025-06-27 17:00:00,29.0,,63.0,,보통,44.0
2025-06-27 18:00:00,29.1,,64.0,,보통,41.0
2025-06-27 19:00:00,28.5,,64.0,,보통,43.0
2025-06-27 20:00:00,27.8,,68.0,,보통,48.0
2025-06-27 21:00:00,27.3,,71.0,,보통,51.0
2025-06-27 22:00:00,26.5,,75.0,,보통,48.0
2025-06-27 23:00:00,26.1,,77.0,,보통,48.0
2025-06-28 00:00:00,25.7,,78.0,,보통,64.0
2025-06-28 01:00:00,25.5,,79.0,,보통,67.0
2025-06-28 02:00:00,25.3,0.0,80.0,,보통,60.0
2025-06-28 03:00:00,25.1,0.0,84.0,,보통,65.0
2025-06-28 04:00:00,24.8,0.0,86.0,,보통,49.0
2025-06-28 05:00:00,24.6,0.0,86.0,,보통,33.0
2025-06-28 06:00:00,24.6,0.1,88.0,,보통,38.0
2025-06-28 07:00:00,24.5,0.3,91.0,,보통,54.0
2025-06-28 08:00:00,24.7,0.2,90.0,,보통,46.0
2025-06-28 09:00:00,25.0,0.0,90.0,,보통,45.0
2025-06-28 10:00:00,25.9,0.0,88.0,,보통,40.0
2025-06-28 11:00:00,26.4,,84.0,,보통,38.0
2025-06-28 12:00:00,26.7,,82.0,,보통,33.0
2025-06-28 13:00:00,26.9,,83.0,,보통,31.0
2025-06-28 14:00:00,27.5,0.0,83.0,,보통,34.0
2025-06-28 15:00:00,27.8,,83.0,,보통,35.0
2025-06-28 16:00:00,27.9,,82.0,,좋음,30.0
2025-06-28 17:00:00,27.8,,81.0,,보통,31.0
2025-06-28 18:00:00,27.5,,82.0,,좋음,27.0
2025-06-28 19:00:00,27.1,,83.0,,좋음,26.0
2025-06-28 20:00:00,26.7,,83.0,,좋음,24.0
2025-06-28 21:00:00,26.4,,85.0,,좋음,20.0
2025-06-28 22:00:00,26.2,,85.0,,좋음,20.0
2025-06-28 23:00:00,26.2,,85.0,,좋음,22.0
2025-06-29 00:00:00,26.3,,86.0,,좋음,22.0
2025-06-29 01:00:00,26.2,,86.0,,좋음,28.0
2025-06-29 02:00:00,25.9,,87.0,,좋음,28.0
2025-06-29 03:00:00,25.6,,86.0,,보통,37.0
2025-06-29 04:00:00,25.1,,89.0,,보통,32.0
2025-06-29 05:00:00,25.0,0.0,89.0,,좋음,18.0
2025-06-29 06:00:00,25.0,,86.0,,좋음,13.0
2025-06-29 07:00:00,25.0,,85.0,,좋음,14.0
2025-06-29 08:00:00,25.5,,83.0,,좋음,11.0
2025-06-29 09:00:00,26.0,,80.0,,좋음,14.0
2025-06-29 10:00:00,26.3,0.0,80.0,,좋음,16.0
2025-06-29 11:00:00,27.3,,76.0,,좋음,18.0
2025-06-29 12:00:00,27.7,,76.0,,좋음,16.0
2025-06-29 13:00:00,28.2,,74.0,,좋음,17.0
2025-06-29 14:00:00,28.7,,72.0,,좋음,20.0
2025-06-29 15:00:00,29.5,,69.0,,좋음,21.0
2025-06-29 16:00:00,30.0,,69.0,,좋음,17.0
2025-06-29 17:00:00,30.1,,67.0,,좋음,18.0
2025-06-29 18:00:00,29.6,,66.0,,좋음,16.0
2025-06-29 19:00:00,29.4,,61.0,,좋음,7.0
2025-06-29 20:00:00,28.4,,67.0,,좋음,9.0
2025-06-29 21:00:00,27.5,,73.0,,좋음,12.0
2025-06-29 22:00:00,26.6,,78.0,,좋음,11.0
2025-06-29 23:00:00,26.4,,80.0,,좋음,13.0
2025-06-30 00:00:00,26.1,,81.0,,좋음,10.0
2025-06-30 01:00:00,26.1,,83.0,,좋음,11.0
2025-06-30 02:00:00,26.1,,83.0,,좋음,11.0
2025-06-30 03:00:00,25.9,,84.0,,좋음,13.0
2025-06-30 04:00:00,25.8,,85.0,,좋음,9.0
2025-06-30 05:00:00,25.7,,85.0,,좋음,12.0
2025-06-30 06:00:00,25.6,,85.0,,좋음,10.0
2025-06-30 07:00:00,26.0,,85.0,,좋음,14.0
2025-06-30 08:00:00,26.5,,83.0,,좋음,17.0
2025-06-30 09:00:00,27.2,,78.0,,좋음,20.0
2025-06-30 10:00:00,27.9,,73.0,,좋음,26.0
2025-06-30 11:00:00,29.0,,70.0,,좋음,17.0
2025-06-30 12:00:00,29.9,,66.0,,좋음,16.0
2025-06-30 13:00:00,30.4,,66.0,,좋음,20.0
2025-06-30 14:00:00,31.2,,64.0,,좋음,14.0
2025-06-30 15:00:00,30.9,,65.0,,좋음,18.0
2025-06-30 16:00:00,31.0,,63.0,,좋음,15.0
2025-06-30 17:00:00,30.2,,65.0,,좋음,14.0
2025-06-30 18:00:00,29.8,,68.0,,좋음,15.0
2025-06-30 19:00:00,29.9,,67.0,,좋음,15.0
2025-06-30 20:00:00,28.9,,71.0,,좋음,13.0
2025-06-30 21:00:00,28.5,,74.0,,좋음,18.0
2025-06-30 22:00:00,28.4,,75.0,,좋음,13.0
2025-06-30 23:00:00,28.1,,77.0,,좋음,11.0
2025-07-01 00:00:00,27.7,,77.0,,좋음,10.0
2025-07-01 01:00:00,27.4,,79.0,,좋음,9.0
2025-07-01 02:00:00,27.1,,81.0,,좋음,9.0
2025-07-01 03:00:00,26.9,,82.0,,좋음,13.0
2025-07-01 04:00:00,26.7,,84.0,,좋음,9.0
2025-07-01 05:00:00,26.7,0.0,84.0,,좋음,11.0
2025-07-01 06:00:00,26.5,0.0,87.0,,좋음,13.0
2025-07-01 07:00:00,26.4,0.1,91.0,,좋음,19.0
2025-07-01 08:00:00,26.4,0.8,91.0,,좋음,19.0
2025-07-01 09:00:00,27.0,0.0,88.0,,좋음,22.0
2025-07-01 10:00:00,28.1,0.0,83.0,,좋음,16.0
2025-07-01 11:00:00,29.1,0.0,78.0,,좋음,22.0
2025-07-01 12:00:00,29.8,,75.0,,좋음,17.0
2025-07-01 13:00:00,31.3,,71.0,,좋음,16.0
2025-07-01 14:00:00,31.6,,69.0,,좋음,15.0
2025-07-01 15:00:00,31.2,,69.0,,좋음,10.0
2025-07-01 16:00:00,31.6,,69.0,,좋음,13.0
2025-07-01 17:00:00,31.2,,68.0,,좋음,17.0
2025-07-01 18:00:00,31.1,,69.0,,좋음,13.0
2025-07-01 19:00:00,30.1,,71.0,,좋음,14.0
2025-07-01 20:00:00,29.4,,74.0,,좋음,14.0
2025-07-01 21:00:00,28.6,,78.0,,좋음,16.0
2025-07-01 22:00:00,28.3,,79.0,,좋음,15.0
2025-07-01 23:00:00,28.0,,81.0,,좋음,14.0
2025-07-02 00:00:00,27.8,,81.0,,좋음,14.0
2025-07-02 01:00:00,27.4,,82.0,,좋음,14.0
2025-07-02 02:00:00,27.2,,82.0,,좋음,13.0
2025-07-02 03:00:00,27.0,,83.0,,좋음,13.0
2025-07-02 04:00:00,27.0,,84.0,,좋음,14.0
2025-07-02 05:00:00,26.9,,84.0,,좋음,14.0
2025-07-02 06:00:00,26.8,,83.0,,좋음,11.0
2025-07-02 07:00:00,27.0,,82.0,,좋음,15.0
2025-07-02 08:00:00,27.4,,81.0,,좋음,16.0
2025-07-02 09:00:00,28.2,,79.0,,좋음,23.0
2025-07-02 10:00:00,28.8,,77.0,,좋음,19.0
2025-07-02 11:00:00,29.1,,75.0,,좋음,17.0
2025-07-02 12:00:00,30.2,,69.0,,좋음,16.0
2025-07-02 13:00:00,30.6,,67.0,,좋음,18.0
2025-07-02 14:00:00,30.2,,69.0,,좋음,14.0
2025-07-02 15:00:00,30.2,0.0,69.0,,좋음,14.0
2025-07-02 16:00:00,30.4,,66.0,,좋음,15.0
2025-07-02 17:00:00,30.6,,62.0,,좋음,15.0
2025-07-02 18:00:00,30.3,,67.0,,좋음,17.0
2025-07-02 19:00:00,29.5,,67.0,,좋음,16.0
2025-07-02 20:00:00,28.8,,71.0,,좋음,16.0
2025-07-02 21:00:00,28.3,,78.0,,좋음,20.0
2025-07-02 22:00:00,28.0,,79.0,,좋음,22.0
2025-07-02 23:00:00,27.8,,81.0,,좋음,19.0
2025-07-03 00:00:00,27.6,,82.0,,좋음,21.0
2025-07-03 01:00:00,27.4,,84.0,,좋음,24.0
2025-07-03 02:00:00,27.2,,85.0,,좋음,26.0
2025-07-03 03:00:00,27.1,,85.0,,보통,31.0
2025-07-03 04:00:00,27.0,,87.0,,좋음,28.0
2025-07-03 05:00:00,26.9,,85.0,,좋음,26.0
2025-07-03 06:00:00,26.8,,85.0,,좋음,22.0
2025-07-03 07:00:00,26.8,,84.0,,좋음,24.0
2025-07-03 08:00:00,27.0,,83.0,,좋음,23.0
2025-07-03 09:00:00,27.1,,81.0,,좋음,25.0
2025-07-03 10:00:00,27.5,,80.0,,좋음,25.0
2025-07-03 11:00:00,28.2,,77.0,,좋음,27.0
2025-07-03 12:00:00,28.5,0.0,75.0,,좋음,25.0
2025-07-03 13:00:00,28.6,,75.0,,좋음,30.0
2025-07-03 14:00:00,30.0,,69.0,,좋음,29.0
2025-07-03 15:00:00,31.5,,61.0,,보통,33.0
2025-07-03 16:00:00,31.1,,61.0,,보통,32.0
2025-07-03 17:00:00,31.5,,56.0,,보통,32.0
2025-07-03 18:00:00,30.5,,63.0,,좋음,30.0
2025-07-03 19:00:00,29.6,,70.0,,좋음,24.0
2025-07-03 20:00:00,28.7,,72.0,,좋음,26.0
2025-07-03 21:00:00,28.0,,74.0,,좋음,26.0
2025-07-03 22:00:00,27.5,,76.0,,좋음,27.0
2025-07-03 23:00:00,27.0,,79.0,,좋음,29.0
2025-07-04 00:00:00,26.5,,80.0,,좋음,24.0
2025-07-04 01:00:00,26.3,,80.0,,좋음,24.0
2025-07-04 02:00:00,26.1,,81.0,,좋음,21.0
2025-07-04 03:00:00,26.0,,80.0,,좋음,25.0
2025-07-04 04:00:00,25.8,,81.0,,좋음,26.0
2025-07-04 05:00:00,25.8,,82.0,,좋음,24.0
2025-07-04 06:00:00,25.7,,84.0,,좋음,25.0
2025-07-04 07:00:00,26.0,,82.0,,좋음,29.0
2025-07-04 08:00:00,26.6,,78.0,,좋음,28.0
2025-07-04 09:00:00,26.8,,75.0,,좋음,29.0
2025-07-04 10:00:00,27.1,,73.0,,보통,31.0
2025-07-04 11:00:00,27.3,0.0,75.0,,보통,35.0
2025-07-04 12:00:00,27.0,0.0,76.0,,보통,37.0
2025-07-04 13:00:00,27.4,0.0,74.0,,보통,33.0
2025-07-04 14:00:00,29.1,,69.0,,보통,33.0
2025-07-04 15:00:00,29.5,,67.0,,보통,37.0
2025-07-04 16:00:00,28.9,0.0,71.0,,보통,37.0
2025-07-04 17:00:00,28.6,0.0,74.0,,보통,34.0
2025-07-04 18:00:00,28.4,,75.0,,좋음,28.0
2025-07-04 19:00:00,28.1,,76.0,,좋음,27.0
2025-07-04 20:00:00,27.7,,77.0,,좋음,26.0
2025-07-04 21:00:00,27.4,,78.0,,좋음,27.0
2025-07-04 22:00:00,27.1,,79.0,,좋음,26.0
2025-07-04 23:00:00,26.9,,81.0,,좋음,27.0
2025-07-05 00:00:00,26.7,,81.0,,좋음,25.0
2025-07-05 01:00:00,26.6,,81.0,,좋음,24.0
2025-07-05 02:00:00,26.5,,82.0,,좋음,23.0
2025-07-05 03:00:00,26.3,,81.0,,좋음,20.0
2025-07-05 04:00:00,26.2,,83.0,,좋음,21.0
2025-07-05 05:00:00,26.1,,83.0,,좋음,18.0
2025-07-05 06:00:00,26.0,,81.0,,좋음,21.0
2025-07-05 07:00:00,26.2,,82.0,,좋음,22.0
2025-07-05 08:00:00,26.4,,81.0,,좋음,21.0
2025-07-05 09:00:00,27.2,,77.0,,좋음,23.0
2025-07-05 10:00:00,27.7,,73.0,,좋음,25.0
2025-07-05 11:00:00,28.2,,71.0,,좋음,25.0
2025-07-05 12:00:00,29.2,,68.0,,좋음,23.0
2025-07-05 13:00:00,30.3,,66.0,,좋음,24.0
2025-07-05 14:00:00,31.1,,64.0,,좋음,26.0
2025-07-05 15:00:00,32.2,,61.0,,좋음,28.0
2025-07-05 16:00:00,32.0,,60.0,,좋음,25.0
2025-07-05 17:00:00,31.2,,61.0,,좋음,30.0
2025-07-05 18:00:00,30.7,,65.0,,좋음,27.0
2025-07-05 19:00:00,30.1,,68.0,,좋음,25.0
2025-07-05 20:00:00,29.2,,71.0,,좋음,25.0
2025-07-05 21:00:00,28.7,,72.0,,좋음,24.0
2025-07-05 22:00:00,28.0,,76.0,,좋음,23.0
2025-07-05 23:00:00,27.4,,79.0,,좋음,24.0
2025-07-06 00:00:00,27.1,,78.0,,좋음,22.0
2025-07-06 01:00:00,26.8,,79.0,,좋음,23.0
2025-07-06 02:00:00,26.6,,80.0,,좋음,25.0
2025-07-06 03:00:00,26.6,,81.0,,좋음,28.0
2025-07-06 04:00:00,26.5,,82.0,,좋음,26.0
2025-07-06 05:00:00,26.5,,82.0,,좋음,23.0
2025-07-06 06:00:00,26.4,,83.0,,좋음,24.0
2025-07-06 07:00:00,26.4,,82.0,,좋음,28.0
2025-07-06 08:00:00,26.4,,83.0,,좋음,27.0
2025-07-06 09:00:00,26.6,,82.0,,좋음,29.0
2025-07-06 10:00:00,27.4,,79.0,,좋음,28.0
2025-07-06 11:00:00,28.6,,76.0,,좋음,30.0
2025-07-06 12:00:00,30.6,,68.0,,좋음,30.0
2025-07-06 13:00:00,31.5,,63.0,,보통,33.0
2025-07-06 14:00:00,32.6,,61.0,,보통,31.0
2025-07-06 15:00:00,32.7,,60.0,,보통,33.0
2025-07-06 16:00:00,32.3,,62.0,,좋음,29.0
2025-07-06 17:00:00,31.9,,62.0,,보통,36.0
2025-07-06 18:00:00,32.0,,67.0,,좋음,26.0
2025-07-06 19:00:00,31.4,,67.0,,좋음,27.0
2025-07-06 20:00:00,30.2,,72.0,,좋음,24.0
2025-07-06 21:00:00,29.5,,74.0,,보통,31.0
2025-07-06 22:00:00,28.8,,77.0,,좋음,23.0
2025-07-06 23:00:00,28.4,,79.0,,좋음,25.0
2025-07-07 00:00:00,28.2,,79.0,,좋음,21.0
2025-07-07 01:00:00,27.7,,79.0,,좋음,21.0
2025-07-07 02:00:00,27.3,,81.0,,좋음,20.0
2025-07-07 03:00:00,27.2,,82.0,,좋음,25.0
2025-07-07 04:00:00,27.0,,81.0,,좋음,22.0
2025-07-07 05:00:00,27.0,,82.0,,좋음,29.0
2025-07-07 06:00:00,26.7,,85.0,,보통,33.0
2025-07-07 07:00:00,26.8,,84.0,,보통,43.0
2025-07-07 08:00:00,27.2,,84.0,,보통,43.0
2025-07-07 09:00:00,27.5,,83.0,,보통,48.0
2025-07-07 10:00:00,28.0,,82.0,,보통,51.0
2025-07-07 11:00:00,28.3,,81.0,,보통,56.0
2025-07-07 12:00:00,28.8,,79.0,,,
2025-07-07 13:00:00,30.7,,74.0,,,
2025-07-07 14:00:00,32.3,,70.0,,,
2025-07-07 15:00:00,32.8,,66.0,,보통,73.0
2025-07-07 16:00:00,33.0,,67.0,,보통,67.0
2025-07-07 17:00:00,32.8,,69.0,,보통,76.0
2025-07-07 18:00:00,32.2,,72.0,,보통,71.0
2025-07-07 19:00:00,30.9,,75.0,,보통,70.0
2025-07-07 20:00:00,29.7,,81.0,,보통,60.0
2025-07-07 21:00:00,29.1,,81.0,,보통,59.0
2025-07-07 22:00:00,28.8,,82.0,,보통,58.0
2025-07-07 23:00:00,28.6,,83.0,,보통,70.0
2025-07-08 00:00:00,28.4,,84.0,,보통,72.0
2025-07-08 01:00:00,28.2,,85.0,,보통,69.0
2025-07-08 02:00:00,27.9,,87.0,,보통,66.0
2025-07-08 03:00:00,27.7,,87.0,,보통,79.0
2025-07-08 04:00:00,27.4,,88.0,,보통,74.0
2025-07-08 05:00:00,27.0,,88.0,,보통,67.0
2025-07-08 06:00:00,27.0,,88.0,,보통,65.0
2025-07-08 07:00:00,27.7,,85.0,,보통,63.0
2025-07-08 08:00:00,29.5,,77.0,,보통,47.0
2025-07-08 09:00:00,31.1,,72.0,,보통,47.0
2025-07-08 10:00:00,32.7,,65.0,,보통,54.0
2025-07-08 11:00:00,34.4,,60.0,,보통,55.0
2025-07-08 12:00:00,35.3,,56.0,,보통,53.0
2025-07-08 13:00:00,35.2,,55.0,,보통,53.0
2025-07-08 14:00:00,36.7,,51.0,,보통,73.0
2025-07-08 15:00:00,37.4,,48.0,,보통,58.0
2025-07-08 16:00:00,36.6,,49.0,,나쁨,81.0
2025-07-08 17:00:00,37.2,,49.0,,나쁨,97.0
2025-07-08 18:00:00,36.0,,57.0,,보통,65.0
2025-07-08 19:00:00,27.9,6.4,80.0,,보통,38.0
2025-07-08 20:00:00,27.2,4.9,81.0,,좋음,20.0
2025-07-08 21:00:00,27.4,0.5,87.0,,좋음,26.0
2025-07-08 22:00:00,27.8,0.0,84.0,,좋음,24.0
2025-07-08 23:00:00,28.1,,84.0,,보통,31.0
2025-07-09 00:00:00,28.2,,85.0,,보통,32.0
2025-07-09 01:00:00,28.3,,81.0,,좋음,30.0
2025-07-09 02:00:00,28.3,,79.0,,좋음,30.0
2025-07-09 03:00:00,28.0,,82.0,,좋음,30.0
2025-07-09 04:00:00,27.8,,81.0,,보통,31.0
2025-07-09 05:00:00,27.6,,82.0,,보통,33.0
2025-07-09 06:00:00,27.5,,80.0,,보통,36.0
2025-07-09 07:00:00,27.9,,77.0,,보통,41.0
2025-07-09 08:00:00,29.7,,71.0,,보통,39.0
2025-07-09 09:00:00,31.3,,63.0,,보통,40.0
2025-07-09 10:00:00,32.3,,62.0,,보통,38.0
2025-07-09 11:00:00,33.6,,57.0,,보통,43.0
2025-07-09 12:00:00,33.8,,55.0,,보통,41.0
2025-07-09 13:00:00,34.0,,53.0,,보통,44.0
2025-07-09 14:00:00,35.4,,48.0,,보통,47.0
2025-07-09 15:00:00,35.4,,48.0,,보통,45.0
2025-07-09 16:00:00,35.5,,46.0,,보통,52.0
2025-07-09 17:00:00,35.4,,47.0,,보통,76.0
2025-07-09 18:00:00,35.3,,48.0,,보통,53.0
2025-07-09 19:00:00,34.4,,51.0,,보통,48.0
2025-07-09 20:00:00,33.5,,53.0,,보통,38.0
2025-07-09 21:00:00,32.9,,54.0,,보통,38.0
2025-07-09 22:00:00,32.1,,54.0,,보통,35.0
2025-07-09 23:00:00,31.3,,58.0,,보통,35.0
2025-07-10 00:00:00,30.9,,59.0,,좋음,29.0
2025-07-10 01:00:00,30.1,,62.0,,보통,35.0
2025-07-10 02:00:00,29.3,,64.0,,보통,46.0
2025-07-10 03:00:00,28.7,,65.0,,보통,57.0
2025-07-10 04:00:00,28.2,,64.0,,보통,57.0
2025-07-10 05:00:00,27.8,,63.0,,보통,55.0
2025-07-10 06:00:00,27.3,,64.0,,보통,49.0
2025-07-10 07:00:00,27.6,,63.0,,보통,31.0
2025-07-10 08:00:00,29.4,,55.0,,좋음,25.0
2025-07-10 09:00:00,31.0,,49.0,,좋음,30.0
2025-07-10 10:00:00,32.1,,43.0,,보통,34.0
2025-07-10 11:00:00,33.4,,42.0,,보통,34.0
2025-07-10 12:00:00,34.1,,42.0,,보통,38.0
2025-07-10 13:00:00,34.5,,40.0,,보통,41.0
2025-07-10 14:00:00,35.4,,39.0,,,
2025-07-10 15:00:00,35.7,,37.0,,보통,35.0
2025-07-10 16:00:00,36.1,,36.0,,보통,37.0
2025-07-10 17:00:00,36.0,,35.0,,좋음,30.0
2025-07-10 18:00:00,35.5,,34.0,,보통,34.0
2025-07-10 19:00:00,33.9,,34.0,,보통,35.0
2025-07-10 20:00:00,32.2,,35.0,,보통,34.0
2025-07-10 21:00:00,31.0,,39.0,,좋음,24.0
2025-07-10 22:00:00,29.9,,40.0,,좋음,21.0
2025-07-10 23:00:00,28.9,,42.0,,좋음,21.0
2025-07-11 00:00:00,28.0,,43.0,,좋음,18.0
2025-07-11 01:00:00,27.1,,45.0,,좋음,16.0
2025-07-11 02:00:00,26.4,,49.0,,좋음,20.0
2025-07-11 03:00:00,25.8,,50.0,,좋음,18.0
2025-07-11 04:00:00,25.3,,53.0,,좋음,17.0
2025-07-11 05:00:00,24.8,,56.0,,좋음,19.0
2025-07-11 06:00:00,24.6,,58.0,,좋음,23.0
2025-07-11 07:00:00,25.3,,57.0,,좋음,25.0
2025-07-11 08:00:00,27.1,,52.0,,좋음,25.0
2025-07-11 09:00:00,28.8,,49.0,,좋음,27.0
2025-07-11 10:00:00,30.2,,47.0,,좋음,28.0
2025-07-11 11:00:00,31.4,,45.0,,좋음,29.0
2025-07-11 12:00:00,32.5,,44.0,,보통,31.0
2025-07-11 13:00:00,33.5,,40.0,,좋음,28.0
2025-07-11 14:00:00,34.3,,41.0,,좋음,27.0
2025-07-11 15:00:00,35.0,,38.0,,좋음,28.0
2025-07-11 16:00:00,35.7,,37.0,,좋음,27.0
2025-07-11 17:00:00,36.0,,35.0,,보통,39.0
2025-07-11 18:00:00,35.6,,38.0,,좋음,22.0
2025-07-11 19:00:00,34.2,,39.0,,좋음,21.0
2025-07-11 20:00:00,32.5,,43.0,,좋음,21.0
2025-07-11 21:00:00,30.9,,47.0,,보통,32.0
2025-07-11 22:00:00,29.8,,50.0,,좋음,28.0
2025-07-11 23:00:00,28.8,,51.0,,좋음,26.0
2025-07-12 00:00:00,28.0,,53.0,,좋음,29.0
2025-07-12 01:00:00,27.2,,53.0,,좋음,9.0
2025-07-12 02:00:00,26.6,,54.0,,좋음,16.0
2025-07-12 03:00:00,26.0,,55.0,,좋음,15.0
2025-07-12 04:00:00,25.4,,56.0,,좋음,16.0
2025-07-12 05:00:00,24.8,,56.0,,좋음,14.0
2025-07-12 06:00:00,24.4,,58.0,,좋음,18.0
2025-07-12 07:00:00,25.1,,56.0,,좋음,21.0
2025-07-12 08:00:00,27.3,,50.0,,좋음,21.0
2025-07-12 09:00:00,29.1,,46.0,,좋음,21.0
2025-07-12 10:00:00,30.6,,40.0,,좋음,19.0
2025-07-12 11:00:00,32.2,,37.0,,좋음,23.0
2025-07-12 12:00:00,33.3,,37.0,,좋음,20.0
2025-07-12 13:00:00,34.3,,32.0,,좋음,22.0
2025-07-12 14:00:00,35.2,,30.0,,좋음,20.0
2025-07-12 15:00:00,35.9,,29.0,,좋음,19.0
2025-07-12 16:00:00,36.2,,28.0,,좋음,23.0
2025-07-12 17:00:00,36.0,,29.0,,좋음,27.0
2025-07-12 18:00:00,34.9,,38.0,,좋음,19.0
2025-07-12 19:00:00,32.8,,48.0,,좋음,29.0
2025-07-12 20:00:00,31.4,,51.0,,보통,41.0
2025-07-12 21:00:00,30.6,,53.0,,보통,39.0
2025-07-12 22:00:00,29.7,,57.0,,보통,56.0
2025-07-12 23:00:00,28.8,,60.0,,좋음,27.0
2025-07-13 00:00:00,28.2,,64.0,,보통,35.0
2025-07-13 01:00:00,27.7,,66.0,,보통,40.0
2025-07-13 02:00:00,27.3,,66.0,,좋음,29.0
2025-07-13 03:00:00,27.0,,69.0,,보통,33.0
2025-07-13 04:00:00,26.7,,67.0,,보통,33.0
2025-07-13 05:00:00,26.0,,67.0,,좋음,27.0
2025-07-13 06:00:00,25.7,,69.0,,보통,63.0
2025-07-13 07:00:00,26.4,,66.0,,보통,44.0
2025-07-13 08:00:00,27.8,,64.0,,보통,36.0
2025-07-13 09:00:00,29.3,,60.0,,보통,40.0
2025-07-13 10:00:00,30.1,,58.0,,보통,39.0
2025-07-13 11:00:00,30.8,,58.0,,보통,43.0
2025-07-13 12:00:00,30.6,0.0,58.0,,보통,60.0
2025-07-13 13:00:00,30.7,,58.0,,,
2025-07-13 14:00:00,28.2,0.0,69.0,,보통,56.0
2025-07-13 15:00:00,28.1,0.0,71.0,,나쁨,81.0
2025-07-13 16:00:00,28.3,0.0,67.0,,보통,61.0
2025-07-13 17:00:00,28.3,,65.0,,보통,47.0
2025-07-13 18:00:00,28.2,,69.0,,보통,42.0
2025-07-13 19:00:00,28.1,,68.0,,보통,38.0
2025-07-13 20:00:00,27.8,,67.0,,보통,45.0
2025-07-13 21:00:00,27.0,,70.0,,보통,45.0
2025-07-13 22:00:00,26.5,,67.0,,보통,34.0
2025-07-13 23:00:00,25.9,,67.0,,보통,32.0
2025-07-14 00:00:00,25.6,,68.0,,보통,39.0
2025-07-14 01:00:00,25.3,,64.0,,보통,42.0
2025-07-14 02:00:00,25.1,,66.0,,보통,67.0
2025-07-14 03:00:00,24.7,,67.0,,보통,63.0
2025-07-14 04:00:00,24.3,,70.0,,보통,57.0
2025-07-14 05:00:00,23.9,,73.0,,보통,55.0
2025-07-14 06:00:00,23.6,,74.0,,보통,51.0
2025-07-14 07:00:00,24.0,,75.0,,보통,54.0
2025-07-14 08:00:00,25.1,,75.0,,보통,52.0
2025-07-14 09:00:00,25.6,,74.0,,보통,54.0
2025-07-14 10:00:00,26.1,,70.0,,보통,51.0
2025-07-14 11:00:00,27.7,,62.0,,보통,57.0
2025-07-14 12:00:00,27.9,0.0,62.0,,보통,45.0
2025-07-14 13:00:00,25.8,0.3,73.0,,보통,42.0
2025-07-14 14:00:00,25.6,0.0,71.0,,보통,34.0
2025-07-14 15:00:00,24.8,0.2,77.0,,보통,32.0
2025-07-14 16:00:00,23.2,2.0,88.0,,좋음,23.0
2025-07-14 17:00:00,23.2,1.1,85.0,,좋음,24.0
2025-07-14 18:00:00,23.1,0.8,87.0,,좋음,24.0
2025-07-14 19:00:00,23.0,0.8,89.0,,좋음,16.0
2025-07-14 20:00:00,22.7,1.6,92.0,,좋음,15.0
2025-07-14 21:00:00,22.5,0.5,93.0,,좋음,13.0
2025-07-14 22:00:00,22.1,3.9,93.0,,좋음,12.0
2025-07-14 23:00:00,21.9,2.3,95.0,,좋음,9.0
2025-07-15 00:00:00,21.7,0.1,92.0,,좋음,9.0
2025-07-15 01:00:00,21.6,1.2,94.0,,좋음,10.0
2025-07-15 02:00:00,21.5,0.7,95.0,,좋음,10.0
2025-07-15 03:00:00,21.6,0.5,93.0,,좋음,9.0
2025-07-15 04:00:00,21.6,0.0,93.0,,좋음,11.0
2025-07-15 05:00:00,21.6,0.0,94.0,,좋음,10.0
2025-07-15 06:00:00,21.5,,93.0,,좋음,7.0
2025-07-15 07:00:00,21.6,0.3,93.0,,좋음,9.0
2025-07-15 08:00:00,22.0,0.3,92.0,,좋음,10.0
2025-07-15 09:00:00,22.5,0.0,89.0,,좋음,14.0
2025-07-15 10:00:00,22.8,,89.0,,좋음,13.0
2025-07-15 11:00:00,23.0,0.0,85.0,,좋음,20.0
2025-07-15 12:00:00,23.8,0.0,83.0,,좋음,19.0
2025-07-15 13:00:00,24.2,0.4,85.0,,좋음,20.0
2025-07-15 14:00:00,24.4,0.4,81.0,,좋음,17.0
2025-07-15 15:00:00,25.7,0.0,77.0,,좋음,17.0
2025-07-15 16:00:00,25.5,,75.0,,좋음,12.0
2025-07-15 17:00:00,25.4,0.0,78.0,,좋음,20.0
2025-07-15 18:00:00,25.0,0.2,82.0,,좋음,20.0
2025-07-15 19:00:00,25.0,,75.0,,좋음,10.0
2025-07-15 20:00:00,24.4,,73.0,,좋음,15.0
2025-07-15 21:00:00,24.2,,75.0,,좋음,18.0
2025-07-15 22:00:00,24.2,,75.0,,좋음,14.0
2025-07-15 23:00:00,24.1,0.0,79.0,,좋음,16.0
2025-07-16 00:00:00,24.1,,81.0,,좋음,19.0
2025-07-16 01:00:00,24.1,,82.0,,좋음,24.0
2025-07-16 02:00:00,24.1,,84.0,,좋음,22.0
2025-07-16 03:00:00,24.2,,85.0,,좋음,27.0
2025-07-16 04:00:00,24.3,,87.0,,보통,32.0
2025-07-16 05:00:00,24.2,0.0,87.0,,보통,43.0
2025-07-16 06:00:00,24.1,0.0,86.0,,보통,35.0
2025-07-16 07:00:00,24.3,,88.0,,보통,35.0
2025-07-16 08:00:00,24.4,1.0,90.0,,보통,35.0
2025-07-16 09:00:00,24.6,0.0,85.0,,보통,43.0
2025-07-16 10:00:00,24.6,0.0,84.0,,보통,41.0
2025-07-16 11:00:00,23.2,0.2,81.0,,보통,44.0
2025-07-16 12:00:00,23.3,0.6,85.0,,보통,31.0
2025-07-16 13:00:00,23.5,0.0,78.0,,보통,34.0
2025-07-16 14:00:00,23.6,0.0,80.0,,,
2025-07-16 15:00:00,23.0,1.0,89.0,,,
2025-07-16 16:00:00,22.7,3.2,93.0,,좋음,25.0
2025-07-16 17:00:00,22.7,4.2,94.0,,좋음,19.0
2025-07-16 18:00:00,22.6,2.5,95.0,,좋음,12.0
2025-07-16 19:00:00,22.5,5.9,96.0,,좋음,11.0
2025-07-16 20:00:00,22.4,22.2,98.0,,좋음,10.0
2025-07-16 21:00:00,22.3,22.5,98.0,,좋음,12.0
2025-07-16 22:00:00,22.3,8.7,96.0,,좋음,15.0
2025-07-16 23:00:00,22.4,0.2,95.0,,좋음,21.0
2025-07-17 00:00:00,22.5,0.9,98.0,,좋음,19.0
2025-07-17 01:00:00,22.6,1.7,97.0,,좋음,16.0
2025-07-17 02:00:00,22.8,0.2,96.0,,좋음,15.0
2025-07-17 03:00:00,22.9,0.3,97.0,,좋음,19.0
2025-07-17 04:00:00,22.8,0.2,94.0,,좋음,14.0
2025-07-17 05:00:00,22.6,7.1,96.0,,좋음,11.0
2025-07-17 06:00:00,22.7,3.4,98.0,,좋음,11.0
2025-07-17 07:00:00,22.6,31.4,99.0,,좋음,12.0
2025-07-17 08:00:00,22.6,5.9,98.0,,좋음,12.0
2025-07-17 09:00:00,22.3,2.5,98.0,,좋음,13.0
2025-07-17 10:00:00,22.0,13.4,97.0,,좋음,9.0
2025-07-17 11:00:00,22.7,0.5,96.0,,좋음,9.0
2025-07-17 12:00:00,23.9,,91.0,,좋음,9.0
2025-07-17 13:00:00,24.3,0.0,87.0,,좋음,10.0
2025-07-17 14:00:00,23.8,0.0,90.0,,좋음,13.0
2025-07-17 15:00:00,24.0,0.1,89.0,,좋음,12.0
2025-07-17 16:00:00,24.2,,87.0,,좋음,8.0
2025-07-17 17:00:00,24.1,0.9,91.0,,좋음,15.0
2025-07-17 18:00:00,23.8,2.5,94.0,,좋음,13.0
2025-07-17 19:00:00,23.7,0.4,92.0,,좋음,11.0
2025-07-17 20:00:00,23.5,0.7,94.0,,좋음,13.0
2025-07-17 21:00:00,23.3,1.2,94.0,,좋음,15.0
2025-07-17 22:00:00,23.2,0.7,96.0,,좋음,9.0
2025-07-17 23:00:00,23.3,2.4,96.0,,좋음,10.0
2025-07-18 00:00:00,23.4,0.0,93.0,,좋음,8.0
2025-07-18 01:00:00,23.5,0.0,92.0,,좋음,10.0
2025-07-18 02:00:00,23.5,,91.0,,좋음,8.0
2025-07-18 03:00:00,23.4,0.0,91.0,,좋음,8.0
2025-07-18 04:00:00,23.4,0.0,92.0,,좋음,8.0
2025-07-18 05:00:00,23.2,2.1,95.0,,좋음,9.0
2025-07-18 06:00:00,23.1,0.7,94.0,,좋음,13.0
2025-07-18 07:00:00,23.1,0.0,94.0,,좋음,18.0
2025-07-18 08:00:00,23.4,,93.0,,좋음,16.0
2025-07-18 09:00:00,23.0,8.7,96.0,,좋음,16.0
2025-07-18 10:00:00,23.2,3.3,97.0,,좋음,21.0
2025-07-18 11:00:00,23.9,0.9,96.0,,좋음,23.0
2025-07-18 12:00:00,24.2,0.1,93.0,,좋음,19.0
2025-07-18 13:00:00,24.7,0.2,94.0,,좋음,20.0
2025-07-18 14:00:00,25.4,0.1,90.0,,좋음,22.0
2025-07-18 15:00:00,25.9,0.0,87.0,,좋음,19.0
2025-07-18 16:00:00,26.9,,82.0,,좋음,23.0
2025-07-18 17:00:00,27.0,0.0,83.0,,좋음,24.0
2025-07-18 18:00:00,27.0,,81.0,,좋음,21.0
2025-07-18 19:00:00,26.9,0.0,81.0,,좋음,23.0
2025-07-18 20:00:00,26.3,0.0,85.0,,좋음,24.0
2025-07-18 21:00:00,25.8,,86.0,,보통,33.0
2025-07-18 22:00:00,25.5,0.0,86.0,,좋음,30.0
2025-07-18 23:00:00,25.4,,88.0,,좋음,28.0
2025-07-19 00:00:00,25.3,,88.0,,좋음,23.0
2025-07-19 01:00:00,25.1,0.8,92.0,,좋음,27.0
2025-07-19 02:00:00,24.8,10.7,96.0,,좋음,25.0
2025-07-19 03:00:00,22.6,16.7,92.0,,좋음,16.0
2025-07-19 04:00:00,22.0,29.2,96.0,,좋음,9.0
2025-07-19 05:00:00,21.9,1.9,96.0,,좋음,15.0
2025-07-19 06:00:00,22.0,6.4,97.0,,좋음,10.0
2025-07-19 07:00:00,22.1,0.0,97.0,,좋음,9.0
2025-07-19 08:00:00,22.0,0.4,98.0,,좋음,9.0
2025-07-19 09:00:00,22.2,0.6,96.0,,좋음,14.0
2025-07-19 10:00:00,22.5,0.1,98.0,,좋음,15.0
2025-07-19 11:00:00,22.9,0.2,99.0,,좋음,18.0
2025-07-19 12:00:00,23.2,1.2,98.0,,좋음,15.0
2025-07-19 13:00:00,23.7,0.0,98.0,,좋음,22.0
2025-07-19 14:00:00,24.1,0.0,96.0,,좋음,16.0
2025-07-19 15:00:00,24.8,0.0,96.0,,좋음,11.0
2025-07-19 16:00:00,25.4,0.0,95.0,,좋음,13.0
2025-07-19 17:00:00,25.6,0.3,94.0,,좋음,15.0
2025-07-19 18:00:00,25.6,0.7,92.0,,좋음,14.0
2025-07-19 19:00:00,25.5,0.0,92.0,,좋음,19.0
2025-07-19 20:00:00,25.4,0.0,93.0,,좋음,18.0
2025-07-19 21:00:00,25.2,0.4,94.0,,좋음,18.0
2025-07-19 22:00:00,25.1,0.2,94.0,,좋음,16.0
2025-07-19 23:00:00,25.2,2.0,98.0,,좋음,20.0
2025-07-20 00:00:00,25.3,12.2,98.0,,좋음,17.0
2025-07-20 01:00:00,25.5,6.4,99.0,,좋음,13.0
2025-07-20 02:00:00,25.6,2.0,95.0,,좋음,12.0
2025-07-20 03:00:00,25.5,1.3,98.0,,좋음,21.0
2025-07-20 04:00:00,25.4,0.8,95.0,,좋음,17.0
2025-07-20 05:00:00,25.2,2.2,96.0,,좋음,16.0
2025-07-20 06:00:00,25.0,2.1,98.0,,좋음,14.0
2025-07-20 07:00:00,25.0,0.0,95.0,,좋음,16.0
2025-07-20 08:00:00,25.3,,95.0,,좋음,19.0
2025-07-20 09:00:00,26.1,,92.0,,좋음,26.0
2025-07-20 10:00:00,26.2,,89.0,,좋음,23.0
2025-07-20 11:00:00,28.0,,83.0,,좋음,25.0
2025-07-20 12:00:00,28.6,,79.0,,좋음,26.0
2025-07-20 13:00:00,28.7,,76.0,,좋음,26.0
2025-07-20 14:00:00,29.3,,76.0,,좋음,23.0
2025-07-20 15:00:00,30.0,,73.0,,좋음,19.0
2025-07-20 16:00:00,30.6,,67.0,,좋음,18.0
2025-07-20 17:00:00,31.3,,65.0,,좋음,27.0
2025-07-20 18:00:00,31.1,,64.0,,좋음,20.0
2025-07-20 19:00:00,30.4,,66.0,,좋음,10.0
2025-07-20 20:00:00,29.1,,72.0,,좋음,28.0
2025-07-20 21:00:00,28.2,,77.0,,좋음,27.0
2025-07-20 22:00:00,27.6,,79.0,,좋음,26.0
2025-07-20 23:00:00,27.5,,79.0,,좋음,23.0
2025-07-21 00:00:00,27.3,,81.0,,좋음,23.0
2025-07-21 01:00:00,26.9,,83.0,,좋음,24.0
2025-07-21 02:00:00,26.5,,85.0,,좋음,26.0
2025-07-21 03:00:00,26.1,,86.0,,좋음,26.0
2025-07-21 04:00:00,25.8,,88.0,,좋음,28.0
2025-07-21 05:00:00,25.7,,88.0,,좋음,28.0
2025-07-21 06:00:00,25.9,,90.0,,좋음,28.0
2025-07-21 07:00:00,26.1,0.0,88.0,,좋음,29.0
2025-07-21 08:00:00,26.6,0.0,85.0,,좋음,30.0
2025-07-21 09:00:00,27.1,,83.0,,좋음,29.0
2025-07-21 10:00:00,28.0,,81.0,,좋음,27.0
2025-07-21 11:00:00,29.2,0.0,77.0,,좋음,26.0
2025-07-21 12:00:00,30.5,,68.0,,좋음,21.0
2025-07-21 13:00:00,30.8,,70.0,,좋음,20.0
2025-07-21 14:00:00,30.8,,68.0,,좋음,21.0
2025-07-21 15:00:00,31.6,,64.0,,좋음,17.0
2025-07-21 16:00:00,31.3,,65.0,,좋음,18.0
2025-07-21 17:00:00,31.1,,66.0,,좋음,14.0
2025-07-21 18:00:00,31.0,,65.0,,좋음,17.0
2025-07-21 19:00:00,29.8,,70.0,,좋음,18.0
2025-07-21 20:00:00,28.8,,76.0,,좋음,18.0
2025-07-21 21:00:00,28.2,,79.0,,좋음,19.0
2025-07-21 22:00:00,27.9,,81.0,,좋음,20.0
2025-07-21 23:00:00,27.7,,81.0,,좋음,18.0
2025-07-22 00:00:00,27.4,,84.0,,좋음,19.0
2025-07-22 01:00:00,27.2,,85.0,,좋음,21.0
2025-07-22 02:00:00,27.0,,87.0,,좋음,21.0
2025-07-22 03:00:00,26.9,,86.0,,좋음,22.0
2025-07-22 04:00:00,26.8,,86.0,,좋음,20.0
2025-07-22 05:00:00,26.7,,87.0,,좋음,18.0
2025-07-22 06:00:00,26.7,,88.0,,좋음,20.0
2025-07-22 07:00:00,26.8,,86.0,,좋음,22.0
2025-07-22 08:00:00,27.4,,83.0,,좋음,23.0
2025-07-22 09:00:00,28.3,,78.0,,좋음,28.0
2025-07-22 10:00:00,29.2,,76.0,,좋음,22.0
2025-07-22 11:00:00,29.6,,72.0,,좋음,24.0
2025-07-22 12:00:00,30.4,,68.0,,좋음,23.0
2025-07-22 13:00:00,31.3,,68.0,,좋음,21.0
2025-07-22 14:00:00,31.9,,59.0,,좋음,21.0
2025-07-22 15:00:00,32.0,,59.0,,좋음,22.0
2025-07-22 16:00:00,31.7,,66.0,,좋음,16.0
2025-07-22 17:00:00,30.2,0.0,69.0,,좋음,19.0
2025-07-22 18:00:00,30.6,0.1,66.0,,좋음,14.0
2025-07-22 19:00:00,30.0,,68.0,,좋음,14.0
2025-07-22 20:00:00,28.9,,74.0,,좋음,19.0
2025-07-22 21:00:00,28.2,,80.0,,좋음,20.0
2025-07-22 22:00:00,27.6,,82.0,,좋음,20.0
2025-07-22 23:00:00,27.3,,82.0,,좋음,25.0
2025-07-23 00:00:00,27.3,,80.0,,좋음,21.0
2025-07-23 01:00:00,27.1,,82.0,,좋음,23.0
2025-07-23 02:00:00,26.5,,84.0,,좋음,25.0
2025-07-23 03:00:00,26.3,,85.0,,좋음,28.0
2025-07-23 04:00:00,26.0,,86.0,,좋음,20.0
2025-07-23 05:00:00,25.7,,87.0,,좋음,25.0
2025-07-23 06:00:00,25.5,,87.0,,좋음,22.0
2025-07-23 07:00:00,25.9,,86.0,,좋음,21.0
2025-07-23 08:00:00,26.8,,86.0,,좋음,21.0
2025-07-23 09:00:00,28.2,,77.0,,좋음,23.0
2025-07-23 10:00:00,29.5,,73.0,,좋음,25.0
2025-07-23 11:00:00,30.7,,68.0,,좋음,25.0
2025-07-23 12:00:00,31.6,,60.0,,좋음,29.0
2025-07-23 13:00:00,32.1,,57.0,,좋음,18.0
2025-07-23 14:00:00,33.1,,56.0,,좋음,30.0
2025-07-23 15:00:00,32.5,,55.0,,보통,38.0
2025-07-23 16:00:00,32.0,,61.0,,보통,31.0
2025-07-23 17:00:00,31.7,,63.0,,좋음,30.0
2025-07-23 18:00:00,31.3,,64.0,,좋음,22.0
2025-07-23 19:00:00,30.9,,64.0,,좋음,26.0
2025-07-23 20:00:00,29.8,,68.0,,좋음,22.0
2025-07-23 21:00:00,29.0,,65.0,,좋음,18.0
2025-07-23 22:00:00,28.2,,70.0,,좋음,17.0
2025-07-23 23:00:00,27.6,,67.0,,좋음,14.0
2025-07-24 00:00:00,27.1,,70.0,,좋음,13.0
2025-07-24 01:00:00,26.8,,74.0,,좋음,16.0
2025-07-24 02:00:00,26.3,,75.0,,좋음,14.0
2025-07-24 03:00:00,26.3,,79.0,,좋음,17.0
2025-07-24 04:00:00,26.1,,80.0,,좋음,14.0
2025-07-24 05:00:00,26.0,,81.0,,좋음,13.0
2025-07-24 06:00:00,25.8,,81.0,,좋음,20.0
2025-07-24 07:00:00,26.0,,81.0,,좋음,25.0
2025-07-24 08:00:00,27.3,,81.0,,좋음,24.0
2025-07-24 09:00:00,29.6,,69.0,,좋음,26.0
2025-07-24 10:00:00,30.2,,62.0,,좋음,26.0
2025-07-24 11:00:00,31.5,,64.0,,보통,35.0
2025-07-24 12:00:00,32.4,,59.0,,보통,34.0
2025-07-24 13:00:00,33.4,,54.0,,보통,36.0
2025-07-24 14:00:00,33.9,,49.0,,보통,37.0
2025-07-24 15:00:00,32.8,,56.0,,보통,40.0
2025-07-24 16:00:00,33.7,,55.0,,보통,47.0
2025-07-24 17:00:00,33.9,,56.0,,보통,44.0
2025-07-24 18:00:00,33.2,,59.0,,보통,42.0
2025-07-24 19:00:00,32.0,,62.0,,보통,46.0
2025-07-24 20:00:00,30.7,,66.0,,보통,37.0
2025-07-24 21:00:00,30.0,,67.0,,보통,33.0
2025-07-24 22:00:00,29.5,,68.0,,보통,33.0
2025-07-24 23:00:00,28.9,,72.0,,보통,33.0
2025-07-25 00:00:00,28.4,,74.0,,좋음,29.0
2025-07-25 01:00:00,27.8,,77.0,,좋음,28.0
2025-07-25 02:00:00,27.3,,76.0,,좋음,28.0
2025-07-25 03:00:00,26.9,,78.0,,보통,32.0
2025-07-25 04:00:00,26.4,,80.0,,좋음,29.0
2025-07-25 05:00:00,25.9,,81.0,,보통,34.0
2025-07-25 06:00:00,25.7,,84.0,,보통,34.0
2025-07-25 07:00:00,26.2,,84.0,,보통,39.0
2025-07-25 08:00:00,28.4,,77.0,,보통,39.0
2025-07-25 09:00:00,30.2,,69.0,,보통,44.0
2025-07-25 10:00:00,31.9,,66.0,,보통,46.0
2025-07-25 11:00:00,32.7,,59.0,,보통,54.0
2025-07-25 12:00:00,33.9,,55.0,,보통,46.0
2025-07-25 13:00:00,35.0,,52.0,,보통,45.0
2025-07-25 14:00:00,35.2,,54.0,,보통,53.0
2025-07-25 15:00:00,36.0,,52.0,,보통,50.0
2025-07-25 16:00:00,35.7,,52.0,,보통,51.0
2025-07-25 17:00:00,35.6,,52.0,,보통,47.0
2025-07-25 18:00:00,34.8,,51.0,,보통,46.0
2025-07-25 19:00:00,33.6,,52.0,,보통,40.0
2025-07-25 20:00:00,32.4,,58.0,,보통,38.0
2025-07-25 21:00:00,31.7,,61.0,,보통,41.0
2025-07-25 22:00:00,30.8,,66.0,,보통,37.0
2025-07-25 23:00:00,30.2,,68.0,,보통,43.0
2025-07-26 00:00:00,29.8,,67.0,,보통,36.0
2025-07-26 01:00:00,29.1,,69.0,,보통,36.0
2025-07-26 02:00:00,28.7,,72.0,,보통,36.0
2025-07-26 03:00:00,28.3,,73.0,,보통,39.0
2025-07-26 04:00:00,28.1,,74.0,,보통,38.0
2025-07-26 05:00:00,27.9,,75.0,,보통,37.0
2025-07-26 06:00:00,27.6,,76.0,,보통,37.0
2025-07-26 07:00:00,28.2,,76.0,,보통,38.0
2025-07-26 08:00:00,29.5,,71.0,,보통,31.0
2025-07-26 09:00:00,31.3,,64.0,,좋음,29.0
2025-07-26 10:00:00,32.7,,61.0,,좋음,23.0
2025-07-26 11:00:00,33.8,,56.0,,좋음,28.0
2025-07-26 12:00:00,34.9,,55.0,,좋음,28.0
2025-07-26 13:00:00,35.0,,53.0,,좋음,21.0
2025-07-26 14:00:00,35.5,,47.0,,좋음,27.0
2025-07-26 15:00:00,35.8,,49.0,,좋음,29.0
2025-07-26 16:00:00,36.2,,48.0,,좋음,28.0
2025-07-26 17:00:00,37.0,,46.0,,좋음,26.0
2025-07-26 18:00:00,36.7,,51.0,,좋음,24.0
2025-07-26 19:00:00,35.1,,48.0,,좋음,27.0
2025-07-26 20:00:00,34.0,,55.0,,보통,39.0
2025-07-26 21:00:00,32.9,,61.0,,보통,41.0
2025-07-26 22:00:00,32.2,,63.0,,보통,39.0
2025-07-26 23:00:00,31.5,,65.0,,보통,36.0
2025-07-27 00:00:00,31.1,,66.0,,보통,43.0
2025-07-27 01:00:00,30.5,,67.0,,보통,42.0
2025-07-27 02:00:00,29.7,,71.0,,보통,37.0
2025-07-27 03:00:00,29.3,,72.0,,보통,35.0
2025-07-27 04:00:00,28.9,,73.0,,좋음,29.0
2025-07-27 05:00:00,28.6,,75.0,,좋음,23.0
2025-07-27 06:00:00,28.3,,76.0,,좋음,21.0
2025-07-27 07:00:00,28.6,,76.0,,좋음,21.0
2025-07-27 08:00:00,30.3,,67.0,,좋음,21.0
2025-07-27 09:00:00,31.8,,61.0,,좋음,16.0
2025-07-27 10:00:00,32.8,,56.0,,좋음,19.0
2025-07-27 11:00:00,34.0,,53.0,,좋음,19.0
2025-07-27 12:00:00,35.0,,51.0,,좋음,17.0
2025-07-27 13:00:00,35.9,,46.0,,좋음,20.0
2025-07-27 14:00:00,36.7,,44.0,,좋음,16.0
2025-07-27 15:00:00,37.3,,43.0,,좋음,16.0
2025-07-27 16:00:00,37.6,,41.0,,보통,37.0
2025-07-27 17:00:00,36.8,,46.0,,좋음,30.0
2025-07-27 18:00:00,36.5,,52.0,,보통,33.0
2025-07-27 19:00:00,35.3,,56.0,,보통,37.0
2025-07-27 20:00:00,33.8,,61.0,,보통,33.0
2025-07-27 21:00:00,32.7,,69.0,,보통,39.0
2025-07-27 22:00:00,32.2,,71.0,,보통,38.0
2025-07-27 23:00:00,31.7,,74.0,,보통,42.0
2025-07-28 00:00:00,31.2,,75.0,,보통,35.0
2025-07-28 01:00:00,30.7,,76.0,,보통,31.0
2025-07-28 02:00:00,30.2,,78.0,,보통,34.0
2025-07-28 03:00:00,29.8,,79.0,,보통,40.0
2025-07-28 04:00:00,29.4,,79.0,,보통,39.0
2025-07-28 05:00:00,29.1,,81.0,,보통,43.0
2025-07-28 06:00:00,28.9,,82.0,,보통,42.0
2025-07-28 07:00:00,29.2,,81.0,,보통,49.0
2025-07-28 08:00:00,30.5,,79.0,,보통,50.0
2025-07-28 09:00:00,31.7,,68.0,,보통,57.0
2025-07-28 10:00:00,33.1,,62.0,,보통,45.0
2025-07-28 11:00:00,34.0,,58.0,,보통,43.0
2025-07-28 12:00:00,34.7,,58.0,,보통,37.0
2025-07-28 13:00:00,35.2,,53.0,,보통,40.0
2025-07-28 14:00:00,35.9,,52.0,,보통,50.0
2025-07-28 15:00:00,36.0,,53.0,,보통,44.0
2025-07-28 16:00:00,36.3,,49.0,,보통,48.0
2025-07-28 17:00:00,36.3,,51.0,,보통,56.0
2025-07-28 18:00:00,35.2,,56.0,,보통,55.0
2025-07-28 19:00:00,34.0,,61.0,,보통,51.0
2025-07-28 20:00:00,32.3,,66.0,,보통,51.0
2025-07-28 21:00:00,31.3,,69.0,,보통,51.0
2025-07-28 22:00:00,30.8,,69.0,,보통,46.0
2025-07-28 23:00:00,30.3,,72.0,,보통,43.0
2025-07-29 00:00:00,30.0,,73.0,,보통,45.0
2025-07-29 01:00:00,29.5,,76.0,,보통,48.0
2025-07-29 02:00:00,29.0,,76.0,,보통,43.0
2025-07-29 03:00:00,28.7,,76.0,,보통,42.0
2025-07-29 04:00:00,28.2,,75.0,,보통,44.0
2025-07-29 05:00:00,27.9,,78.0,,보통,47.0
2025-07-29 06:00:00,27.6,,78.0,,보통,43.0
2025-07-29 07:00:00,27.9,,77.0,,보통,51.0
2025-07-29 08:00:00,29.7,,68.0,,보통,51.0
2025-07-29 09:00:00,31.5,,65.0,,보통,48.0
2025-07-29 10:00:00,32.9,,60.0,,보통,50.0
2025-07-29 11:00:00,33.0,,59.0,,보통,54.0
2025-07-29 12:00:00,34.2,,56.0,,보통,47.0
2025-07-29 13:00:00,35.6,,53.0,,보통,37.0
2025-07-29 14:00:00,36.3,,50.0,,보통,40.0
2025-07-29 15:00:00,36.1,,50.0,,보통,65.0
2025-07-29 16:00:00,35.5,,52.0,,보통,66.0
2025-07-29 17:00:00,35.9,,53.0,,보통,55.0
2025-07-29 18:00:00,34.9,,56.0,,보통,48.0
2025-07-29 19:00:00,34.0,,61.0,,보통,55.0
2025-07-29 20:00:00,32.9,,63.0,,보통,49.0
2025-07-29 21:00:00,32.3,,64.0,,보통,41.0
2025-07-29 22:00:00,31.7,,59.0,,보통,34.0
2025-07-29 23:00:00,31.0,,63.0,,보통,33.0
2025-07-30 00:00:00,30.4,,67.0,,보통,33.0
2025-07-30 01:00:00,30.0,,68.0,,보통,35.0
2025-07-30 02:00:00,29.7,,69.0,,보통,33.0
2025-07-30 03:00:00,29.3,,72.0,,보통,32.0
2025-07-30 04:00:00,29.0,,74.0,,보통,35.0
2025-07-30 05:00:00,28.4,,77.0,,보통,35.0
2025-07-30 06:00:00,28.3,,79.0,,보통,41.0
2025-07-30 07:00:00,28.9,,74.0,,보통,41.0
2025-07-30 08:00:00,30.3,,73.0,,보통,44.0
2025-07-30 09:00:00,31.8,,65.0,,보통,43.0
2025-07-30 10:00:00,32.9,,62.0,,보통,42.0
2025-07-30 11:00:00,33.4,,59.0,,보통,42.0
2025-07-30 12:00:00,34.3,,54.0,,보통,49.0
2025-07-30 13:00:00,34.8,,54.0,,보통,43.0
2025-07-30 14:00:00,35.5,,51.0,,보통,38.0
2025-07-30 15:00:00,35.8,,49.0,,보통,42.0
2025-07-30 16:00:00,35.3,,46.0,,보통,35.0
2025-07-30 17:00:00,35.3,,41.0,,보통,38.0
2025-07-30 18:00:00,34.1,,59.0,,보통,35.0
2025-07-30 19:00:00,33.5,,59.0,,보통,59.0
2025-07-30 20:00:00,32.7,,65.0,,보통,49.0
2025-07-30 21:00:00,32.2,,65.0,,보통,32.0
2025-07-30 22:00:00,31.7,,68.0,,보통,36.0
2025-07-30 23:00:00,31.1,,59.0,,보통,42.0
2025-07-31 00:00:00,30.7,,60.0,,보통,39.0
2025-07-31 01:00:00,30.5,,60.0,,좋음,27.0
2025-07-31 02:00:00,30.1,,62.0,,좋음,25.0
2025-07-31 03:00:00,29.9,,63.0,,좋음,24.0
2025-07-31 04:00:00,29.9,,64.0,,좋음,27.0
2025-07-31 05:00:00,29.6,,66.0,,좋음,29.0
2025-07-31 06:00:00,29.4,,67.0,,좋음,30.0
2025-07-31 07:00:00,29.4,,68.0,,보통,34.0
2025-07-31 08:00:00,29.6,,67.0,,보통,44.0
2025-07-31 09:00:00,30.0,,67.0,,보통,46.0
2025-07-31 10:00:00,31.3,,64.0,,,
2025-07-31 11:00:00,32.3,,59.0,,,
2025-07-31 12:00:00,32.6,,57.0,,보통,49.0
2025-07-31 13:00:00,33.4,,54.0,,보통,51.0
2025-07-31 14:00:00,34.0,,53.0,,보통,42.0
2025-07-31 15:00:00,33.8,,50.0,,보통,54.0
2025-07-31 16:00:00,32.5,,61.0,,보통,60.0
2025-07-31 17:00:00,32.7,,51.0,,보통,59.0
2025-07-31 18:00:00,32.1,,63.0,,보통,53.0
2025-07-31 19:00:00,31.1,,65.0,,보통,41.0
2025-07-31 20:00:00,30.6,,65.0,,보통,36.0
2025-07-31 21:00:00,30.2,,66.0,,보통,39.0
2025-07-31 22:00:00,29.9,,68.0,,보통,37.0
2025-07-31 23:00:00,29.8,,66.0,,보통,38.0
2025-08-01 00:00:00,29.3,,65.0,,보통,37.0
2025-08-01 01:00:00,29.0,,70.0,,보통,34.0
2025-08-01 02:00:00,28.8,,71.0,,보통,32.0
2025-08-01 03:00:00,28.6,,71.0,,보통,35.0
2025-08-01 04:00:00,28.2,,72.0,,좋음,29.0
2025-08-01 05:00:00,28.0,,74.0,,좋음,29.0
2025-08-01 06:00:00,27.8,,77.0,,보통,31.0
2025-08-01 07:00:00,28.0,,77.0,,보통,31.0
2025-08-01 08:00:00,29.4,,68.0,,보통,32.0
2025-08-01 09:00:00,30.9,,66.0,,좋음,30.0
2025-08-01 10:00:00,32.7,,60.0,,보통,36.0
2025-08-01 11:00:00,34.2,,56.0,,보통,40.0
2025-08-01 12:00:00,34.6,,52.0,,보통,44.0
2025-08-01 13:00:00,34.5,,54.0,,보통,40.0
2025-08-01 14:00:00,34.6,,51.0,,보통,47.0
2025-08-01 15:00:00,33.9,,55.0,,보통,60.0
2025-08-01 16:00:00,33.7,0.0,59.0,,보통,66.0
2025-08-01 17:00:00,33.0,,63.0,,보통,65.0
2025-08-01 18:00:00,32.1,,66.0,,보통,54.0
2025-08-01 19:00:00,31.4,,68.0,,보통,61.0
2025-08-01 20:00:00,30.8,,72.0,,보통,54.0
2025-08-01 21:00:00,30.4,,74.0,,보통,48.0
2025-08-01 22:00:00,30.0,,75.0,,보통,43.0
2025-08-01 23:00:00,29.7,,75.0,,보통,49.0
2025-08-02 00:00:00,29.5,,74.0,,보통,48.0
2025-08-02 01:00:00,29.2,,75.0,,보통,49.0
2025-08-02 02:00:00,28.7,,73.0,,보통,57.0
2025-08-02 03:00:00,28.4,,76.0,,보통,59.0
2025-08-02 04:00:00,28.0,,74.0,,보통,51.0
2025-08-02 05:00:00,27.6,,76.0,,보통,50.0
2025-08-02 06:00:00,27.4,,77.0,,보통,52.0
2025-08-02 07:00:00,27.5,,76.0,,보통,52.0
2025-08-02 08:00:00,28.5,,76.0,,보통,57.0
2025-08-02 09:00:00,30.1,,71.0,,보통,58.0
2025-08-02 10:00:00,31.2,,67.0,,보통,58.0
2025-08-02 11:00:00,32.5,,62.0,,보통,55.0
2025-08-02 12:00:00,33.9,,57.0,,보통,47.0
2025-08-02 13:00:00,33.5,,60.0,,보통,49.0
2025-08-02 14:00:00,34.5,,54.0,,보통,48.0
2025-08-02 15:00:00,35.0,,49.0,,보통,43.0
2025-08-02 16:00:00,36.2,,47.0,,보통,32.0
2025-08-02 17:00:00,35.2,,48.0,,보통,33.0
2025-08-02 18:00:00,34.8,,47.0,,보통,38.0
2025-08-02 19:00:00,33.3,,53.0,,보통,38.0
2025-08-02 20:00:00,31.6,,56.0,,좋음,30.0
2025-08-02 21:00:00,30.6,,58.0,,보통,35.0
2025-08-02 22:00:00,30.0,,61.0,,보통,34.0
2025-08-02 23:00:00,29.7,,62.0,,보통,34.0
2025-08-03 00:00:00,29.2,,62.0,,보통,40.0
2025-08-03 01:00:00,28.9,,63.0,,보통,35.0
2025-08-03 02:00:00,28.5,,67.0,,보통,33.0
2025-08-03 03:00:00,28.2,,67.0,,보통,33.0
2025-08-03 04:00:00,27.9,,68.0,,보통,38.0
2025-08-03 05:00:00,27.7,,71.0,,보통,44.0
2025-08-03 06:00:00,27.5,,75.0,,보통,33.0
2025-08-03 07:00:00,27.8,,76.0,,보통,37.0
2025-08-03 08:00:00,28.3,,76.0,,보통,31.0
2025-08-03 09:00:00,29.0,,74.0,,보통,32.0
2025-08-03 10:00:00,29.8,,70.0,,보통,34.0
2025-08-03 11:00:00,31.1,,61.0,,보통,33.0
2025-08-03 12:00:00,31.3,,64.0,,보통,35.0
2025-08-03 13:00:00,32.0,,58.0,,좋음,30.0
2025-08-03 14:00:00,32.4,,58.0,,보통,35.0
2025-08-03 15:00:00,32.1,,59.0,,보통,46.0
2025-08-03 16:00:00,31.5,,62.0,,보통,44.0
2025-08-03 17:00:00,30.9,0.0,59.0,,보통,43.0
2025-08-03 18:00:00,30.1,0.0,52.0,,보통,38.0
2025-08-03 19:00:00,28.7,0.0,63.0,,보통,40.0
2025-08-03 20:00:00,28.2,0.0,69.0,,보통,41.0
2025-08-03 21:00:00,28.0,0.0,72.0,,보통,35.0
2025-08-03 22:00:00,27.0,0.0,68.0,,좋음,28.0
2025-08-03 23:00:00,25.4,0.1,80.0,,보통,32.0
2025-08-04 00:00:00,24.0,1.2,89.0,,보통,31.0
2025-08-04 01:00:00,23.8,0.8,92.0,,보통,32.0
2025-08-04 02:00:00,23.9,0.2,92.0,,좋음,28.0
2025-08-04 03:00:00,24.0,0.0,90.0,,좋음,22.0
2025-08-04 04:00:00,24.0,0.0,90.0,,좋음,18.0
2025-08-04 05:00:00,23.8,0.3,94.0,,좋음,16.0
2025-08-04 06:00:00,23.8,0.6,93.0,,좋음,19.0
2025-08-04 07:00:00,24.0,,92.0,,좋음,24.0
2025-08-04 08:00:00,24.5,,91.0,,좋음,20.0
2025-08-04 09:00:00,26.0,,86.0,,좋음,27.0
2025-08-04 10:00:00,27.6,,81.0,,좋음,26.0
2025-08-04 11:00:00,28.8,,74.0,,,
2025-08-04 12:00:00,29.7,,72.0,,,
2025-08-04 13:00:00,30.8,,67.0,,,
2025-08-04 14:00:00,31.5,,67.0,,,
2025-08-04 15:00:00,32.5,,61.0,,,
2025-08-04 16:00:00,33.2,,55.0,,,
2025-08-04 17:00:00,33.6,,55.0,,,
2025-08-04 18:00:00,32.3,,62.0,,,
2025-08-04 19:00:00,30.4,,65.0,,,
2025-08-04 20:00:00,29.6,,66.0,,,
2025-08-04 21:00:00,28.9,,67.0,,,
2025-08-04 22:00:00,28.5,,70.0,,,
2025-08-04 23:00:00,28.2,,71.0,,,
2025-08-05 00:00:00,27.8,,73.0,,,
2025-08-05 01:00:00,27.4,,74.0,,,
2025-08-05 02:00:00,27.0,,77.0,,,
2025-08-05 03:00:00,26.6,,76.0,,,
2025-08-05 04:00:00,26.3,,78.0,,,
2025-08-05 05:00:00,25.7,,83.0,,,
2025-08-05 06:00:00,25.4,,83.0,,,
2025-08-05 07:00:00,25.5,,82.0,,,
2025-08-05 08:00:00,26.3,,80.0,,,
2025-08-05 09:00:00,28.1,,72.0,,,
2025-08-05 10:00:00,29.3,,67.0,,,
2025-08-05 11:00:00,30.5,,61.0,,,
2025-08-05 12:00:00,31.7,,56.0,,좋음,23.0
2025-08-05 13:00:00,32.3,,53.0,,좋음,26.0
2025-08-05 14:00:00,32.5,,54.0,,좋음,19.0
2025-08-05 15:00:00,33.4,,47.0,,좋음,22.0
2025-08-05 16:00:00,33.2,,50.0,,좋음,19.0
2025-08-05 17:00:00,31.7,,57.0,,좋음,24.0
2025-08-05 18:00:00,30.9,,60.0,,좋음,16.0
2025-08-05 19:00:00,29.8,,66.0,,좋음,15.0
2025-08-05 20:00:00,29.0,,70.0,,좋음,16.0
2025-08-05 21:00:00,28.6,,71.0,,좋음,16.0
2025-08-05 22:00:00,28.2,,73.0,,좋음,24.0
2025-08-05 23:00:00,28.1,,73.0,,좋음,15.0
2025-08-06 00:00:00,28.1,,74.0,,좋음,17.0
2025-08-06 01:00:00,27.9,,75.0,,좋음,19.0
2025-08-06 02:00:00,27.8,,78.0,,좋음,20.0
2025-08-06 03:00:00,27.6,0.7,85.0,,좋음,25.0
2025-08-06 04:00:00,27.0,3.0,92.0,,좋음,25.0
2025-08-06 05:00:00,27.1,1.9,94.0,,좋음,28.0
2025-08-06 06:00:00,27.3,0.0,91.0,,좋음,29.0
2025-08-06 07:00:00,27.5,,90.0,,좋음,30.0
2025-08-06 08:00:00,27.9,,89.0,,보통,31.0
2025-08-06 09:00:00,27.9,0.5,91.0,,좋음,28.0
2025-08-06 10:00:00,28.6,0.1,86.0,,좋음,24.0
2025-08-06 11:00:00,29.3,,80.0,,보통,31.0
2025-08-06 12:00:00,28.8,0.0,82.0,,좋음,29.0
2025-08-06 13:00:00,28.8,0.0,84.0,,좋음,27.0
2025-08-06 14:00:00,27.6,4.0,91.0,,좋음,29.0
2025-08-06 15:00:00,27.0,7.2,94.0,,좋음,25.0
2025-08-06 16:00:00,26.6,2.5,94.0,,좋음,18.0
2025-08-06 17:00:00,26.1,2.0,92.0,,좋음,21.0
2025-08-06 18:00:00,26.5,0.1,89.0,,좋음,18.0
2025-08-06 19:00:00,26.7,,86.0,,좋음,21.0
2025-08-06 20:00:00,26.1,,87.0,,좋음,18.0
2025-08-06 21:00:00,25.8,,90.0,,좋음,21.0
2025-08-06 22:00:00,25.8,,89.0,,좋음,17.0
2025-08-06 23:00:00,25.9,,89.0,,좋음,18.0
2025-08-07 00:00:00,26.0,,90.0,,좋음,17.0
2025-08-07 01:00:00,26.0,,90.0,,좋음,19.0
2025-08-07 02:00:00,26.0,,90.0,,좋음,20.0
2025-08-07 03:00:00,25.9,,90.0,,좋음,20.0
2025-08-07 04:00:00,25.8,,89.0,,좋음,17.0
2025-08-07 05:00:00,25.6,,89.0,,좋음,16.0
2025-08-07 06:00:00,25.5,,88.0,,좋음,16.0
2025-08-07 07:00:00,25.6,,88.0,,좋음,22.0
2025-08-07 08:00:00,26.4,,86.0,,좋음,21.0
2025-08-07 09:00:00,27.4,,79.0,,좋음,26.0
2025-08-07 10:00:00,28.6,,71.0,,좋음,23.0
2025-08-07 11:00:00,29.5,,62.0,,좋음,29.0
2025-08-07 12:00:00,30.3,,57.0,,보통,34.0
2025-08-07 13:00:00,30.9,,55.0,,보통,38.0
2025-08-07 14:00:00,31.3,,54.0,,보통,34.0
2025-08-07 15:00:00,31.8,,52.0,,좋음,30.0
2025-08-07 16:00:00,32.0,,52.0,,좋음,24.0
2025-08-07 17:00:00,31.8,,52.0,,좋음,20.0
2025-08-07 18:00:00,31.2,,54.0,,좋음,25.0
2025-08-07 19:00:00,29.8,,66.0,,좋음,28.0
2025-08-07 20:00:00,28.0,,69.0,,좋음,24.0
2025-08-07 21:00:00,27.3,,70.0,,좋음,22.0
2025-08-07 22:00:00,26.9,,72.0,,좋음,22.0
2025-08-07 23:00:00,26.6,,72.0,,좋음,21.0
2025-08-08 00:00:00,26.2,,76.0,,좋음,20.0
2025-08-08 01:00:00,25.9,,80.0,,좋음,21.0
2025-08-08 02:00:00,25.6,,80.0,,좋음,25.0
2025-08-08 03:00:00,25.2,,80.0,,좋음,23.0
2025-08-08 04:00:00,24.7,,83.0,,좋음,24.0
2025-08-08 05:00:00,24.2,,84.0,,좋음,27.0
2025-08-08 06:00:00,24.0,,85.0,,좋음,26.0
2025-08-08 07:00:00,24.2,,85.0,,보통,32.0
2025-08-08 08:00:00,25.4,,83.0,,보통,33.0
2025-08-08 09:00:00,26.3,,79.0,,보통,34.0
2025-08-08 10:00:00,27.0,,75.0,,보통,36.0
2025-08-08 11:00:00,27.6,,71.0,,,
2025-08-08 12:00:00,28.7,,67.0,,,
2025-08-08 13:00:00,29.5,,66.0,,,
2025-08-08 14:00:00,30.1,,63.0,,보통,40.0
2025-08-08 15:00:00,29.2,0.0,69.0,,보통,48.0
2025-08-08 16:00:00,27.0,6.3,80.0,,보통,52.0
2025-08-08 17:00:00,28.0,0.0,81.0,,보통,52.0
2025-08-08 18:00:00,28.2,,67.0,,보통,41.0
2025-08-08 19:00:00,27.5,,65.0,,보통,32.0
2025-08-08 20:00:00,26.7,,66.0,,좋음,29.0
2025-08-08 21:00:00,26.1,,71.0,,좋음,30.0
2025-08-08 22:00:00,25.7,,71.0,,좋음,25.0
2025-08-08 23:00:00,25.4,,75.0,,좋음,23.0
2025-08-09 00:00:00,25.2,,80.0,,좋음,25.0
2025-08-09 01:00:00,25.0,,82.0,,좋음,24.0
2025-08-09 02:00:00,25.1,,83.0,,좋음,28.0
2025-08-09 03:00:00,25.1,,85.0,,좋음,28.0
2025-08-09 04:00:00,25.0,,85.0,,좋음,28.0
2025-08-09 05:00:00,25.1,0.0,85.0,,좋음,28.0
2025-08-09 06:00:00,25.0,0.0,89.0,,좋음,28.0
2025-08-09 07:00:00,24.6,0.2,85.0,,보통,34.0
2025-08-09 08:00:00,24.7,0.3,88.0,,보통,39.0
2025-08-09 09:00:00,25.0,0.2,88.0,,보통,37.0
2025-08-09 10:00:00,25.4,0.0,86.0,,보통,34.0
2025-08-09 11:00:00,25.7,0.0,84.0,,보통,42.0
2025-08-09 12:00:00,25.0,2.4,86.0,,보통,34.0
2025-08-09 13:00:00,24.5,0.4,74.0,,좋음,25.0
2025-08-09 14:00:00,24.8,,84.0,,좋음,27.0
2025-08-09 15:00:00,25.4,,79.0,,좋음,28.0
2025-08-09 16:00:00,25.6,,79.0,,좋음,26.0
2025-08-09 17:00:00,25.9,,78.0,,좋음,29.0
2025-08-09 18:00:00,26.4,,72.0,,좋음,29.0
2025-08-09 19:00:00,26.1,,73.0,,좋음,29.0
2025-08-09 20:00:00,25.2,,76.0,,좋음,29.0
2025-08-09 21:00:00,24.5,,76.0,,보통,31.0
2025-08-09 22:00:00,24.1,,79.0,,보통,33.0
2025-08-09 23:00:00,23.5,,81.0,,보통,32.0
2025-08-10 00:00:00,23.1,,82.0,,보통,31.0
2025-08-10 01:00:00,22.7,,84.0,,보통,37.0
2025-08-10 02:00:00,22.3,,85.0,,좋음,30.0
2025-08-10 03:00:00,22.0,,86.0,,좋음,28.0
2025-08-10 04:00:00,21.6,,84.0,,좋음,25.0
2025-08-10 05:00:00,21.2,,83.0,,좋음,23.0
2025-08-10 06:00:00,21.0,,85.0,,좋음,23.0
2025-08-10 07:00:00,21.4,,86.0,,좋음,26.0
2025-08-10 08:00:00,23.3,,81.0,,좋음,26.0
2025-08-10 09:00:00,25.2,,74.0,,좋음,25.0
2025-08-10 10:00:00,27.1,,68.0,,좋음,24.0
2025-08-10 11:00:00,28.2,,64.0,,좋음,28.0
2025-08-10 12:00:00,29.7,,63.0,,좋음,28.0
2025-08-10 13:00:00,30.5,,60.0,,좋음,30.0
2025-08-10 14:00:00,31.8,,53.0,,좋음,25.0
2025-08-10 15:00:00,32.7,,53.0,,좋음,30.0
2025-08-10 16:00:00,33.1,,50.0,,좋음,27.0
2025-08-10 17:00:00,32.8,,50.0,,좋음,25.0
2025-08-10 18:00:00,32.3,,51.0,,좋음,23.0
2025-08-10 19:00:00,31.1,,54.0,,좋음,23.0
2025-08-10 20:00:00,29.7,,60.0,,보통,32.0
2025-08-10 21:00:00,28.6,,70.0,,보통,33.0
2025-08-10 22:00:00,28.0,,73.0,,보통,32.0
2025-08-10 23:00:00,27.5,,77.0,,좋음,29.0
2025-08-11 00:00:00,27.0,,78.0,,좋음,26.0
2025-08-11 01:00:00,26.5,,79.0,,좋음,27.0
2025-08-11 02:00:00,26.1,,80.0,,좋음,27.0
2025-08-11 03:00:00,25.7,,79.0,,좋음,29.0
2025-08-11 04:00:00,25.5,,80.0,,좋음,27.0
2025-08-11 05:00:00,25.2,,81.0,,좋음,30.0
2025-08-11 06:00:00,25.0,,83.0,,좋음,30.0
2025-08-11 07:00:00,25.1,,83.0,,보통,38.0
2025-08-11 08:00:00,25.4,,82.0,,보통,40.0
2025-08-11 09:00:00,26.2,,79.0,,보통,38.0
2025-08-11 10:00:00,26.7,,76.0,,보통,40.0
2025-08-11 11:00:00,27.6,,71.0,,보통,41.0
2025-08-11 12:00:00,28.2,,69.0,,보통,40.0
2025-08-11 13:00:00,28.7,,69.0,,보통,39.0
2025-08-11 14:00:00,29.2,,69.0,,보통,37.0
2025-08-11 15:00:00,29.2,,66.0,,보통,41.0
2025-08-11 16:00:00,29.2,,67.0,,보통,38.0
2025-08-11 17:00:00,29.2,,66.0,,보통,42.0
2025-08-11 18:00:00,28.7,,68.0,,보통,41.0
2025-08-11 19:00:00,27.7,,73.0,,보통,36.0
2025-08-11 20:00:00,27.3,,74.0,,보통,31.0
2025-08-11 21:00:00,26.9,0.0,73.0,,좋음,29.0
2025-08-11 22:00:00,26.6,,75.0,,보통,31.0
2025-08-11 23:00:00,26.2,,73.0,,보통,32.0
2025-08-12 00:00:00,25.9,,74.0,,보통,33.0
2025-08-12 01:00:00,25.5,,78.0,,보통,43.0
2025-08-12 02:00:00,25.1,,82.0,,보통,41.0
2025-08-12 03:00:00,25.0,,83.0,,보통,44.0
2025-08-12 04:00:00,24.6,,82.0,,보통,39.0
2025-08-12 05:00:00,23.8,,85.0,,좋음,30.0
2025-08-12 06:00:00,23.3,,86.0,,좋음,30.0
2025-08-12 07:00:00,23.5,,87.0,,보통,37.0
2025-08-12 08:00:00,25.4,,79.0,,보통,36.0
2025-08-12 09:00:00,27.3,,71.0,,보통,31.0
2025-08-12 10:00:00,28.7,,66.0,,보통,31.0
2025-08-12 11:00:00,30.2,,57.0,,보통,38.0
2025-08-12 12:00:00,31.4,,50.0,,보통,31.0
2025-08-12 13:00:00,32.4,,51.0,,좋음,30.0
2025-08-12 14:00:00,33.2,,48.0,,좋음,23.0
2025-08-12 15:00:00,33.2,,37.0,,좋음,25.0
2025-08-12 16:00:00,34.0,,40.0,,좋음,22.0
2025-08-12 17:00:00,33.6,,42.0,,좋음,27.0
2025-08-12 18:00:00,32.9,,43.0,,좋음,22.0
2025-08-12 19:00:00,31.4,,51.0,,좋음,17.0
2025-08-12 20:00:00,29.7,,57.0,,좋음,22.0
2025-08-12 21:00:00,28.6,,62.0,,좋음,14.0
2025-08-12 22:00:00,27.8,,67.0,,좋음,15.0
2025-08-12 23:00:00,27.3,,69.0,,좋음,14.0
2025-08-13 00:00:00,26.9,,71.0,,좋음,13.0
2025-08-13 01:00:00,26.8,,72.0,,좋음,15.0
2025-08-13 02:00:00,26.7,0.0,73.0,,좋음,9.0
2025-08-13 03:00:00,26.4,,74.0,,좋음,10.0
2025-08-13 04:00:00,26.4,,75.0,,좋음,9.0
2025-08-13 05:00:00,26.1,0.0,81.0,,좋음,15.0
2025-08-13 06:00:00,24.6,22.9,94.0,,좋음,12.0
2025-08-13 07:00:00,24.3,20.1,95.0,,좋음,9.0
2025-08-13 08:00:00,24.0,7.1,95.0,,좋음,12.0
2025-08-13 09:00:00,23.4,8.2,96.0,,좋음,11.0
2025-08-13 10:00:00,22.7,8.9,96.0,,좋음,12.0
2025-08-13 11:00:00,22.0,9.3,96.0,,좋음,12.0
2025-08-13 12:00:00,23.3,30.0,99.0,,좋음,14.0
2025-08-13 13:00:00,23.7,5.6,98.0,,좋음,19.0
2025-08-13 14:00:00,26.6,0.0,92.0,,좋음,20.0
2025-08-13 15:00:00,26.7,0.0,94.0,,좋음,20.0
2025-08-13 16:00:00,26.7,0.5,92.0,,좋음,21.0
2025-08-13 17:00:00,26.8,0.4,91.0,,좋음,17.0
2025-08-13 18:00:00,26.8,3.0,94.0,,좋음,22.0
2025-08-13 19:00:00,26.2,9.6,94.0,,좋음,23.0
2025-08-13 20:00:00,24.7,1.1,90.0,,좋음,14.0
2025-08-13 21:00:00,24.5,,90.0,,좋음,19.0
2025-08-13 22:00:00,24.5,0.0,92.0,,좋음,11.0
2025-08-13 23:00:00,24.6,0.0,92.0,,좋음,10.0
2025-08-14 00:00:00,24.8,,93.0,,좋음,16.0
2025-08-14 01:00:00,24.9,0.2,94.0,,좋음,16.0
2025-08-14 02:00:00,25.0,3.9,97.0,,좋음,19.0
2025-08-14 03:00:00,24.7,5.8,97.0,,좋음,9.0
2025-08-14 04:00:00,24.4,2.1,95.0,,좋음,7.0
2025-08-14 05:00:00,24.3,3.8,97.0,,좋음,8.0
2025-08-14 06:00:00,24.4,1.0,97.0,,좋음,10.0
2025-08-14 07:00:00,24.5,5.0,98.0,,좋음,10.0
2025-08-14 08:00:00,24.3,24.4,98.0,,좋음,13.0
2025-08-14 09:00:00,24.8,1.3,95.0,,좋음,8.0
2025-08-14 10:00:00,25.0,0.1,95.0,,좋음,9.0
2025-08-14 11:00:00,25.0,0.1,95.0,,좋음,17.0
2025-08-14 12:00:00,25.3,0.0,94.0,,좋음,15.0
2025-08-14 13:00:00,26.0,,91.0,,좋음,16.0
2025-08-14 14:00:00,26.6,,88.0,,좋음,12.0
2025-08-14 15:00:00,26.4,0.0,90.0,,좋음,17.0
2025-08-14 16:00:00,26.5,0.1,88.0,,좋음,13.0
2025-08-14 17:00:00,26.9,,85.0,,좋음,14.0
2025-08-14 18:00:00,26.8,,82.0,,좋음,13.0
2025-08-14 19:00:00,26.4,,83.0,,좋음,16.0
2025-08-14 20:00:00,26.0,,84.0,,좋음,21.0
2025-08-14 21:00:00,25.8,,86.0,,좋음,24.0
2025-08-14 22:00:00,25.6,,88.0,,좋음,26.0
2025-08-14 23:00:00,25.5,,87.0,,좋음,28.0
2025-08-15 00:00:00,25.5,,88.0,,좋음,22.0
2025-08-15 01:00:00,25.6,,88.0,,좋음,20.0
2025-08-15 02:00:00,25.2,,90.0,,좋음,23.0
2025-08-15 03:00:00,25.0,,90.0,,좋음,28.0
2025-08-15 04:00:00,24.7,,91.0,,좋음,28.0
2025-08-15 05:00:00,24.5,,92.0,,좋음,30.0
2025-08-15 06:00:00,24.4,,93.0,,보통,32.0
2025-08-15 07:00:00,24.7,,93.0,,보통,34.0
2025-08-15 08:00:00,25.4,,93.0,,좋음,29.0
2025-08-15 09:00:00,27.0,,85.0,,좋음,28.0
2025-08-15 10:00:00,28.8,,80.0,,좋음,23.0
2025-08-15 11:00:00,28.3,0.0,76.0,,좋음,28.0
2025-08-15 12:00:00,27.2,0.0,87.0,,보통,31.0
2025-08-15 13:00:00,27.4,0.0,84.0,,보통,35.0
2025-08-15 14:00:00,27.8,0.0,83.0,,보통,31.0
2025-08-15 15:00:00,29.4,0.0,74.0,,좋음,20.0
2025-08-15 16:00:00,30.9,,71.0,,좋음,12.0
2025-08-15 17:00:00,30.5,,71.0,,좋음,13.0
2025-08-15 18:00:00,29.7,,73.0,,좋음,15.0
2025-08-15 19:00:00,29.2,,76.0,,좋음,13.0
2025-08-15 20:00:00,28.1,,80.0,,좋음,18.0
2025-08-15 21:00:00,27.5,,84.0,,좋음,23.0
2025-08-15 22:00:00,26.9,,85.0,,좋음,21.0
2025-08-15 23:00:00,26.5,,88.0,,좋음,22.0
2025-08-16 00:00:00,26.4,,88.0,,좋음,21.0
2025-08-16 01:00:00,26.1,,90.0,,좋음,20.0
2025-08-16 02:00:00,26.0,,90.0,,좋음,21.0
2025-08-16 03:00:00,25.8,,90.0,,좋음,21.0
2025-08-16 04:00:00,25.6,,91.0,,좋음,22.0
2025-08-16 05:00:00,25.6,,91.0,,좋음,22.0
2025-08-16 06:00:00,25.8,,91.0,,좋음,23.0
2025-08-16 07:00:00,26.0,,91.0,,좋음,23.0
2025-08-16 08:00:00,26.5,,89.0,,좋음,24.0
2025-08-16 09:00:00,27.4,,84.0,,좋음,27.0
2025-08-16 10:00:00,28.3,,79.0,,좋음,21.0
2025-08-16 11:00:00,30.0,,71.0,,좋음,14.0
2025-08-16 12:00:00,30.7,,65.0,,좋음,12.0
2025-08-16 13:00:00,30.1,,65.0,,좋음,12.0
2025-08-16 14:00:00,31.7,,63.0,,좋음,12.0
2025-08-16 15:00:00,31.4,,59.0,,좋음,10.0
2025-08-16 16:00:00,31.2,,63.0,,좋음,13.0
2025-08-16 17:00:00,30.5,,63.0,,좋음,15.0
2025-08-16 18:00:00,30.2,,64.0,,좋음,11.0
2025-08-16 19:00:00,29.4,,64.0,,좋음,12.0
2025-08-16 20:00:00,28.3,,70.0,,좋음,10.0
2025-08-16 21:00:00,27.8,,73.0,,좋음,10.0
2025-08-16 22:00:00,27.2,,79.0,,좋음,12.0
2025-08-16 23:00:00,26.9,,80.0,,좋음,15.0
2025-08-17 00:00:00,26.5,,82.0,,좋음,13.0
2025-08-17 01:00:00,26.4,,83.0,,좋음,14.0
2025-08-17 02:00:00,26.3,,85.0,,좋음,14.0
2025-08-17 03:00:00,26.2,,86.0,,좋음,12.0
2025-08-17 04:00:00,26.1,,87.0,,좋음,14.0
2025-08-17 05:00:00,26.2,,87.0,,좋음,15.0
2025-08-17 06:00:00,26.2,,88.0,,좋음,15.0
2025-08-17 07:00:00,26.4,,88.0,,좋음,19.0
2025-08-17 08:00:00,26.6,,87.0,,좋음,16.0
2025-08-17 09:00:00,27.3,,84.0,,좋음,21.0
2025-08-17 10:00:00,28.4,,78.0,,좋음,18.0
2025-08-17 11:00:00,29.2,,72.0,,좋음,20.0
2025-08-17 12:00:00,30.7,,67.0,,좋음,15.0
2025-08-17 13:00:00,31.3,,64.0,,좋음,11.0
2025-08-17 14:00:00,31.9,,58.0,,좋음,10.0
2025-08-17 15:00:00,31.1,,60.0,,좋음,9.0
2025-08-17 16:00:00,31.0,,63.0,,좋음,15.0
2025-08-17 17:00:00,30.9,,63.0,,좋음,19.0
2025-08-17 18:00:00,30.1,,68.0,,좋음,20.0
2025-08-17 19:00:00,29.5,,70.0,,좋음,23.0
2025-08-17 20:00:00,28.6,,72.0,,좋음,22.0
2025-08-17 21:00:00,28.1,,77.0,,좋음,30.0
2025-08-17 22:00:00,28.0,,78.0,,좋음,28.0
2025-08-17 23:00:00,27.9,,78.0,,좋음,29.0
2025-08-18 00:00:00,27.7,,80.0,,좋음,26.0
2025-08-18 01:00:00,27.6,,79.0,,좋음,26.0
2025-08-18 02:00:00,27.6,0.0,82.0,,좋음,27.0
2025-08-18 03:00:00,27.4,0.0,83.0,,좋음,27.0
2025-08-18 04:00:00,27.3,0.0,85.0,,좋음,26.0
2025-08-18 05:00:00,27.2,0.2,86.0,,좋음,28.0
2025-08-18 06:00:00,27.0,,86.0,,좋음,26.0
2025-08-18 07:00:00,27.1,,84.0,,보통,31.0
2025-08-18 08:00:00,27.4,,83.0,,좋음,30.0
2025-08-18 09:00:00,27.9,,81.0,,좋음,30.0
2025-08-18 10:00:00,29.3,,76.0,,보통,35.0
2025-08-18 11:00:00,30.3,,71.0,,보통,34.0
2025-08-18 12:00:00,31.1,,65.0,,보통,34.0
2025-08-18 13:00:00,32.3,,63.0,,보통,35.0
2025-08-18 14:00:00,32.3,,58.0,,좋음,29.0
2025-08-18 15:00:00,32.6,,56.0,,보통,34.0
2025-08-18 16:00:00,32.1,,58.0,,보통,38.0
2025-08-18 17:00:00,31.3,,56.0,,보통,37.0
2025-08-18 18:00:00,30.1,,62.0,,좋음,27.0
2025-08-18 19:00:00,29.3,0.0,71.0,,좋음,29.0
2025-08-18 20:00:00,28.2,0.0,79.0,,좋음,28.0
2025-08-18 21:00:00,27.8,0.2,86.0,,좋음,30.0
2025-08-18 22:00:00,27.5,1.1,88.0,,보통,31.0
2025-08-18 23:00:00,27.3,0.5,90.0,,보통,35.0
2025-08-19 00:00:00,27.2,0.2,86.0,,좋음,28.0
2025-08-19 01:00:00,27.2,,87.0,,좋음,22.0
2025-08-19 02:00:00,27.3,,86.0,,좋음,20.0
2025-08-19 03:00:00,27.2,,87.0,,좋음,18.0
2025-08-19 04:00:00,27.1,,88.0,,좋음,19.0
2025-08-19 05:00:00,27.0,,87.0,,좋음,15.0
2025-08-19 06:00:00,26.9,,89.0,,좋음,18.0
2025-08-19 07:00:00,27.0,,89.0,,좋음,25.0
2025-08-19 08:00:00,27.6,,87.0,,좋음,25.0
2025-08-19 09:00:00,28.6,,81.0,,좋음,24.0
2025-08-19 10:00:00,29.7,,73.0,,좋음,20.0
2025-08-19 11:00:00,30.5,,71.0,,좋음,24.0
2025-08-19 12:00:00,30.9,,68.0,,좋음,27.0
2025-08-19 13:00:00,31.2,,65.0,,좋음,16.0
2025-08-19 14:00:00,31.5,,63.0,,,
2025-08-19 15:00:00,32.1,,59.0,,좋음,25.0
2025-08-19 16:00:00,31.3,,67.0,,,
2025-08-19 17:00:00,31.2,,63.0,,,
2025-08-19 18:00:00,30.8,,65.0,,좋음,17.0
2025-08-19 19:00:00,29.7,,67.0,,좋음,14.0
2025-08-19 20:00:00,29.0,,71.0,,좋음,16.0
2025-08-19 21:00:00,28.6,,74.0,,좋음,16.0
2025-08-19 22:00:00,28.4,,76.0,,좋음,14.0
2025-08-19 23:00:00,28.3,,80.0,,좋음,20.0
2025-08-20 00:00:00,28.0,,79.0,,좋음,18.0
2025-08-20 01:00:00,27.9,,83.0,,좋음,17.0
2025-08-20 02:00:00,27.7,0.0,84.0,,좋음,15.0
2025-08-20 03:00:00,27.6,,84.0,,좋음,19.0
2025-08-20 04:00:00,27.4,,85.0,,좋음,17.0
2025-08-20 05:00:00,27.2,,85.0,,좋음,15.0
2025-08-20 06:00:00,27.0,0.0,85.0,,좋음,16.0
2025-08-20 07:00:00,27.0,,85.0,,좋음,21.0
2025-08-20 08:00:00,27.7,,82.0,,좋음,20.0
2025-08-20 09:00:00,28.7,,78.0,,좋음,24.0
2025-08-20 10:00:00,29.7,,74.0,,좋음,23.0
2025-08-20 11:00:00,30.5,,69.0,,좋음,20.0
2025-08-20 12:00:00,31.4,,67.0,,좋음,20.0
2025-08-20 13:00:00,31.6,,63.0,,좋음,22.0
2025-08-20 14:00:00,32.2,,59.0,,좋음,17.0
2025-08-20 15:00:00,32.7,,59.0,,좋음,13.0
2025-08-20 16:00:00,32.1,,59.0,,좋음,18.0
2025-08-20 17:00:00,31.6,,61.0,,좋음,18.0
2025-08-20 18:00:00,30.5,,67.0,,좋음,19.0
2025-08-20 19:00:00,29.7,,71.0,,좋음,19.0
2025-08-20 20:00:00,29.2,,73.0,,좋음,20.0
2025-08-20 21:00:00,28.8,,77.0,,좋음,21.0
2025-08-20 22:00:00,28.4,,78.0,,좋음,19.0
2025-08-20 23:00:00,28.4,,79.0,,좋음,22.0
2025-08-21 00:00:00,28.2,,79.0,,좋음,22.0
2025-08-21 01:00:00,28.2,,80.0,,좋음,25.0
2025-08-21 02:00:00,28.1,,81.0,,좋음,23.0
2025-08-21 03:00:00,27.9,,83.0,,좋음,26.0
2025-08-21 04:00:00,27.7,,85.0,,좋음,24.0
2025-08-21 05:00:00,27.5,,84.0,,좋음,30.0
2025-08-21 06:00:00,27.4,,86.0,,좋음,28.0
2025-08-21 07:00:00,27.6,,85.0,,좋음,25.0
2025-08-21 08:00:00,28.0,,83.0,,좋음,29.0
2025-08-21 09:00:00,29.0,,77.0,,좋음,24.0
2025-08-21 10:00:00,30.0,,73.0,,좋음,19.0
2025-08-21 11:00:00,31.2,,70.0,,좋음,20.0
2025-08-21 12:00:00,32.2,,63.0,,좋음,17.0
2025-08-21 13:00:00,33.4,,59.0,,좋음,17.0
2025-08-21 14:00:00,34.2,,54.0,,좋음,18.0
2025-08-21 15:00:00,33.3,,56.0,,좋음,25.0
2025-08-21 16:00:00,33.8,,52.0,,좋음,18.0
2025-08-21 17:00:00,33.0,,60.0,,좋음,10.0
2025-08-21 18:00:00,31.8,,62.0,,좋음,12.0
2025-08-21 19:00:00,30.4,,66.0,,좋음,5.0
2025-08-21 20:00:00,29.4,,67.0,,좋음,10.0
2025-08-21 21:00:00,29.0,,65.0,,좋음,14.0
2025-08-21 22:00:00,28.6,,69.0,,좋음,12.0
2025-08-21 23:00:00,28.2,,72.0,,좋음,8.0
2025-08-22 00:00:00,27.7,,73.0,,좋음,12.0
2025-08-22 01:00:00,27.3,,75.0,,좋음,15.0
2025-08-22 02:00:00,27.0,,76.0,,좋음,15.0
2025-08-22 03:00:00,26.7,,79.0,,좋음,20.0
2025-08-22 04:00:00,26.5,,82.0,,좋음,15.0
2025-08-22 05:00:00,26.3,,81.0,,좋음,19.0
2025-08-22 06:00:00,26.3,,87.0,,좋음,15.0
2025-08-22 07:00:00,26.4,,87.0,,좋음,24.0
2025-08-22 08:00:00,27.7,,80.0,,좋음,20.0
2025-08-22 09:00:00,28.4,,79.0,,좋음,14.0
2025-08-22 10:00:00,29.7,,69.0,,좋음,16.0
2025-08-22 11:00:00,31.5,,63.0,,좋음,13.0
2025-08-22 12:00:00,32.2,,59.0,,좋음,19.0
2025-08-22 13:00:00,32.5,,55.0,,좋음,22.0
2025-08-22 14:00:00,33.0,,56.0,,좋음,22.0
2025-08-22 15:00:00,33.4,,52.0,,좋음,21.0
2025-08-22 16:00:00,33.4,,49.0,,좋음,16.0
2025-08-22 17:00:00,33.1,,53.0,,좋음,21.0
2025-08-22 18:00:00,31.8,,61.0,,좋음,15.0
2025-08-22 19:00:00,30.2,,67.0,,좋음,7.0
2025-08-22 20:00:00,29.1,,73.0,,좋음,10.0
2025-08-22 21:00:00,28.6,,76.0,,좋음,10.0
2025-08-22 22:00:00,28.3,,76.0,,좋음,11.0
2025-08-22 23:00:00,28.1,,79.0,,좋음,12.0
2025-08-23 00:00:00,28.0,,79.0,,좋음,12.0
2025-08-23 01:00:00,27.9,,80.0,,좋음,8.0
2025-08-23 02:00:00,27.9,,82.0,,좋음,12.0
2025-08-23 03:00:00,27.7,,82.0,,좋음,15.0
2025-08-23 04:00:00,27.6,,82.0,,좋음,16.0
2025-08-23 05:00:00,27.4,,83.0,,좋음,16.0
2025-08-23 06:00:00,27.4,,84.0,,좋음,16.0
2025-08-23 07:00:00,27.5,,84.0,,좋음,22.0
2025-08-23 08:00:00,27.9,,83.0,,좋음,20.0
2025-08-23 09:00:00,28.9,,79.0,,좋음,20.0
2025-08-23 10:00:00,30.0,,74.0,,좋음,21.0
2025-08-23 11:00:00,30.7,,71.0,,좋음,23.0
2025-08-23 12:00:00,31.0,,68.0,,좋음,22.0
2025-08-23 13:00:00,30.5,,71.0,,좋음,22.0
2025-08-23 14:00:00,30.3,,72.0,,좋음,23.0
2025-08-23 15:00:00,30.4,,72.0,,좋음,23.0
2025-08-23 16:00:00,31.6,,70.0,,좋음,21.0
2025-08-23 17:00:00,31.8,,67.0,,좋음,24.0
2025-08-23 18:00:00,31.7,,67.0,,좋음,26.0
2025-08-23 19:00:00,30.7,,70.0,,좋음,23.0
2025-08-23 20:00:00,29.7,,72.0,,좋음,21.0
2025-08-23 21:00:00,29.0,,70.0,,좋음,24.0
2025-08-23 22:00:00,28.7,,75.0,,좋음,22.0
2025-08-23 23:00:00,28.5,,76.0,,좋음,25.0
2025-08-24 00:00:00,28.2,,77.0,,좋음,19.0
2025-08-24 01:00:00,27.7,,79.0,,좋음,20.0
2025-08-24 02:00:00,27.4,,79.0,,좋음,19.0
2025-08-24 03:00:00,27.3,,81.0,,좋음,20.0
2025-08-24 04:00:00,27.1,,81.0,,좋음,21.0
2025-08-24 05:00:00,26.9,,83.0,,좋음,22.0
2025-08-24 06:00:00,27.1,,84.0,,좋음,26.0
2025-08-24 07:00:00,27.2,,85.0,,좋음,28.0
2025-08-24 08:00:00,28.0,,84.0,,좋음,26.0
2025-08-24 09:00:00,28.6,,81.0,,좋음,26.0
2025-08-24 10:00:00,29.3,,77.0,,좋음,24.0
2025-08-24 11:00:00,30.7,,67.0,,보통,32.0
2025-08-24 12:00:00,32.6,,61.0,,좋음,26.0
2025-08-24 13:00:00,32.9,,61.0,,보통,31.0
2025-08-24 14:00:00,33.7,,54.0,,좋음,28.0
2025-08-24 15:00:00,34.5,,50.0,,좋음,30.0
2025-08-24 16:00:00,34.0,,49.0,,좋음,29.0
2025-08-24 17:00:00,34.0,,49.0,,보통,35.0
2025-08-24 18:00:00,33.1,,57.0,,좋음,27.0
2025-08-24 19:00:00,31.5,,62.0,,좋음,30.0
2025-08-24 20:00:00,30.5,,66.0,,좋음,21.0
2025-08-24 21:00:00,30.0,,68.0,,좋음,22.0
2025-08-24 22:00:00,29.6,,68.0,,좋음,22.0
2025-08-24 23:00:00,29.0,,71.0,,좋음,20.0
2025-08-25 00:00:00,28.7,,73.0,,좋음,23.0
2025-08-25 01:00:00,28.6,,74.0,,좋음,22.0
2025-08-25 02:00:00,28.5,,76.0,,좋음,21.0
2025-08-25 03:00:00,28.3,,78.0,,좋음,23.0
2025-08-25 04:00:00,28.0,,79.0,,좋음,26.0
2025-08-25 05:00:00,27.5,,82.0,,좋음,29.0
2025-08-25 06:00:00,27.5,,83.0,,좋음,26.0
2025-08-25 07:00:00,27.8,,81.0,,좋음,29.0
2025-08-25 08:00:00,28.6,,77.0,,좋음,25.0
2025-08-25 09:00:00,26.7,0.0,84.0,,좋음,28.0
2025-08-25 10:00:00,26.7,13.9,93.0,,좋음,26.0
2025-08-25 11:00:00,27.9,0.4,92.0,,좋음,25.0
2025-08-25 12:00:00,28.8,0.4,88.0,,좋음,30.0
2025-08-25 13:00:00,30.2,0.0,74.0,,보통,31.0
2025-08-25 14:00:00,32.0,0.0,67.0,,좋음,28.0
2025-08-25 15:00:00,31.4,0.0,69.0,,좋음,25.0
2025-08-25 16:00:00,31.7,,67.0,,좋음,30.0
2025-08-25 17:00:00,31.8,0.0,64.0,,보통,34.0
2025-08-25 18:00:00,30.0,1.0,76.0,,좋음,26.0
2025-08-25 19:00:00,29.6,0.0,76.0,,좋음,20.0
2025-08-25 20:00:00,28.8,0.4,81.0,,좋음,23.0
2025-08-25 21:00:00,29.1,,80.0,,좋음,29.0
2025-08-25 22:00:00,28.9,0.0,81.0,,좋음,26.0
2025-08-25 23:00:00,28.6,1.0,83.0,,좋음,28.0
2025-08-26 00:00:00,28.0,0.0,87.0,,좋음,24.0
2025-08-26 01:00:00,27.6,0.0,88.0,,좋음,20.0
2025-08-26 02:00:00,27.3,0.0,88.0,,좋음,14.0
2025-08-26 03:00:00,26.8,0.7,90.0,,좋음,12.0
2025-08-26 04:00:00,26.4,0.4,90.0,,좋음,15.0
2025-08-26 05:00:00,25.7,2.2,93.0,,좋음,11.0
2025-08-26 06:00:00,25.6,1.1,95.0,,좋음,13.0
2025-08-26 07:00:00,25.5,0.7,96.0,,좋음,13.0
2025-08-26 08:00:00,25.6,0.3,94.0,,좋음,17.0
2025-08-26 09:00:00,25.9,0.0,94.0,,좋음,21.0
2025-08-26 10:00:00,26.4,0.0,91.0,,좋음,26.0
2025-08-26 11:00:00,27.5,0.0,87.0,,좋음,26.0
2025-08-26 12:00:00,28.3,0.0,80.0,,좋음,24.0
2025-08-26 13:00:00,29.3,,66.0,,좋음,17.0
2025-08-26 14:00:00,30.3,,62.0,,좋음,12.0
2025-08-26 15:00:00,31.2,,62.0,,좋음,11.0
2025-08-26 16:00:00,31.3,,61.0,,좋음,12.0
2025-08-26 17:00:00,30.9,,64.0,,좋음,16.0
2025-08-26 18:00:00,29.8,,70.0,,좋음,13.0
2025-08-26 19:00:00,28.5,,74.0,,좋음,10.0
2025-08-26 20:00:00,27.7,,76.0,,좋음,13.0
2025-08-26 21:00:00,27.0,,78.0,,좋음,16.0
2025-08-26 22:00:00,26.8,,77.0,,좋음,13.0
2025-08-26 23:00:00,26.4,,82.0,,좋음,15.0
2025-08-27 00:00:00,25.9,,85.0,,좋음,13.0
2025-08-27 01:00:00,25.5,,85.0,,좋음,15.0
2025-08-27 02:00:00,25.1,,86.0,,좋음,18.0
2025-08-27 03:00:00,24.8,,88.0,,좋음,21.0
2025-08-27 04:00:00,24.7,,88.0,,좋음,19.0
2025-08-27 05:00:00,24.3,,89.0,,좋음,22.0
2025-08-27 06:00:00,23.9,,88.0,,좋음,26.0
2025-08-27 07:00:00,23.6,,89.0,,보통,31.0
2025-08-27 08:00:00,25.0,,87.0,,좋음,27.0
2025-08-27 09:00:00,25.8,,83.0,,좋음,24.0
2025-08-27 10:00:00,26.1,,80.0,,좋음,25.0
2025-08-27 11:00:00,26.8,,74.0,,좋음,23.0
2025-08-27 12:00:00,27.7,,68.0,,좋음,28.0
2025-08-27 13:00:00,28.7,,62.0,,보통,34.0
2025-08-27 14:00:00,29.8,,58.0,,좋음,28.0
2025-08-27 15:00:00,29.9,,56.0,,보통,33.0
2025-08-27 16:00:00,30.6,,51.0,,보통,38.0
2025-08-27 17:00:00,30.0,,61.0,,보통,36.0
2025-08-27 18:00:00,28.6,,62.0,,보통,31.0
2025-08-27 19:00:00,27.8,,65.0,,좋음,29.0
2025-08-27 20:00:00,27.4,,68.0,,좋음,29.0
2025-08-27 21:00:00,26.9,,69.0,,좋음,29.0
2025-08-27 22:00:00,26.4,,73.0,,좋음,30.0
2025-08-27 23:00:00,26.1,,76.0,,보통,40.0
2025-08-28 00:00:00,26.0,,76.0,,보통,34.0
2025-08-28 01:00:00,25.7,,76.0,,보통,32.0
2025-08-28 02:00:00,25.5,,78.0,,보통,33.0
2025-08-28 03:00:00,25.1,,77.0,,보통,32.0
2025-08-28 04:00:00,24.9,,77.0,,보통,31.0
2025-08-28 05:00:00,24.9,,78.0,,좋음,30.0
2025-08-28 06:00:00,24.8,,79.0,,좋음,29.0
2025-08-28 07:00:00,24.9,,80.0,,좋음,29.0
2025-08-28 08:00:00,25.9,,78.0,,좋음,27.0
2025-08-28 09:00:00,27.5,,76.0,,좋음,26.0
2025-08-28 10:00:00,28.8,,70.0,,좋음,29.0
2025-08-28 11:00:00,29.8,,66.0,,보통,31.0
2025-08-28 12:00:00,30.4,,63.0,,보통,33.0
2025-08-28 13:00:00,30.1,,62.0,,보통,31.0
2025-08-28 14:00:00,30.8,,58.0,,보통,32.0
2025-08-28 15:00:00,30.9,,64.0,,보통,36.0
2025-08-28 16:00:00,30.6,,66.0,,좋음,29.0
2025-08-28 17:00:00,30.6,,67.0,,좋음,28.0
2025-08-28 18:00:00,30.7,,67.0,,좋음,24.0
2025-08-28 19:00:00,29.7,,69.0,,좋음,18.0
2025-08-28 20:00:00,29.2,,72.0,,좋음,20.0
2025-08-28 21:00:00,28.7,,75.0,,좋음,21.0
2025-08-28 22:00:00,28.4,,79.0,,좋음,17.0
2025-08-28 23:00:00,28.2,,80.0,,좋음,17.0
2025-08-29 00:00:00,28.1,,82.0,,좋음,14.0
2025-08-29 01:00:00,28.0,,82.0,,좋음,19.0
2025-08-29 02:00:00,27.9,,83.0,,좋음,15.0
2025-08-29 03:00:00,27.9,,84.0,,좋음,15.0
2025-08-29 04:00:00,27.7,,86.0,,좋음,15.0
2025-08-29 05:00:00,27.7,0.0,84.0,,좋음,16.0
2025-08-29 06:00:00,27.3,0.3,88.0,,좋음,17.0
2025-08-29 07:00:00,27.5,0.0,88.0,,좋음,21.0
2025-08-29 08:00:00,27.8,0.0,87.0,,좋음,21.0
2025-08-29 09:00:00,28.6,,83.0,,좋음,24.0
2025-08-29 10:00:00,29.9,,77.0,,좋음,20.0
2025-08-29 11:00:00,31.1,,73.0,,좋음,21.0
2025-08-29 12:00:00,31.8,,67.0,,좋음,25.0
2025-08-29 13:00:00,32.4,,63.0,,좋음,23.0
2025-08-29 14:00:00,32.7,,63.0,,좋음,25.0
2025-08-29 15:00:00,32.6,,65.0,,좋음,27.0
2025-08-29 16:00:00,31.1,,69.0,,,
2025-08-29 17:00:00,27.9,12.0,86.0,,,
2025-08-29 18:00:00,28.6,,85.0,,좋음,29.0
2025-08-29 19:00:00,28.5,,85.0,,좋음,27.0
2025-08-29 20:00:00,28.6,0.0,85.0,,좋음,27.0
2025-08-29 21:00:00,28.0,1.9,90.0,,좋음,24.0
2025-08-29 22:00:00,27.7,10.6,91.0,,좋음,24.0
2025-08-29 23:00:00,27.6,1.7,92.0,,좋음,23.0
2025-08-30 00:00:00,27.4,5.7,94.0,,좋음,18.0
2025-08-30 01:00:00,27.3,1.2,93.0,,좋음,23.0
2025-08-30 02:00:00,27.0,6.5,93.0,,좋음,19.0
2025-08-30 03:00:00,27.2,4.6,95.0,,좋음,17.0
2025-08-30 04:00:00,27.0,0.9,96.0,,좋음,17.0
2025-08-30 05:00:00,26.9,0.2,94.0,,좋음,28.0
2025-08-30 06:00:00,26.2,10.5,94.0,,좋음,20.0
2025-08-30 07:00:00,26.5,0.0,94.0,,좋음,24.0
2025-08-30 08:00:00,26.1,0.0,92.0,,좋음,16.0
2025-08-30 09:00:00,25.9,0.0,92.0,,좋음,18.0
2025-08-30 10:00:00,27.2,0.0,91.0,,좋음,18.0
2025-08-30 11:00:00,28.3,,85.0,,좋음,21.0
2025-08-30 12:00:00,30.0,,79.0,,좋음,14.0
2025-08-30 13:00:00,31.0,,67.0,,좋음,7.0
2025-08-30 14:00:00,31.1,,63.0,,좋음,12.0
2025-08-30 15:00:00,31.0,,68.0,,좋음,8.0
2025-08-30 16:00:00,31.6,,67.0,,좋음,9.0
2025-08-30 17:00:00,31.7,,66.0,,좋음,8.0
2025-08-30 18:00:00,31.3,,63.0,,좋음,7.0
2025-08-30 19:00:00,30.1,,67.0,,좋음,12.0
2025-08-30 20:00:00,29.0,,73.0,,좋음,10.0
2025-08-30 21:00:00,28.4,,75.0,,좋음,14.0
2025-08-30 22:00:00,27.8,,77.0,,좋음,14.0
2025-08-30 23:00:00,27.4,,80.0,,좋음,21.0
2025-08-31 00:00:00,27.0,,83.0,,좋음,16.0
2025-08-31 01:00:00,26.6,,82.0,,좋음,19.0
2025-08-31 02:00:00,26.2,,84.0,,좋음,16.0
2025-08-31 03:00:00,25.9,,86.0,,좋음,15.0
2025-08-31 04:00:00,25.5,,87.0,,좋음,18.0
2025-08-31 05:00:00,25.3,,88.0,,좋음,17.0
2025-08-31 06:00:00,25.1,,89.0,,좋음,18.0
2025-08-31 07:00:00,25.3,,89.0,,좋음,21.0
2025-08-31 08:00:00,26.5,,86.0,,좋음,19.0
2025-08-31 09:00:00,27.7,,82.0,,좋음,21.0
2025-08-31 10:00:00,29.6,,75.0,,좋음,18.0
2025-08-31 11:00:00,30.3,,68.0,,좋음,23.0
2025-08-31 12:00:00,30.7,,68.0,,좋음,24.0
2025-08-31 13:00:00,30.5,,70.0,,좋음,24.0
2025-08-31 14:00:00,30.9,,71.0,,좋음,26.0
2025-08-31 15:00:00,31.5,,61.0,,좋음,27.0
2025-08-31 16:00:00,31.1,,65.0,,보통,33.0
2025-08-31 17:00:00,30.9,,67.0,,보통,40.0
2025-08-31 18:00:00,30.4,,65.0,,보통,36.0
2025-08-31 19:00:00,29.4,,69.0,,보통,35.0
2025-08-31 20:00:00,29.0,,72.0,,보통,34.0
2025-08-31 21:00:00,28.7,,75.0,,보통,32.0
2025-08-31 22:00:00,28.3,,76.0,,좋음,28.0
2025-08-31 23:00:00,28.0,,76.0,,보통,31.0
2025-09-01 00:00:00,27.7,0.0,76.0,,좋음,20.0
2025-09-01 01:00:00,27.5,,77.0,,좋음,20.0
2025-09-01 02:00:00,27.2,0.0,78.0,,좋음,14.0
2025-09-01 03:00:00,27.1,,79.0,,좋음,13.0
2025-09-01 04:00:00,27.0,,80.0,,좋음,11.0
2025-09-01 05:00:00,25.9,7.6,92.0,,좋음,13.0
2025-09-01 06:00:00,25.1,3.6,93.0,,좋음,6.0
2025-09-01 07:00:00,25.2,2.7,91.0,,좋음,8.0
2025-09-01 08:00:00,25.4,0.0,90.0,,좋음,10.0
2025-09-01 09:00:00,26.0,0.0,90.0,,좋음,16.0
2025-09-01 10:00:00,26.5,0.0,89.0,,좋음,13.0
2025-09-01 11:00:00,26.8,,85.0,,좋음,18.0
2025-09-01 12:00:00,27.3,,83.0,,좋음,20.0
2025-09-01 13:00:00,28.1,0.0,78.0,,좋음,15.0
2025-09-01 14:00:00,27.5,1.4,87.0,,좋음,17.0
2025-09-01 15:00:00,27.6,0.3,83.0,,좋음,19.0
2025-09-01 16:00:00,27.6,0.0,82.0,,좋음,15.0
2025-09-01 17:00:00,27.9,,82.0,,좋음,17.0
2025-09-01 18:00:00,26.1,4.7,90.0,,좋음,19.0
2025-09-01 19:00:00,25.7,0.1,88.0,,좋음,15.0
2025-09-01 20:00:00,25.5,,87.0,,좋음,13.0
2025-09-01 21:00:00,25.3,,88.0,,좋음,13.0
2025-09-01 22:00:00,25.1,,87.0,,좋음,14.0
2025-09-01 23:00:00,24.7,,90.0,,좋음,15.0
2025-09-02 00:00:00,24.4,,92.0,,좋음,15.0
2025-09-02 01:00:00,24.1,,91.0,,좋음,14.0
2025-09-02 02:00:00,23.8,,92.0,,좋음,16.0
2025-09-02 03:00:00,23.4,,91.0,,좋음,18.0
2025-09-02 04:00:00,23.1,,92.0,,좋음,19.0
2025-09-02 05:00:00,22.7,,92.0,,좋음,20.0
2025-09-02 06:00:00,22.2,,91.0,,좋음,19.0
2025-09-02 07:00:00,22.0,,92.0,,좋음,23.0
2025-09-02 08:00:00,23.1,,89.0,,좋음,26.0
2025-09-02 09:00:00,24.2,,85.0,,좋음,26.0
2025-09-02 10:00:00,24.8,,81.0,,보통,31.0
2025-09-02 11:00:00,26.4,,74.0,,보통,33.0
2025-09-02 12:00:00,27.6,,69.0,,보통,31.0
2025-09-02 13:00:00,28.5,,66.0,,좋음,27.0
2025-09-02 14:00:00,29.1,,63.0,,좋음,26.0
2025-09-02 15:00:00,29.6,,59.0,,좋음,27.0
2025-09-02 16:00:00,30.3,,58.0,,좋음,30.0
2025-09-02 17:00:00,30.5,,54.0,,보통,36.0
2025-09-02 18:00:00,29.7,,57.0,,보통,36.0
2025-09-02 19:00:00,28.4,,60.0,,좋음,29.0
2025-09-02 20:00:00,27.1,,64.0,,좋음,27.0
2025-09-02 21:00:00,26.2,,68.0,,좋음,26.0
2025-09-02 22:00:00,25.6,,72.0,,좋음,23.0
2025-09-02 23:00:00,25.2,,75.0,,좋음,24.0
2025-09-03 00:00:00,24.7,,77.0,,좋음,22.0
2025-09-03 01:00:00,24.3,,81.0,,좋음,22.0
2025-09-03 02:00:00,23.9,,82.0,,좋음,24.0
2025-09-03 03:00:00,23.6,,84.0,,좋음,24.0
2025-09-03 04:00:00,23.3,,86.0,,좋음,23.0
2025-09-03 05:00:00,23.0,,87.0,,좋음,26.0
2025-09-03 06:00:00,22.7,,89.0,,보통,32.0
2025-09-03 07:00:00,22.8,,90.0,,보통,36.0
2025-09-03 08:00:00,24.1,,86.0,,보통,35.0
2025-09-03 09:00:00,25.4,,79.0,,보통,32.0
2025-09-03 10:00:00,27.2,,69.0,,좋음,29.0
2025-09-03 11:00:00,28.4,,66.0,,좋음,28.0
2025-09-03 12:00:00,29.6,,58.0,,좋음,25.0
2025-09-03 13:00:00,30.6,,53.0,,좋음,20.0
2025-09-03 14:00:00,31.1,,50.0,,좋음,25.0
2025-09-03 15:00:00,31.9,,42.0,,좋음,22.0
2025-09-03 16:00:00,31.4,,47.0,,좋음,21.0
2025-09-03 17:00:00,31.6,,53.0,,좋음,25.0
2025-09-03 18:00:00,30.9,,55.0,,좋음,27.0
2025-09-03 19:00:00,29.8,,59.0,,좋음,23.0
2025-09-03 20:00:00,29.0,,62.0,,좋음,25.0
2025-09-03 21:00:00,28.7,,65.0,,좋음,29.0
2025-09-03 22:00:00,28.4,,66.0,,좋음,23.0
2025-09-03 23:00:00,28.2,,66.0,,좋음,25.0
2025-09-04 00:00:00,27.7,,68.0,,좋음,29.0
2025-09-04 01:00:00,27.5,0.0,73.0,,좋음,25.0
2025-09-04 02:00:00,25.6,2.4,86.0,,좋음,30.0
2025-09-04 03:00:00,24.5,6.3,91.0,,좋음,27.0
2025-09-04 04:00:00,24.0,29.6,94.0,,좋음,13.0
2025-09-04 05:00:00,23.6,0.3,93.0,,좋음,12.0
2025-09-04 06:00:00,23.0,1.2,93.0,,좋음,11.0
2025-09-04 07:00:00,22.9,1.0,95.0,,좋음,10.0
2025-09-04 08:00:00,23.1,1.0,95.0,,좋음,13.0
2025-09-04 09:00:00,23.3,1.3,96.0,,좋음,16.0
2025-09-04 10:00:00,23.5,0.9,96.0,,좋음,17.0
2025-09-04 11:00:00,24.1,0.2,92.0,,좋음,19.0
2025-09-04 12:00:00,25.8,,88.0,,좋음,16.0
2025-09-04 13:00:00,27.0,,79.0,,좋음,13.0
2025-09-04 14:00:00,28.3,,74.0,,좋음,14.0
2025-09-04 15:00:00,29.1,,70.0,,좋음,12.0
2025-09-04 16:00:00,29.7,,67.0,,좋음,15.0
2025-09-04 17:00:00,29.1,,68.0,,좋음,13.0
2025-09-04 18:00:00,28.5,,68.0,,좋음,15.0
2025-09-04 19:00:00,27.7,,71.0,,좋음,19.0
2025-09-04 20:00:00,27.0,,74.0,,좋음,14.0
2025-09-04 21:00:00,26.5,,75.0,,좋음,16.0
2025-09-04 22:00:00,26.1,,76.0,,좋음,13.0
2025-09-04 23:00:00,25.8,,76.0,,좋음,14.0
2025-09-05 00:00:00,25.3,,76.0,,좋음,11.0
2025-09-05 01:00:00,25.0,,74.0,,좋음,14.0
2025-09-05 02:00:00,24.5,,74.0,,좋음,10.0
2025-09-05 03:00:00,24.2,,74.0,,좋음,12.0
2025-09-05 04:00:00,23.9,,73.0,,좋음,29.0
2025-09-05 05:00:00,23.8,,73.0,,보통,40.0
2025-09-05 06:00:00,23.6,,80.0,,,
2025-09-05 07:00:00,23.9,,79.0,,,
2025-09-05 08:00:00,24.6,,73.0,,보통,39.0
2025-09-05 09:00:00,26.3,,69.0,,좋음,26.0
2025-09-05 10:00:00,28.2,,64.0,,좋음,22.0
2025-09-05 11:00:00,29.7,,62.0,,좋음,21.0
2025-09-05 12:00:00,30.8,,59.0,,좋음,21.0
2025-09-05 13:00:00,31.2,,58.0,,좋음,25.0
2025-09-05 14:00:00,32.5,,54.0,,좋음,19.0
2025-09-05 15:00:00,32.5,,55.0,,좋음,18.0
2025-09-05 16:00:00,32.0,,54.0,,좋음,19.0
2025-09-05 17:00:00,31.7,,58.0,,좋음,30.0
2025-09-05 18:00:00,30.4,,65.0,,보통,40.0
2025-09-05 19:00:00,29.5,,69.0,,좋음,30.0
2025-09-05 20:00:00,28.6,,71.0,,좋음,29.0
2025-09-05 21:00:00,28.2,,71.0,,보통,35.0
2025-09-05 22:00:00,27.8,,73.0,,좋음,23.0
2025-09-05 23:00:00,27.4,,73.0,,좋음,22.0
2025-09-06 00:00:00,27.1,,75.0,,좋음,23.0
2025-09-06 01:00:00,27.2,,80.0,,좋음,26.0
2025-09-06 02:00:00,27.2,,79.0,,좋음,21.0
2025-09-06 03:00:00,27.1,,80.0,,좋음,21.0
2025-09-06 04:00:00,26.8,0.6,85.0,,좋음,19.0
2025-09-06 05:00:00,26.4,0.4,86.0,,좋음,16.0
2025-09-06 06:00:00,26.1,0.2,86.0,,좋음,16.0
2025-09-06 07:00:00,26.0,2.0,88.0,,좋음,19.0
2025-09-06 08:00:00,26.1,0.5,90.0,,좋음,20.0
2025-09-06 09:00:00,26.2,4.3,91.0,,좋음,20.0
2025-09-06 10:00:00,26.7,8.1,91.0,,좋음,21.0
2025-09-06 11:00:00,26.5,4.0,93.0,,좋음,18.0
2025-09-06 12:00:00,27.9,0.3,89.0,,좋음,15.0
2025-09-06 13:00:00,28.6,0.0,84.0,,좋음,19.0
2025-09-06 14:00:00,29.6,,77.0,,좋음,19.0
2025-09-06 15:00:00,30.0,0.0,72.0,,좋음,17.0
2025-09-06 16:00:00,29.2,0.0,75.0,,좋음,23.0
2025-09-06 17:00:00,27.4,8.9,87.0,,좋음,22.0
2025-09-06 18:00:00,25.7,6.0,88.0,,좋음,16.0
2025-09-06 19:00:00,25.6,0.0,90.0,,좋음,18.0
2025-09-06 20:00:00,25.4,0.5,91.0,,좋음,20.0
2025-09-06 21:00:00,25.5,0.0,92.0,,좋음,21.0
2025-09-06 22:00:00,25.6,,91.0,,좋음,17.0
2025-09-06 23:00:00,25.8,0.0,92.0,,좋음,21.0
2025-09-07 00:00:00,25.8,0.3,95.0,,좋음,20.0
2025-09-07 01:00:00,25.7,0.2,93.0,,좋음,23.0
2025-09-07 02:00:00,25.7,,92.0,,좋음,19.0
2025-09-07 03:00:00,25.5,0.0,92.0,,좋음,17.0
2025-09-07 04:00:00,24.9,,90.0,,좋음,10.0
2025-09-07 05:00:00,24.7,,90.0,,좋음,9.0
2025-09-07 06:00:00,24.5,,90.0,,좋음,9.0
2025-09-07 07:00:00,24.4,,91.0,,좋음,11.0
2025-09-07 08:00:00,24.7,,89.0,,좋음,13.0
2025-09-07 09:00:00,25.2,,86.0,,좋음,16.0
2025-09-07 10:00:00,26.1,,80.0,,좋음,14.0
2025-09-07 11:00:00,26.9,,73.0,,좋음,17.0
2025-09-07 12:00:00,27.4,,65.0,,좋음,20.0
2025-09-07 13:00:00,28.1,,66.0,,좋음,24.0
2025-09-07 14:00:00,27.5,,68.0,,좋음,28.0
2025-09-07 15:00:00,27.2,,67.0,,좋음,27.0
2025-09-07 16:00:00,26.7,,61.0,,좋음,21.0
2025-09-07 17:00:00,26.4,,62.0,,좋음,27.0
2025-09-07 18:00:00,26.3,,65.0,,보통,46.0
2025-09-07 19:00:00,25.5,,69.0,,좋음,30.0
2025-09-07 20:00:00,24.8,,72.0,,좋음,24.0
2025-09-07 21:00:00,24.1,,74.0,,좋음,25.0
2025-09-07 22:00:00,23.3,,79.0,,좋음,23.0
2025-09-07 23:00:00,22.7,,80.0,,좋음,25.0
2025-09-08 00:00:00,22.3,,81.0,,좋음,28.0
2025-09-08 01:00:00,22.0,,83.0,,좋음,28.0
2025-09-08 02:00:00,21.8,,82.0,,좋음,27.0
2025-09-08 03:00:00,21.5,,86.0,,좋음,29.0
2025-09-08 04:00:00,21.4,,86.0,,좋음,27.0
2025-09-08 05:00:00,21.1,,87.0,,좋음,30.0
2025-09-08 06:00:00,20.7,,89.0,,좋음,30.0
2025-09-08 07:00:00,20.9,,90.0,,보통,34.0
2025-09-08 08:00:00,21.7,,89.0,,보통,33.0
2025-09-08 09:00:00,22.5,,88.0,,보통,33.0
2025-09-08 10:00:00,24.4,,79.0,,보통,33.0
2025-09-08 11:00:00,25.2,,74.0,,,
2025-09-08 12:00:00,26.7,,67.0,,,
2025-09-08 13:00:00,27.9,,60.0,,보통,32.0
2025-09-08 14:00:00,29.1,,52.0,,보통,32.0
2025-09-08 15:00:00,29.4,,50.0,,보통,43.0
2025-09-08 16:00:00,28.4,,52.0,,보통,36.0
2025-09-08 17:00:00,27.4,,57.0,,보통,43.0
2025-09-08 18:00:00,26.4,,62.0,,보통,45.0
2025-09-08 19:00:00,25.7,,66.0,,보통,46.0
2025-09-08 20:00:00,25.0,,66.0,,보통,39.0
2025-09-08 21:00:00,24.6,0.0,71.0,,보통,33.0
2025-09-08 22:00:00,24.2,0.0,74.0,,보통,31.0
2025-09-08 23:00:00,24.0,0.0,74.0,,좋음,30.0
2025-09-09 00:00:00,23.6,0.0,71.0,,보통,31.0
2025-09-09 01:00:00,23.4,0.0,71.0,,보통,37.0
2025-09-09 02:00:00,23.0,0.0,75.0,,보통,34.0
2025-09-09 03:00:00,22.8,0.0,74.0,,보통,36.0
2025-09-09 04:00:00,22.6,0.0,74.0,,보통,36.0
2025-09-09 05:00:00,22.4,0.0,77.0,,보통,35.0
2025-09-09 06:00:00,22.2,0.0,78.0,,보통,38.0
2025-09-09 07:00:00,22.0,,79.0,,보통,46.0
2025-09-09 08:00:00,22.4,,79.0,,보통,43.0
2025-09-09 09:00:00,23.2,,76.0,,보통,44.0
2025-09-09 10:00:00,24.2,,74.0,,보통,42.0
2025-09-09 11:00:00,25.2,,68.0,,보통,43.0
2025-09-09 12:00:00,25.7,,69.0,,보통,45.0
2025-09-09 13:00:00,26.3,,68.0,,보통,55.0
2025-09-09 14:00:00,25.7,,63.0,,보통,48.0
2025-09-09 15:00:00,25.6,,59.0,,보통,42.0
2025-09-09 16:00:00,26.5,,64.0,,보통,39.0
2025-09-09 17:00:00,26.8,,59.0,,보통,45.0
2025-09-09 18:00:00,25.9,,64.0,,보통,45.0
2025-09-09 19:00:00,24.8,,68.0,,보통,45.0
2025-09-09 20:00:00,23.9,,72.0,,보통,69.0
2025-09-09 21:00:00,23.1,,74.0,,보통,67.0
2025-09-09 22:00:00,22.5,,76.0,,보통,54.0
2025-09-09 23:00:00,21.9,,79.0,,보통,54.0
2025-09-10 00:00:00,21.4,,81.0,,보통,43.0
2025-09-10 01:00:00,20.8,,83.0,,보통,38.0
2025-09-10 02:00:00,20.5,,86.0,,보통,33.0
2025-09-10 03:00:00,20.2,,86.0,,보통,33.0
2025-09-10 04:00:00,19.8,,86.0,,보통,32.0
2025-09-10 05:00:00,19.1,,89.0,,보통,36.0
2025-09-10 06:00:00,18.7,,89.0,,보통,35.0
2025-09-10 07:00:00,18.5,,91.0,,보통,37.0
2025-09-10 08:00:00,20.0,,86.0,,보통,36.0
2025-09-10 09:00:00,22.4,,77.0,,보통,39.0
2025-09-10 10:00:00,24.2,,66.0,,보통,38.0
2025-09-10 11:00:00,26.6,,53.0,,보통,36.0
2025-09-10 12:00:00,27.9,,42.0,,좋음,29.0
2025-09-10 13:00:00,29.2,,35.0,,좋음,23.0
2025-09-10 14:00:00,30.3,,33.0,,좋음,21.0
2025-09-10 15:00:00,30.9,,31.0,,좋음,25.0
2025-09-10 16:00:00,31.2,,31.0,,좋음,19.0
2025-09-10 17:00:00,31.2,,32.0,,좋음,13.0
2025-09-10 18:00:00,29.9,,43.0,,좋음,19.0
2025-09-10 19:00:00,28.0,,48.0,,좋음,24.0
2025-09-10 20:00:00,26.6,,54.0,,좋음,27.0
2025-09-10 21:00:00,25.5,,56.0,,보통,32.0
2025-09-10 22:00:00,24.6,,59.0,,보통,34.0
2025-09-10 23:00:00,24.0,,62.0,,보통,32.0
2025-09-11 00:00:00,23.0,,65.0,,보통,34.0
2025-09-11 01:00:00,22.1,,71.0,,보통,33.0
2025-09-11 02:00:00,21.8,,73.0,,좋음,25.0
2025-09-11 03:00:00,21.4,,76.0,,,
2025-09-11 04:00:00,20.8,,77.0,,보통,36.0
2025-09-11 05:00:00,20.2,,78.0,,좋음,18.0
2025-09-11 06:00:00,19.9,,82.0,,좋음,21.0
2025-09-11 07:00:00,20.1,,82.0,,좋음,22.0
2025-09-11 08:00:00,22.0,,73.0,,좋음,23.0
2025-09-11 09:00:00,23.6,,62.0,,좋음,24.0
2025-09-11 10:00:00,25.7,,50.0,,좋음,22.0
2025-09-11 11:00:00,27.4,,43.0,,좋음,24.0
2025-09-11 12:00:00,28.5,,41.0,,좋음,21.0
2025-09-11 13:00:00,29.5,,41.0,,좋음,21.0
2025-09-11 14:00:00,30.6,,41.0,,좋음,22.0
2025-09-11 15:00:00,31.2,,39.0,,좋음,21.0
2025-09-11 16:00:00,31.6,,37.0,,좋음,24.0
2025-09-11 17:00:00,31.2,,38.0,,좋음,23.0
2025-09-11 18:00:00,30.0,,45.0,,좋음,21.0
2025-09-11 19:00:00,28.4,,50.0,,좋음,20.0
2025-09-11 20:00:00,27.5,,53.0,,좋음,23.0
2025-09-11 21:00:00,26.8,,56.0,,좋음,23.0
2025-09-11 22:00:00,26.2,,56.0,,좋음,23.0
2025-09-11 23:00:00,25.5,,58.0,,좋음,24.0
2025-09-12 00:00:00,25.0,,60.0,,좋음,20.0
2025-09-12 01:00:00,24.3,,60.0,,좋음,20.0
2025-09-12 02:00:00,24.0,,59.0,,좋음,19.0
2025-09-12 03:00:00,23.6,,63.0,,좋음,20.0
2025-09-12 04:00:00,23.3,,62.0,,좋음,18.0
2025-09-12 05:00:00,23.1,,63.0,,좋음,18.0
2025-09-12 06:00:00,23.1,,62.0,,좋음,20.0
2025-09-12 07:00:00,22.9,,63.0,,좋음,23.0
2025-09-12 08:00:00,23.3,,59.0,,좋음,24.0
2025-09-12 09:00:00,23.9,,59.0,,좋음,24.0
2025-09-12 10:00:00,25.1,,56.0,,좋음,24.0
2025-09-12 11:00:00,25.7,,56.0,,좋음,23.0
2025-09-12 12:00:00,25.8,,56.0,,좋음,22.0
2025-09-12 13:00:00,26.1,,57.0,,좋음,22.0
2025-09-12 14:00:00,26.2,,57.0,,좋음,23.0
2025-09-12 15:00:00,26.3,,59.0,,좋음,22.0
2025-09-12 16:00:00,26.0,,60.0,,좋음,23.0
2025-09-12 17:00:00,25.6,0.0,65.0,,좋음,26.0
2025-09-12 18:00:00,24.9,0.0,68.0,,좋음,26.0
2025-09-12 19:00:00,24.0,0.4,77.0,,좋음,23.0
2025-09-12 20:00:00,23.0,0.9,85.0,,좋음,23.0
2025-09-12 21:00:00,22.5,1.5,89.0,,좋음,21.0
2025-09-12 22:00:00,21.9,0.9,90.0,,좋음,21.0
2025-09-12 23:00:00,21.4,1.1,93.0,,좋음,17.0
2025-09-13 00:00:00,21.1,2.0,94.0,,좋음,13.0
2025-09-13 01:00:00,20.8,7.4,95.0,,좋음,11.0
2025-09-13 02:00:00,20.5,20.6,97.0,,좋음,7.0
2025-09-13 03:00:00,20.4,16.0,98.0,,좋음,5.0
2025-09-13 04:00:00,20.5,17.6,98.0,,좋음,5.0
2025-09-13 05:00:00,20.6,0.6,95.0,,좋음,8.0
2025-09-13 06:00:00,20.6,0.0,96.0,,좋음,5.0
2025-09-13 07:00:00,20.8,0.0,95.0,,좋음,8.0
2025-09-13 08:00:00,21.1,1.4,95.0,,좋음,6.0
2025-09-13 09:00:00,21.8,0.1,94.0,,좋음,9.0
2025-09-13 10:00:00,22.7,0.0,90.0,,좋음,11.0
2025-09-13 11:00:00,23.7,,85.0,,좋음,14.0
2025-09-13 12:00:00,24.7,,80.0,,좋음,11.0
2025-09-13 13:00:00,26.1,,68.0,,좋음,10.0
2025-09-13 14:00:00,26.5,,65.0,,좋음,8.0
2025-09-13 15:00:00,26.6,,64.0,,좋음,13.0
2025-09-13 16:00:00,27.4,,61.0,,좋음,9.0
2025-09-13 17:00:00,26.5,,62.0,,좋음,7.0
2025-09-13 18:00:00,25.7,,65.0,,좋음,8.0
2025-09-13 19:00:00,25.1,,68.0,,좋음,10.0
2025-09-13 20:00:00,24.4,,70.0,,좋음,11.0
2025-09-13 21:00:00,23.8,,75.0,,좋음,10.0
2025-09-13 22:00:00,23.3,,76.0,,좋음,10.0
2025-09-13 23:00:00,22.9,,77.0,,좋음,11.0
2025-09-14 00:00:00,22.5,,76.0,,좋음,10.0
2025-09-14 01:00:00,22.0,,79.0,,좋음,7.0
2025-09-14 02:00:00,21.7,,80.0,,좋음,10.0
2025-09-14 03:00:00,21.7,,82.0,,좋음,16.0
2025-09-14 04:00:00,21.8,,80.0,,좋음,16.0
2025-09-14 05:00:00,21.7,,81.0,,좋음,14.0
2025-09-14 06:00:00,21.6,,82.0,,좋음,15.0
2025-09-14 07:00:00,21.5,,82.0,,좋음,18.0
2025-09-14 08:00:00,22.1,,81.0,,좋음,16.0
2025-09-14 09:00:00,23.2,,78.0,,좋음,15.0
2025-09-14 10:00:00,24.2,,76.0,,좋음,14.0
2025-09-14 11:00:00,25.4,,72.0,,좋음,14.0
2025-09-14 12:00:00,27.0,,63.0,,좋음,15.0
2025-09-14 13:00:00,27.3,,63.0,,좋음,13.0
2025-09-14 14:00:00,27.8,,59.0,,좋음,12.0
2025-09-14 15:00:00,28.5,,56.0,,좋음,15.0
2025-09-14 16:00:00,29.2,,52.0,,좋음,17.0
2025-09-14 17:00:00,29.1,,55.0,,좋음,15.0
2025-09-14 18:00:00,28.2,,60.0,,좋음,20.0
2025-09-14 19:00:00,26.7,,64.0,,좋음,13.0
2025-09-14 20:00:00,25.8,,67.0,,좋음,14.0
2025-09-14 21:00:00,25.0,,73.0,,좋음,20.0
2025-09-14 22:00:00,24.2,,75.0,,좋음,20.0
2025-09-14 23:00:00,23.7,,79.0,,좋음,21.0
2025-09-15 00:00:00,23.3,,82.0,,좋음,22.0
2025-09-15 01:00:00,23.1,,84.0,,좋음,24.0
2025-09-15 02:00:00,22.7,,86.0,,좋음,23.0
2025-09-15 03:00:00,22.4,,86.0,,좋음,26.0
2025-09-15 04:00:00,21.8,,86.0,,좋음,24.0
2025-09-15 05:00:00,21.2,,88.0,,좋음,26.0
2025-09-15 06:00:00,20.9,,88.0,,좋음,30.0
2025-09-15 07:00:00,20.9,,90.0,,좋음,30.0
2025-09-15 08:00:00,22.4,,88.0,,좋음,29.0
2025-09-15 09:00:00,24.3,,80.0,,좋음,30.0
2025-09-15 10:00:00,25.8,,74.0,,좋음,25.0
2025-09-15 11:00:00,27.1,,66.0,,좋음,29.0
2025-09-15 12:00:00,28.3,,60.0,,좋음,26.0
2025-09-15 13:00:00,29.0,,58.0,,좋음,24.0
2025-09-15 14:00:00,29.7,,56.0,,좋음,26.0
2025-09-15 15:00:00,30.3,,54.0,,좋음,23.0
2025-09-15 16:00:00,30.4,,54.0,,,
2025-09-15 17:00:00,30.2,,52.0,,,
2025-09-15 18:00:00,29.3,,51.0,,좋음,27.0
2025-09-15 19:00:00,28.0,,62.0,,좋음,24.0
2025-09-15 20:00:00,26.8,,72.0,,좋음,30.0
2025-09-15 21:00:00,26.1,,75.0,,좋음,27.0
2025-09-15 22:00:00,25.4,,76.0,,좋음,26.0
2025-09-15 23:00:00,24.6,,79.0,,보통,35.0
2025-09-16 00:00:00,24.0,,79.0,,보통,37.0
2025-09-16 01:00:00,23.5,,80.0,,보통,37.0
2025-09-16 02:00:00,23.1,,83.0,,보통,36.0
2025-09-16 03:00:00,22.8,,85.0,,보통,35.0
2025-09-16 04:00:00,22.4,,85.0,,보통,35.0
2025-09-16 05:00:00,22.2,,87.0,,보통,35.0
2025-09-16 06:00:00,22.3,,87.0,,보통,36.0
2025-09-16 07:00:00,22.5,,86.0,,보통,34.0
2025-09-16 08:00:00,23.2,,84.0,,보통,34.0
2025-09-16 09:00:00,24.7,,80.0,,보통,40.0
2025-09-16 10:00:00,25.2,,81.0,,보통,38.0
2025-09-16 11:00:00,26.2,0.0,79.0,,보통,37.0
2025-09-16 12:00:00,26.4,0.0,78.0,,보통,37.0
2025-09-16 13:00:00,26.7,,78.0,,보통,35.0
2025-09-16 14:00:00,24.3,9.8,86.0,,보통,39.0
2025-09-16 15:00:00,22.5,6.0,94.0,,좋음,20.0
2025-09-16 16:00:00,23.3,0.8,93.0,,좋음,12.0
2025-09-16 17:00:00,24.1,0.0,90.0,,좋음,15.0
2025-09-16 18:00:00,23.9,,88.0,,좋음,12.0
2025-09-16 19:00:00,23.8,0.7,91.0,,좋음,10.0
2025-09-16 20:00:00,23.7,0.2,91.0,,좋음,12.0
2025-09-16 21:00:00,23.6,,90.0,,좋음,13.0
2025-09-16 22:00:00,23.5,,91.0,,좋음,10.0
2025-09-16 23:00:00,23.2,,91.0,,좋음,13.0
2025-09-17 00:00:00,23.3,,92.0,,좋음,12.0
2025-09-17 01:00:00,23.1,,92.0,,좋음,16.0
2025-09-17 02:00:00,23.2,,93.0,,좋음,18.0
2025-09-17 03:00:00,23.4,,94.0,,좋음,20.0
2025-09-17 04:00:00,23.5,,93.0,,좋음,22.0
2025-09-17 05:00:00,23.5,,93.0,,좋음,28.0
2025-09-17 06:00:00,23.5,,93.0,,좋음,30.0
2025-09-17 07:00:00,23.5,0.1,93.0,,보통,37.0
2025-09-17 08:00:00,23.7,0.0,95.0,,보통,33.0
2025-09-17 09:00:00,23.9,1.4,93.0,,좋음,23.0
2025-09-17 10:00:00,23.8,2.3,95.0,,좋음,15.0
2025-09-17 11:00:00,22.4,35.2,95.0,,좋음,18.0
2025-09-17 12:00:00,22.1,11.1,97.0,,좋음,10.0
2025-09-17 13:00:00,23.2,0.2,92.0,,좋음,9.0
2025-09-17 14:00:00,22.3,0.0,91.0,,좋음,10.0
2025-09-17 15:00:00,22.8,0.0,93.0,,좋음,14.0
2025-09-17 16:00:00,22.5,2.4,93.0,,좋음,13.0
2025-09-17 17:00:00,22.4,0.0,90.0,,좋음,9.0
2025-09-17 18:00:00,22.5,,87.0,,좋음,9.0
2025-09-17 19:00:00,22.1,,88.0,,좋음,11.0
2025-09-17 20:00:00,21.9,,87.0,,좋음,12.0
2025-09-17 21:00:00,21.9,,89.0,,좋음,13.0
2025-09-17 22:00:00,21.7,,88.0,,좋음,12.0
2025-09-17 23:00:00,21.5,,90.0,,좋음,16.0
2025-09-18 00:00:00,21.2,,90.0,,좋음,18.0
2025-09-18 01:00:00,20.8,,92.0,,좋음,21.0
2025-09-18 02:00:00,20.6,,91.0,,좋음,20.0
2025-09-18 03:00:00,20.4,,92.0,,좋음,28.0
2025-09-18 04:00:00,20.1,,92.0,,좋음,25.0
2025-09-18 05:00:00,19.9,,92.0,,보통,34.0
2025-09-18 06:00:00,19.7,,93.0,,좋음,24.0
2025-09-18 07:00:00,19.6,,92.0,,좋음,24.0
2025-09-18 08:00:00,20.2,,90.0,,좋음,24.0
2025-09-18 09:00:00,20.8,,89.0,,좋음,21.0
2025-09-18 10:00:00,21.7,,81.0,,좋음,19.0
2025-09-18 11:00:00,22.5,,76.0,,좋음,22.0
2025-09-18 12:00:00,24.4,,67.0,,좋음,20.0
2025-09-18 13:00:00,25.2,,62.0,,좋음,16.0
2025-09-18 14:00:00,25.6,,59.0,,좋음,15.0
2025-09-18 15:00:00,25.8,,59.0,,좋음,17.0
2025-09-18 16:00:00,25.6,,57.0,,좋음,13.0
2025-09-18 17:00:00,25.2,,58.0,,좋음,13.0
2025-09-18 18:00:00,24.3,,61.0,,좋음,16.0
2025-09-18 19:00:00,23.1,,63.0,,좋음,16.0
2025-09-18 20:00:00,22.0,,65.0,,좋음,14.0
2025-09-18 21:00:00,21.3,,66.0,,좋음,14.0
2025-09-18 22:00:00,20.7,,67.0,,좋음,16.0
2025-09-18 23:00:00,20.4,,66.0,,좋음,16.0
2025-09-19 00:00:00,20.0,,68.0,,좋음,12.0
2025-09-19 01:00:00,19.7,,67.0,,좋음,14.0
2025-09-19 02:00:00,19.5,,68.0,,좋음,14.0
2025-09-19 03:00:00,19.3,,68.0,,좋음,13.0
2025-09-19 04:00:00,19.2,,71.0,,좋음,13.0
2025-09-19 05:00:00,19.1,,71.0,,좋음,12.0
2025-09-19 06:00:00,19.1,,73.0,,좋음,12.0
2025-09-19 07:00:00,19.2,,73.0,,좋음,16.0
2025-09-19 08:00:00,19.5,,74.0,,좋음,15.0
2025-09-19 09:00:00,19.9,0.0,73.0,,좋음,17.0
2025-09-19 10:00:00,20.4,0.0,73.0,,좋음,16.0
2025-09-19 11:00:00,20.8,0.0,72.0,,좋음,19.0
2025-09-19 12:00:00,21.4,0.0,75.0,,좋음,20.0
2025-09-19 13:00:00,20.8,0.4,79.0,,좋음,21.0
2025-09-19 14:00:00,20.6,0.2,81.0,,좋음,20.0
2025-09-19 15:00:00,20.3,0.5,85.0,,좋음,27.0
2025-09-19 16:00:00,20.1,0.7,86.0,,좋음,24.0
2025-09-19 17:00:00,19.6,1.1,91.0,,좋음,22.0
2025-09-19 18:00:00,19.0,1.2,91.0,,좋음,18.0
2025-09-19 19:00:00,18.7,0.9,93.0,,좋음,19.0
2025-09-19 20:00:00,18.5,0.5,93.0,,좋음,17.0
2025-09-19 21:00:00,18.6,0.2,95.0,,좋음,18.0
2025-09-19 22:00:00,18.5,1.9,95.0,,좋음,15.0
2025-09-19 23:00:00,18.1,1.6,95.0,,좋음,15.0
2025-09-20 00:00:00,17.9,4.6,96.0,,좋음,10.0
2025-09-20 01:00:00,17.7,5.6,97.0,,좋음,9.0
2025-09-20 02:00:00,17.7,7.9,98.0,,좋음,6.0
2025-09-20 03:00:00,17.6,11.4,98.0,,좋음,5.0
2025-09-20 04:00:00,17.5,6.9,98.0,,좋음,5.0
2025-09-20 05:00:00,17.5,1.8,97.0,,좋음,5.0
2025-09-20 06:00:00,17.6,1.6,97.0,,좋음,5.0
2025-09-20 07:00:00,17.7,0.1,95.0,,좋음,8.0
2025-09-20 08:00:00,18.0,0.0,95.0,,좋음,7.0
2025-09-20 09:00:00,18.6,0.0,94.0,,좋음,8.0
2025-09-20 10:00:00,19.0,,91.0,,좋음,8.0
2025-09-20 11:00:00,19.9,,89.0,,좋음,9.0
2025-09-20 12:00:00,20.6,,84.0,,좋음,7.0
2025-09-20 13:00:00,21.4,,81.0,,좋음,9.0
2025-09-20 14:00:00,22.5,,74.0,,좋음,7.0
2025-09-20 15:00:00,23.4,,71.0,,좋음,7.0
2025-09-20 16:00:00,23.0,,70.0,,좋음,8.0
2025-09-20 17:00:00,23.3,,68.0,,좋음,12.0
2025-09-20 18:00:00,22.5,0.0,75.0,,좋음,8.0
2025-09-20 19:00:00,21.6,0.0,79.0,,좋음,7.0
2025-09-20 20:00:00,21.1,,81.0,,좋음,10.0
2025-09-20 21:00:00,20.5,,82.0,,좋음,11.0
2025-09-20 22:00:00,20.0,,81.0,,좋음,16.0
2025-09-20 23:00:00,19.7,,82.0,,좋음,8.0
2025-09-21 00:00:00,19.5,,82.0,,좋음,9.0
2025-09-21 01:00:00,19.1,,80.0,,좋음,11.0
2025-09-21 02:00:00,18.5,,82.0,,좋음,10.0
2025-09-21 03:00:00,18.1,,86.0,,좋음,8.0
2025-09-21 04:00:00,17.7,,87.0,,좋음,6.0
2025-09-21 05:00:00,17.4,,85.0,,좋음,9.0
2025-09-21 06:00:00,17.2,,85.0,,좋음,8.0
2025-09-21 07:00:00,17.6,,83.0,,좋음,10.0
2025-09-21 08:00:00,19.1,,78.0,,좋음,10.0
2025-09-21 09:00:00,20.8,,70.0,,좋음,8.0
2025-09-21 10:00:00,22.1,,65.0,,좋음,6.0
2025-09-21 11:00:00,23.4,,61.0,,좋음,5.0
2025-09-21 12:00:00,24.6,,59.0,,좋음,5.0
2025-09-21 13:00:00,25.5,,57.0,,좋음,5.0
2025-09-21 14:00:00,26.5,,54.0,,좋음,7.0
2025-09-21 15:00:00,26.9,,50.0,,좋음,12.0
2025-09-21 16:00:00,27.1,,50.0,,좋음,7.0
2025-09-21 17:00:00,26.5,,51.0,,좋음,8.0
2025-09-21 18:00:00,24.8,,56.0,,좋음,8.0
2025-09-21 19:00:00,23.3,,60.0,,좋음,9.0
2025-09-21 20:00:00,22.0,,63.0,,좋음,9.0
2025-09-21 21:00:00,21.1,,65.0,,좋음,10.0
2025-09-21 22:00:00,20.7,,63.0,,좋음,9.0
2025-09-21 23:00:00,19.9,,65.0,,좋음,10.0
2025-09-22 00:00:00,19.4,,65.0,,좋음,11.0
2025-09-22 01:00:00,19.1,,61.0,,좋음,11.0
2025-09-22 02:00:00,18.6,,62.0,,좋음,10.0
2025-09-22 03:00:00,18.3,,62.0,,좋음,11.0
2025-09-22 04:00:00,18.1,,64.0,,좋음,9.0
2025-09-22 05:00:00,18.0,,63.0,,좋음,8.0
2025-09-22 06:00:00,17.9,,64.0,,좋음,10.0
2025-09-22 07:00:00,17.6,,66.0,,좋음,12.0
2025-09-22 08:00:00,18.1,,64.0,,좋음,14.0
2025-09-22 09:00:00,19.3,,59.0,,좋음,17.0
2025-09-22 10:00:00,21.4,,55.0,,좋음,17.0
2025-09-22 11:00:00,23.0,,49.0,,좋음,19.0
2025-09-22 12:00:00,24.3,,47.0,,좋음,16.0
2025-09-22 13:00:00,24.6,,47.0,,좋음,17.0
2025-09-22 14:00:00,24.9,,47.0,,좋음,13.0
2025-09-22 15:00:00,24.4,,51.0,,좋음,17.0
2025-09-22 16:00:00,24.6,,51.0,,좋음,16.0
2025-09-22 17:00:00,24.5,,52.0,,좋음,15.0
2025-09-22 18:00:00,24.0,,54.0,,좋음,17.0
2025-09-22 19:00:00,22.6,,63.0,,좋음,16.0
2025-09-22 20:00:00,21.9,,66.0,,좋음,17.0
2025-09-22 21:00:00,21.4,,68.0,,좋음,19.0
2025-09-22 22:00:00,21.1,,69.0,,좋음,20.0
2025-09-22 23:00:00,21.0,,71.0,,보통,37.0
2025-09-23 00:00:00,20.7,,73.0,,좋음,16.0
2025-09-23 01:00:00,20.5,,70.0,,좋음,15.0
2025-09-23 02:00:00,20.3,,73.0,,좋음,14.0
2025-09-23 03:00:00,20.1,,75.0,,좋음,13.0
2025-09-23 04:00:00,19.9,,71.0,,좋음,13.0
2025-09-23 05:00:00,19.6,,69.0,,좋음,15.0
2025-09-23 06:00:00,19.3,,68.0,,좋음,17.0
2025-09-23 07:00:00,19.2,,69.0,,좋음,19.0
2025-09-23 08:00:00,19.7,,69.0,,좋음,20.0
2025-09-23 09:00:00,20.8,,64.0,,좋음,19.0
2025-09-23 10:00:00,22.3,,57.0,,좋음,21.0
2025-09-23 11:00:00,23.4,,52.0,,좋음,21.0
2025-09-23 12:00:00,24.8,,41.0,,좋음,24.0
2025-09-23 13:00:00,25.7,,37.0,,좋음,22.0
2025-09-23 14:00:00,25.8,,40.0,,좋음,15.0
2025-09-23 15:00:00,26.2,,41.0,,좋음,19.0
2025-09-23 16:00:00,26.4,,40.0,,좋음,15.0
2025-09-23 17:00:00,25.4,,43.0,,좋음,13.0
2025-09-23 18:00:00,24.8,,45.0,,좋음,15.0
2025-09-23 19:00:00,24.4,,47.0,,좋음,18.0
2025-09-23 20:00:00,23.6,0.0,52.0,,좋음,17.0
2025-09-23 21:00:00,23.3,,58.0,,좋음,18.0
2025-09-23 22:00:00,23.2,0.0,58.0,,좋음,16.0
2025-09-23 23:00:00,22.9,0.0,59.0,,좋음,17.0
2025-09-24 00:00:00,22.4,,60.0,,좋음,13.0
2025-09-24 01:00:00,21.8,,62.0,,좋음,11.0
2025-09-24 02:00:00,21.5,,61.0,,좋음,10.0
2025-09-24 03:00:00,21.1,,63.0,,좋음,10.0
2025-09-24 04:00:00,20.4,,68.0,,좋음,9.0
2025-09-24 05:00:00,20.6,,69.0,,좋음,11.0
2025-09-24 06:00:00,20.4,,68.0,,좋음,12.0
2025-09-24 07:00:00,20.6,,70.0,,좋음,16.0
2025-09-24 08:00:00,21.4,,71.0,,좋음,15.0
2025-09-24 09:00:00,22.6,,70.0,,좋음,16.0
2025-09-24 10:00:00,23.1,,70.0,,좋음,17.0
2025-09-24 11:00:00,23.4,,71.0,,좋음,20.0
2025-09-24 12:00:00,23.5,0.6,79.0,,좋음,25.0
2025-09-24 13:00:00,22.9,0.8,83.0,,,
2025-09-24 14:00:00,22.1,22.9,93.0,,보통,35.0
2025-09-24 15:00:00,22.4,3.0,93.0,,,
2025-09-24 16:00:00,22.7,1.6,95.0,,좋음,26.0
2025-09-24 17:00:00,22.9,1.5,94.0,,좋음,22.0
2025-09-24 18:00:00,22.8,0.4,93.0,,좋음,19.0
2025-09-24 19:00:00,22.7,1.4,95.0,,좋음,22.0
2025-09-24 20:00:00,21.8,1.4,94.0,,좋음,14.0
2025-09-24 21:00:00,21.4,1.5,94.0,,좋음,7.0
2025-09-24 22:00:00,21.5,0.1,95.0,,좋음,8.0
2025-09-24 23:00:00,21.6,0.0,95.0,,좋음,8.0
2025-09-25 00:00:00,21.6,0.0,94.0,,좋음,7.0
2025-09-25 01:00:00,21.5,0.3,95.0,,좋음,10.0
2025-09-25 02:00:00,21.3,0.0,93.0,,좋음,9.0
2025-09-25 03:00:00,21.3,,92.0,,좋음,10.0
2025-09-25 04:00:00,21.2,0.0,93.0,,좋음,11.0
2025-09-25 05:00:00,20.8,,91.0,,좋음,12.0
2025-09-25 06:00:00,20.7,,90.0,,좋음,13.0
2025-09-25 07:00:00,20.7,,91.0,,좋음,13.0
2025-09-25 08:00:00,20.9,,91.0,,좋음,17.0
2025-09-25 09:00:00,21.5,,90.0,,좋음,16.0
2025-09-25 10:00:00,22.5,,85.0,,좋음,18.0
2025-09-25 11:00:00,23.1,,81.0,,좋음,22.0
2025-09-25 12:00:00,23.8,,77.0,,좋음,20.0
2025-09-25 13:00:00,24.7,,74.0,,좋음,18.0
2025-09-25 14:00:00,25.0,,67.0,,좋음,20.0
2025-09-25 15:00:00,25.7,,61.0,,좋음,24.0
2025-09-25 16:00:00,26.0,,59.0,,보통,32.0
2025-09-25 17:00:00,25.5,,56.0,,보통,39.0
2025-09-25 18:00:00,24.9,,61.0,,보통,33.0
2025-09-25 19:00:00,23.5,,70.0,,좋음,29.0
2025-09-25 20:00:00,22.5,,78.0,,좋음,23.0
2025-09-25 21:00:00,21.8,,80.0,,보통,33.0
2025-09-25 22:00:00,21.2,,84.0,,좋음,29.0
2025-09-25 23:00:00,20.7,,86.0,,좋음,27.0
2025-09-26 00:00:00,20.2,,89.0,,좋음,29.0
2025-09-26 01:00:00,19.9,,89.0,,보통,33.0
2025-09-26 02:00:00,19.6,,92.0,,보통,31.0
2025-09-26 03:00:00,19.1,,93.0,,좋음,28.0
2025-09-26 04:00:00,18.7,,92.0,,좋음,28.0
2025-09-26 05:00:00,18.4,,92.0,,좋음,29.0
2025-09-26 06:00:00,17.9,,94.0,,좋음,29.0
2025-09-26 07:00:00,17.8,,94.0,,좋음,30.0
2025-09-26 08:00:00,18.4,,95.0,,좋음,28.0
2025-09-26 09:00:00,19.3,,92.0,,보통,31.0
2025-09-26 10:00:00,20.0,,86.0,,보통,34.0
2025-09-26 11:00:00,21.5,,81.0,,보통,39.0
2025-09-26 12:00:00,22.9,,73.0,,보통,40.0
2025-09-26 13:00:00,24.4,,68.0,,보통,38.0
2025-09-26 14:00:00,25.4,,61.0,,보통,34.0
2025-09-26 15:00:00,26.7,,58.0,,보통,33.0
2025-09-26 16:00:00,26.8,,57.0,,보통,35.0
2025-09-26 17:00:00,26.4,,60.0,,보통,35.0
2025-09-26 18:00:00,24.8,,63.0,,보통,42.0
2025-09-26 19:00:00,23.5,,67.0,,보통,42.0
2025-09-26 20:00:00,22.8,,70.0,,보통,34.0
2025-09-26 21:00:00,22.2,,72.0,,보통,38.0
2025-09-26 22:00:00,21.5,,77.0,,보통,40.0
2025-09-26 23:00:00,20.8,,79.0,,보통,43.0
2025-09-27 00:00:00,20.3,,80.0,,보통,41.0
2025-09-27 01:00:00,19.7,,81.0,,보통,41.0
2025-09-27 02:00:00,19.2,,85.0,,보통,38.0
2025-09-27 03:00:00,18.6,,86.0,,보통,39.0
2025-09-27 04:00:00,18.2,,88.0,,보통,37.0
2025-09-27 05:00:00,18.0,,88.0,,보통,36.0
2025-09-27 06:00:00,17.7,,90.0,,보통,32.0
2025-09-27 07:00:00,17.8,,92.0,,보통,32.0
2025-09-27 08:00:00,18.9,,88.0,,좋음,30.0
2025-09-27 09:00:00,21.2,,76.0,,좋음,28.0
2025-09-27 10:00:00,23.0,,67.0,,좋음,25.0
2025-09-27 11:00:00,25.0,,64.0,,좋음,28.0
2025-09-27 12:00:00,26.1,,56.0,,좋음,25.0
2025-09-27 13:00:00,26.7,,57.0,,좋음,26.0
2025-09-27 14:00:00,26.7,,55.0,,좋음,27.0
2025-09-27 15:00:00,26.8,,56.0,,좋음,29.0
2025-09-27 16:00:00,26.4,,59.0,,좋음,27.0
2025-09-27 17:00:00,26.2,,58.0,,좋음,28.0
2025-09-27 18:00:00,25.5,,61.0,,보통,31.0
2025-09-27 19:00:00,24.3,,64.0,,좋음,29.0
2025-09-27 20:00:00,23.1,,67.0,,좋음,28.0
2025-09-27 21:00:00,22.4,,71.0,,좋음,29.0
2025-09-27 22:00:00,21.9,,72.0,,보통,32.0
2025-09-27 23:00:00,21.6,,73.0,,보통,32.0
2025-09-28 00:00:00,21.6,,73.0,,보통,31.0
2025-09-28 01:00:00,21.5,,75.0,,보통,34.0
2025-09-28 02:00:00,21.5,,76.0,,보통,31.0
2025-09-28 03:00:00,21.4,,78.0,,보통,33.0
2025-09-28 04:00:00,21.3,,82.0,,좋음,29.0
2025-09-28 05:00:00,21.1,0.7,90.0,,보통,32.0
2025-09-28 06:00:00,20.3,1.2,93.0,,좋음,30.0
2025-09-28 07:00:00,20.1,4.6,93.0,,좋음,20.0
2025-09-28 08:00:00,19.1,9.8,93.0,,좋음,18.0
2025-09-28 09:00:00,19.2,6.8,95.0,,좋음,14.0
2025-09-28 10:00:00,18.4,13.0,95.0,,좋음,12.0
2025-09-28 11:00:00,18.7,6.7,95.0,,좋음,11.0
2025-09-28 12:00:00,19.0,1.7,94.0,,좋음,12.0
2025-09-28 13:00:00,19.6,0.0,91.0,,좋음,12.0
2025-09-28 14:00:00,21.4,,88.0,,좋음,10.0
2025-09-28 15:00:00,21.1,,79.0,,좋음,13.0
2025-09-28 16:00:00,21.2,,78.0,,좋음,15.0
2025-09-28 17:00:00,20.9,,81.0,,좋음,10.0
2025-09-28 18:00:00,20.6,,80.0,,좋음,12.0
2025-09-28 19:00:00,20.2,,80.0,,좋음,15.0
2025-09-28 20:00:00,19.8,,80.0,,좋음,17.0
2025-09-28 21:00:00,19.7,,83.0,,좋음,17.0
2025-09-28 22:00:00,19.6,,83.0,,좋음,18.0
2025-09-28 23:00:00,19.4,,83.0,,좋음,21.0
2025-09-29 00:00:00,18.9,,83.0,,좋음,23.0
2025-09-29 01:00:00,18.4,,86.0,,좋음,26.0
2025-09-29 02:00:00,18.0,,87.0,,좋음,29.0
2025-09-29 03:00:00,17.6,,90.0,,보통,34.0
2025-09-29 04:00:00,17.3,,90.0,,보통,32.0
2025-09-29 05:00:00,17.0,,90.0,,보통,33.0
2025-09-29 06:00:00,16.7,,91.0,,보통,32.0
2025-09-29 07:00:00,16.6,,92.0,,보통,31.0
2025-09-29 08:00:00,17.2,,91.0,,보통,32.0
2025-09-29 09:00:00,17.7,,87.0,,보통,42.0
2025-09-29 10:00:00,20.0,,79.0,,보통,36.0
2025-09-29 11:00:00,20.9,,71.0,,좋음,30.0
2025-09-29 12:00:00,20.9,,72.0,,보통,31.0
2025-09-29 13:00:00,22.2,,68.0,,좋음,30.0
2025-09-29 14:00:00,22.9,,61.0,,좋음,30.0
2025-09-29 15:00:00,23.7,,57.0,,좋음,30.0
2025-09-29 16:00:00,23.4,,59.0,,보통,31.0
2025-09-29 17:00:00,23.8,,57.0,,보통,33.0
2025-09-29 18:00:00,22.5,,64.0,,보통,31.0
2025-09-29 19:00:00,20.9,,71.0,,좋음,26.0
2025-09-29 20:00:00,20.3,,73.0,,좋음,27.0
2025-09-29 21:00:00,19.7,,77.0,,좋음,30.0
2025-09-29 22:00:00,19.1,,81.0,,보통,33.0
2025-09-29 23:00:00,18.5,,82.0,,보통,32.0
2025-09-30 00:00:00,18.2,,84.0,,보통,33.0
2025-09-30 01:00:00,17.9,,85.0,,보통,36.0
2025-09-30 02:00:00,17.7,,87.0,,보통,32.0
2025-09-30 03:00:00,17.7,,89.0,,보통,33.0
2025-09-30 04:00:00,17.7,,89.0,,보통,32.0
2025-09-30 05:00:00,17.7,,90.0,,보통,37.0
2025-09-30 06:00:00,17.5,,90.0,,보통,36.0
2025-09-30 07:00:00,17.3,,91.0,,보통,38.0
2025-09-30 08:00:00,17.7,,91.0,,보통,39.0
2025-09-30 09:00:00,18.6,,89.0,,보통,42.0
2025-09-30 10:00:00,19.3,,86.0,,,
2025-09-30 11:00:00,19.9,,83.0,,,
2025-09-30 12:00:00,20.8,,80.0,,,
2025-09-30 13:00:00,21.7,,74.0,,,
2025-09-30 14:00:00,23.7,,69.0,,,
2025-09-30 15:00:00,23.3,,63.0,,,
2025-09-30 16:00:00,23.2,,64.0,,,
2025-09-30 17:00:00,22.8,,64.0,,,
2025-09-30 18:00:00,22.1,,69.0,,보통,41.0
2025-09-30 19:00:00,21.0,,73.0,,보통,37.0
2025-09-30 20:00:00,20.2,,77.0,,보통,35.0
2025-09-30 21:00:00,19.8,,82.0,,보통,37.0
2025-09-30 22:00:00,19.3,,83.0,,보통,40.0
2025-09-30 23:00:00,18.8,,85.0,,보통,39.0
2025-10-01 00:00:00,18.6,,88.0,,보통,42.0
2025-10-01 01:00:00,18.0,,88.0,,보통,40.0
2025-10-01 02:00:00,17.7,,90.0,,보통,41.0
2025-10-01 03:00:00,17.6,,91.0,,보통,41.0
2025-10-01 04:00:00,17.6,,92.0,,보통,33.0
2025-10-01 05:00:00,17.3,,93.0,,보통,33.0
2025-10-01 06:00:00,16.8,,92.0,,보통,33.0
2025-10-01 07:00:00,16.7,,95.0,,보통,34.0
2025-10-01 08:00:00,17.5,,95.0,,보통,38.0
2025-10-01 09:00:00,19.5,,90.0,,보통,40.0
2025-10-01 10:00:00,21.0,,81.0,,보통,36.0
2025-10-01 11:00:00,22.0,,76.0,,보통,33.0
2025-10-01 12:00:00,22.8,,70.0,,보통,34.0
2025-10-01 13:00:00,24.1,,63.0,,보통,36.0
2025-10-01 14:00:00,25.2,,60.0,,보통,37.0
2025-10-01 15:00:00,25.6,,55.0,,보통,36.0
2025-10-01 16:00:00,24.5,,62.0,,보통,32.0
2025-10-01 17:00:00,23.4,,67.0,,보통,37.0
2025-10-01 18:00:00,22.5,,72.0,,좋음,27.0
2025-10-01 19:00:00,21.7,,66.0,,좋음,23.0
2025-10-01 20:00:00,21.1,,72.0,,좋음,21.0
2025-10-01 21:00:00,20.4,,73.0,,좋음,19.0
2025-10-01 22:00:00,19.7,,78.0,,좋음,24.0
2025-10-01 23:00:00,19.1,,82.0,,좋음,26.0
2025-10-02 00:00:00,18.6,,82.0,,좋음,27.0
2025-10-02 01:00:00,18.3,,85.0,,좋음,25.0
2025-10-02 02:00:00,18.2,,86.0,,좋음,24.0
2025-10-02 03:00:00,18.0,,87.0,,좋음,25.0
2025-10-02 04:00:00,17.8,,88.0,,좋음,24.0
2025-10-02 05:00:00,17.6,,88.0,,좋음,28.0
2025-10-02 06:00:00,17.4,,88.0,,좋음,28.0
2025-10-02 07:00:00,17.3,,90.0,,좋음,29.0
2025-10-02 08:00:00,17.9,,90.0,,보통,32.0
2025-10-02 09:00:00,19.7,,85.0,,보통,32.0
2025-10-02 10:00:00,21.4,,77.0,,보통,35.0
2025-10-02 11:00:00,22.9,,68.0,,보통,32.0
2025-10-02 12:00:00,24.2,,59.0,,좋음,27.0
2025-10-02 13:00:00,25.7,,59.0,,좋음,26.0
2025-10-02 14:00:00,25.7,,58.0,,보통,31.0
2025-10-02 15:00:00,25.4,,59.0,,보통,33.0
2025-10-02 16:00:00,25.4,,57.0,,좋음,29.0
2025-10-02 17:00:00,24.3,,60.0,,좋음,30.0
2025-10-02 18:00:00,23.5,,63.0,,보통,31.0
2025-10-02 19:00:00,22.7,,69.0,,보통,33.0
2025-10-02 20:00:00,22.1,,72.0,,보통,41.0
2025-10-02 21:00:00,21.7,,75.0,,보통,48.0
2025-10-02 22:00:00,21.5,,77.0,,보통,46.0
2025-10-02 23:00:00,21.2,,78.0,,보통,44.0
2025-10-03 00:00:00,21.1,,80.0,,보통,43.0
2025-10-03 01:00:00,20.9,,79.0,,보통,38.0
2025-10-03 02:00:00,20.9,,81.0,,보통,35.0
2025-10-03 03:00:00,20.8,,80.0,,보통,38.0
2025-10-03 04:00:00,20.6,0.2,82.0,,보통,34.0
2025-10-03 05:00:00,20.3,0.1,85.0,,보통,34.0
2025-10-03 06:00:00,19.9,0.0,88.0,,보통,33.0
2025-10-03 07:00:00,19.8,0.0,87.0,,보통,35.0
2025-10-03 08:00:00,19.9,0.0,80.0,,보통,34.0
2025-10-03 09:00:00,20.0,0.1,83.0,,보통,35.0
2025-10-03 10:00:00,20.2,0.1,83.0,,보통,35.0
2025-10-03 11:00:00,20.4,0.2,78.0,,보통,35.0
2025-10-03 12:00:00,21.8,,70.0,,보통,31.0
2025-10-03 13:00:00,22.0,0.0,70.0,,좋음,30.0
2025-10-03 14:00:00,22.1,0.1,69.0,,좋음,29.0
2025-10-03 15:00:00,22.3,0.0,70.0,,좋음,26.0
2025-10-03 16:00:00,22.0,0.0,76.0,,좋음,27.0
2025-10-03 17:00:00,22.0,,74.0,,좋음,23.0
2025-10-03 18:00:00,21.9,,72.0,,좋음,24.0
2025-10-03 19:00:00,21.7,,71.0,,좋음,20.0
2025-10-03 20:00:00,21.7,,68.0,,좋음,18.0
2025-10-03 21:00:00,21.5,,74.0,,좋음,14.0
2025-10-03 22:00:00,21.5,,69.0,,좋음,15.0
2025-10-03 23:00:00,21.2,,67.0,,좋음,15.0
2025-10-04 00:00:00,21.2,,67.0,,좋음,14.0
2025-10-04 01:00:00,21.1,,68.0,,좋음,15.0
2025-10-04 02:00:00,21.0,,69.0,,좋음,14.0
2025-10-04 03:00:00,21.0,,69.0,,좋음,13.0
2025-10-04 04:00:00,21.1,,72.0,,좋음,13.0
2025-10-04 05:00:00,21.1,,70.0,,좋음,13.0
2025-10-04 06:00:00,21.0,,70.0,,좋음,12.0
2025-10-04 07:00:00,21.0,,73.0,,좋음,13.0
2025-10-04 08:00:00,21.5,,73.0,,좋음,16.0
2025-10-04 09:00:00,21.7,0.0,74.0,,좋음,17.0
2025-10-04 10:00:00,22.1,0.0,74.0,,좋음,17.0
2025-10-04 11:00:00,22.6,,74.0,,좋음,18.0
2025-10-04 12:00:00,22.9,0.0,77.0,,좋음,17.0
2025-10-04 13:00:00,23.6,0.0,77.0,,좋음,19.0
2025-10-04 14:00:00,24.9,,71.0,,좋음,14.0
2025-10-04 15:00:00,24.9,,71.0,,좋음,13.0
2025-10-04 16:00:00,24.5,,72.0,,좋음,12.0
2025-10-04 17:00:00,24.1,,74.0,,좋음,16.0
2025-10-04 18:00:00,23.7,,75.0,,좋음,12.0
2025-10-04 19:00:00,23.5,,75.0,,좋음,14.0
2025-10-04 20:00:00,23.3,,78.0,,좋음,13.0
2025-10-04 21:00:00,22.9,0.0,79.0,,좋음,13.0
2025-10-04 22:00:00,22.5,,81.0,,좋음,12.0
2025-10-04 23:00:00,22.2,,82.0,,좋음,11.0
2025-10-05 00:00:00,22.2,0.0,82.0,,좋음,11.0
2025-10-05 01:00:00,22.2,0.0,83.0,,좋음,9.0
2025-10-05 02:00:00,22.1,,83.0,,좋음,8.0
2025-10-05 03:00:00,22.0,,84.0,,좋음,9.0
2025-10-05 04:00:00,21.9,,85.0,,좋음,10.0
2025-10-05 05:00:00,21.7,,85.0,,좋음,11.0
2025-10-05 06:00:00,21.7,,86.0,,좋음,12.0
2025-10-05 07:00:00,21.6,,85.0,,좋음,16.0
2025-10-05 08:00:00,21.7,,86.0,,좋음,13.0
2025-10-05 09:00:00,21.9,,85.0,,좋음,12.0
2025-10-05 10:00:00,21.7,0.6,91.0,,좋음,15.0
2025-10-05 11:00:00,21.3,10.4,94.0,,좋음,14.0
2025-10-05 12:00:00,21.3,6.3,94.0,,좋음,13.0
2025-10-05 13:00:00,21.8,0.0,92.0,,좋음,17.0
2025-10-05 14:00:00,21.5,0.3,93.0,,좋음,12.0
2025-10-05 15:00:00,21.4,0.4,92.0,,좋음,11.0
2025-10-05 16:00:00,21.8,0.0,93.0,,좋음,10.0
2025-10-05 17:00:00,21.6,,91.0,,좋음,10.0
2025-10-05 18:00:00,21.3,,90.0,,좋음,10.0
2025-10-05 19:00:00,20.9,,91.0,,좋음,10.0
2025-10-05 20:00:00,20.7,,92.0,,좋음,13.0
2025-10-05 21:00:00,20.8,,93.0,,좋음,17.0
2025-10-05 22:00:00,20.9,0.0,91.0,,좋음,12.0
2025-10-05 23:00:00,20.7,0.1,93.0,,좋음,13.0
2025-10-06 00:00:00,20.7,0.0,93.0,,좋음,11.0
2025-10-06 01:00:00,20.6,,92.0,,좋음,10.0
2025-10-06 02:00:00,20.6,,92.0,,좋음,10.0
2025-10-06 03:00:00,20.6,,91.0,,좋음,11.0
2025-10-06 04:00:00,20.5,0.0,90.0,,좋음,9.0
2025-10-06 05:00:00,20.3,0.0,91.0,,좋음,8.0
2025-10-06 06:00:00,20.1,0.0,89.0,,좋음,10.0
2025-10-06 07:00:00,20.1,0.0,90.0,,좋음,9.0
2025-10-06 08:00:00,19.7,0.3,95.0,,좋음,9.0
2025-10-06 09:00:00,18.7,3.9,95.0,,좋음,8.0
2025-10-06 10:00:00,17.7,1.3,93.0,,좋음,5.0
2025-10-06 11:00:00,17.8,0.1,91.0,,좋음,7.0
2025-10-06 12:00:00,17.8,0.0,87.0,,좋음,8.0
2025-10-06 13:00:00,17.6,0.1,89.0,,좋음,9.0
2025-10-06 14:00:00,17.5,0.3,93.0,,좋음,8.0
2025-10-06 15:00:00,17.0,0.8,94.0,,좋음,9.0
2025-10-06 16:00:00,16.5,1.1,96.0,,좋음,7.0
2025-10-06 17:00:00,16.2,1.4,97.0,,좋음,7.0
2025-10-06 18:00:00,15.9,2.1,97.0,,좋음,5.0
2025-10-06 19:00:00,15.6,5.9,98.0,,좋음,5.0
2025-10-06 20:00:00,15.5,3.0,97.0,,좋음,5.0
2025-10-06 21:00:00,15.4,3.0,98.0,,좋음,5.0
2025-10-06 22:00:00,15.4,1.7,98.0,,좋음,5.0
2025-10-06 23:00:00,15.4,4.1,99.0,,좋음,5.0
2025-10-07 00:00:00,15.5,7.7,99.0,,좋음,5.0
2025-10-07 01:00:00,15.8,1.5,99.0,,좋음,5.0
2025-10-07 02:00:00,16.1,1.6,99.0,,좋음,5.0
2025-10-07 03:00:00,16.2,0.4,98.0,,좋음,5.0
2025-10-07 04:00:00,16.5,0.2,96.0,,좋음,5.0
2025-10-07 05:00:00,16.7,0.2,97.0,,좋음,5.0
2025-10-07 06:00:00,16.7,0.7,98.0,,좋음,5.0
2025-10-07 07:00:00,16.9,0.4,96.0,,좋음,5.0
2025-10-07 08:00:00,17.0,0.6,98.0,,좋음,5.0
2025-10-07 09:00:00,17.5,0.0,96.0,,좋음,5.0
2025-10-07 10:00:00,18.2,0.0,94.0,,좋음,5.0
2025-10-07 11:00:00,18.7,0.0,91.0,,좋음,5.0
2025-10-07 12:00:00,19.4,0.0,90.0,,좋음,5.0
2025-10-07 13:00:00,19.7,0.0,89.0,,좋음,8.0
2025-10-07 14:00:00,19.7,0.0,87.0,,좋음,6.0
2025-10-07 15:00:00,19.5,0.1,93.0,,좋음,6.0
2025-10-07 16:00:00,19.6,0.0,93.0,,좋음,5.0
2025-10-07 17:00:00,19.4,0.2,94.0,,좋음,7.0
2025-10-07 18:00:00,19.3,0.8,94.0,,좋음,6.0
2025-10-07 19:00:00,19.1,0.1,95.0,,좋음,9.0
2025-10-07 20:00:00,18.9,0.0,95.0,,좋음,7.0
2025-10-07 21:00:00,18.8,0.0,96.0,,좋음,6.0
2025-10-07 22:00:00,18.8,0.1,95.0,,좋음,7.0
2025-10-07 23:00:00,18.7,0.2,95.0,,좋음,8.0
2025-10-08 00:00:00,18.5,0.0,94.0,,좋음,6.0
2025-10-08 01:00:00,18.4,,93.0,,좋음,6.0
2025-10-08 02:00:00,18.5,,94.0,,좋음,6.0
2025-10-08 03:00:00,18.4,,95.0,,좋음,7.0
2025-10-08 04:00:00,18.3,0.0,94.0,,좋음,6.0
2025-10-08 05:00:00,18.1,0.0,93.0,,좋음,6.0
2025-10-08 06:00:00,17.9,,94.0,,좋음,7.0
2025-10-08 07:00:00,17.2,,93.0,,좋음,9.0
2025-10-08 08:00:00,17.5,,94.0,,좋음,9.0
2025-10-08 09:00:00,19.8,,89.0,,좋음,10.0
2025-10-08 10:00:00,22.0,,80.0,,좋음,9.0
2025-10-08 11:00:00,23.7,,74.0,,좋음,7.0
2025-10-08 12:00:00,24.7,,70.0,,좋음,6.0
2025-10-08 13:00:00,26.0,,58.0,,좋음,6.0
2025-10-08 14:00:00,26.9,,54.0,,좋음,8.0
2025-10-08 15:00:00,27.5,,47.0,,좋음,12.0
2025-10-08 16:00:00,27.7,,44.0,,좋음,12.0
2025-10-08 17:00:00,26.4,,49.0,,좋음,15.0
2025-10-08 18:00:00,24.5,,53.0,,좋음,16.0
2025-10-08 19:00:00,23.1,,59.0,,좋음,21.0
2025-10-08 20:00:00,22.1,,65.0,,좋음,23.0
2025-10-08 21:00:00,21.7,,66.0,,좋음,28.0
2025-10-08 22:00:00,21.2,,69.0,,보통,34.0
2025-10-08 23:00:00,21.0,,70.0,,보통,38.0
2025-10-09 00:00:00,20.7,,68.0,,보통,36.0
2025-10-09 01:00:00,20.5,,69.0,,보통,33.0
2025-10-09 02:00:00,20.4,,71.0,,좋음,26.0
2025-10-09 03:00:00,20.4,,64.0,,좋음,20.0
2025-10-09 04:00:00,20.2,,64.0,,좋음,14.0
2025-10-09 05:00:00,20.0,,61.0,,좋음,17.0
2025-10-09 06:00:00,19.8,,60.0,,좋음,15.0
2025-10-09 07:00:00,19.8,,61.0,,좋음,17.0
2025-10-09 08:00:00,19.9,,66.0,,좋음,18.0
2025-10-09 09:00:00,20.2,,69.0,,좋음,17.0
2025-10-09 10:00:00,20.8,,69.0,,좋음,18.0
2025-10-09 11:00:00,21.3,,66.0,,좋음,18.0
2025-10-09 12:00:00,22.3,,65.0,,좋음,15.0
2025-10-09 13:00:00,22.5,,64.0,,좋음,15.0
2025-10-09 14:00:00,22.3,,66.0,,좋음,12.0
2025-10-09 15:00:00,21.7,0.0,65.0,,좋음,13.0
2025-10-09 16:00:00,20.8,0.0,69.0,,좋음,10.0
2025-10-09 17:00:00,20.5,0.0,68.0,,좋음,9.0
2025-10-09 18:00:00,20.0,0.0,69.0,,좋음,8.0
2025-10-09 19:00:00,19.6,0.0,71.0,,좋음,8.0
2025-10-09 20:00:00,19.2,0.0,71.0,,좋음,9.0
2025-10-09 21:00:00,18.7,0.0,75.0,,좋음,11.0
2025-10-09 22:00:00,18.0,0.0,79.0,,좋음,9.0
2025-10-09 23:00:00,17.4,0.0,85.0,,좋음,11.0
2025-10-10 00:00:00,16.9,0.0,90.0,,좋음,10.0
2025-10-10 01:00:00,16.5,0.5,94.0,,좋음,9.0
2025-10-10 02:00:00,16.1,1.6,96.0,,좋음,7.0
2025-10-10 03:00:00,16.1,1.3,96.0,,좋음,9.0
2025-10-10 04:00:00,16.1,0.6,95.0,,좋음,7.0
2025-10-10 05:00:00,16.1,0.7,97.0,,좋음,12.0
2025-10-10 06:00:00,16.2,1.0,98.0,,좋음,13.0
2025-10-10 07:00:00,16.3,0.9,98.0,,좋음,12.0
2025-10-10 08:00:00,16.4,0.3,98.0,,좋음,15.0
2025-10-10 09:00:00,16.6,0.0,98.0,,좋음,16.0
2025-10-10 10:00:00,16.8,1.0,98.0,,좋음,24.0
2025-10-10 11:00:00,17.3,1.4,98.0,,좋음,21.0
2025-10-10 12:00:00,17.5,0.3,98.0,,좋음,20.0
2025-10-10 13:00:00,17.6,1.2,98.0,,좋음,19.0
2025-10-10 14:00:00,17.7,1.0,98.0,,좋음,17.0
2025-10-10 15:00:00,17.6,0.9,96.0,,좋음,15.0
2025-10-10 16:00:00,17.5,1.5,98.0,,좋음,12.0
2025-10-10 17:00:00,17.4,2.0,99.0,,좋음,12.0
2025-10-10 18:00:00,17.3,5.6,99.0,,좋음,7.0
2025-10-10 19:00:00,17.2,4.3,99.0,,좋음,6.0
2025-10-10 20:00:00,17.3,6.9,99.0,,좋음,6.0
2025-10-10 21:00:00,17.3,4.6,100.0,,좋음,7.0
2025-10-10 22:00:00,17.3,5.3,99.0,,좋음,6.0
2025-10-10 23:00:00,17.3,4.6,100.0,,좋음,5.0
2025-10-11 00:00:00,17.3,1.8,100.0,,좋음,5.0
2025-10-11 01:00:00,17.3,1.6,100.0,,좋음,5.0
2025-10-11 02:00:00,17.3,4.6,100.0,,좋음,5.0
2025-10-11 03:00:00,17.4,1.6,100.0,,좋음,6.0
2025-10-11 04:00:00,17.4,1.9,100.0,,좋음,6.0
2025-10-11 05:00:00,17.5,2.1,99.0,,좋음,11.0
2025-10-11 06:00:00,17.7,1.2,99.0,,좋음,12.0
2025-10-11 07:00:00,17.9,1.0,100.0,,좋음,18.0
2025-10-11 08:00:00,18.1,1.5,100.0,,좋음,20.0
2025-10-11 09:00:00,18.4,0.6,98.0,,좋음,21.0
2025-10-11 10:00:00,19.1,0.0,100.0,,좋음,24.0
2025-10-11 11:00:00,20.3,0.0,98.0,,좋음,27.0
2025-10-11 12:00:00,21.1,0.0,95.0,,좋음,30.0
2025-10-11 13:00:00,22.6,,90.0,,보통,32.0
2025-10-11 14:00:00,23.7,,77.0,,좋음,26.0
2025-10-11 15:00:00,23.7,,74.0,,좋음,25.0
2025-10-11 16:00:00,23.6,,78.0,,좋음,21.0
2025-10-11 17:00:00,23.3,,81.0,,좋음,25.0
2025-10-11 18:00:00,22.6,0.7,91.0,,좋음,25.0
2025-10-11 19:00:00,22.2,0.8,96.0,,좋음,24.0
2025-10-11 20:00:00,22.1,3.5,97.0,,좋음,18.0
2025-10-11 21:00:00,21.4,0.2,94.0,,좋음,15.0
2025-10-11 22:00:00,20.8,0.2,96.0,,좋음,7.0
2025-10-11 23:00:00,19.9,1.0,93.0,,좋음,6.0
2025-10-12 00:00:00,19.7,0.0,94.0,,좋음,6.0
2025-10-12 01:00:00,19.3,,95.0,,좋음,10.0
2025-10-12 02:00:00,18.7,,95.0,,좋음,6.0
2025-10-12 03:00:00,17.8,,95.0,,좋음,5.0
2025-10-12 04:00:00,17.7,,96.0,,좋음,5.0
2025-10-12 05:00:00,17.6,,95.0,,좋음,5.0
2025-10-12 06:00:00,17.7,,94.0,,좋음,5.0
2025-10-12 07:00:00,17.6,0.0,95.0,,좋음,5.0
2025-10-12 08:00:00,17.6,0.1,95.0,,좋음,5.0
2025-10-12 09:00:00,17.9,0.0,94.0,,좋음,9.0
2025-10-12 10:00:00,18.9,,93.0,,좋음,13.0
2025-10-12 11:00:00,20.3,,87.0,,좋음,19.0
2025-10-12 12:00:00,20.9,,84.0,,좋음,14.0
2025-10-12 13:00:00,21.3,,82.0,,좋음,10.0
2025-10-12 14:00:00,21.2,,76.0,,좋음,9.0
2025-10-12 15:00:00,20.5,,74.0,,좋음,7.0
2025-10-12 16:00:00,20.5,,73.0,,좋음,7.0
2025-10-12 17:00:00,19.9,,74.0,,좋음,7.0
2025-10-12 18:00:00,19.5,,76.0,,좋음,7.0
2025-10-12 19:00:00,19.2,0.0,78.0,,좋음,8.0
2025-10-12 20:00:00,19.0,0.0,78.0,,좋음,7.0
2025-10-12 21:00:00,19.0,,77.0,,좋음,8.0
2025-10-12 22:00:00,18.9,,79.0,,좋음,7.0
2025-10-12 23:00:00,18.8,,79.0,,좋음,5.0
2025-10-13 00:00:00,18.3,0.0,83.0,,좋음,5.0
2025-10-13 01:00:00,17.8,0.0,86.0,,좋음,7.0
2025-10-13 02:00:00,17.2,0.1,94.0,,좋음,5.0
2025-10-13 03:00:00,16.9,0.1,94.0,,좋음,5.0
2025-10-13 04:00:00,16.8,0.0,93.0,,좋음,5.0
2025-10-13 05:00:00,16.8,2.7,96.0,,좋음,5.0
2025-10-13 06:00:00,16.7,3.4,98.0,,좋음,5.0
2025-10-13 07:00:00,16.4,2.1,97.0,,좋음,5.0
2025-10-13 08:00:00,16.4,2.1,97.0,,좋음,6.0
2025-10-13 09:00:00,16.5,0.0,95.0,,좋음,9.0
2025-10-13 10:00:00,16.5,,91.0,,좋음,9.0
2025-10-13 11:00:00,16.8,,89.0,,좋음,10.0
2025-10-13 12:00:00,16.9,,88.0,,좋음,11.0
2025-10-13 13:00:00,16.4,0.7,93.0,,좋음,13.0
2025-10-13 14:00:00,16.1,0.0,94.0,,,
2025-10-13 15:00:00,15.9,2.2,97.0,,,
2025-10-13 16:00:00,15.5,0.9,97.0,,,
2025-10-13 17:00:00,15.0,2.5,96.0,,,
2025-10-13 18:00:00,14.4,4.2,97.0,,,
2025-10-13 19:00:00,14.1,3.0,97.0,,,
2025-10-13 20:00:00,13.9,0.8,97.0,,,
2025-10-13 21:00:00,14.0,0.3,96.0,,,
2025-10-13 22:00:00,14.0,0.0,96.0,,,
2025-10-13 23:00:00,14.2,,94.0,,,
2025-10-14 00:00:00,14.4,,90.0,,,
2025-10-14 01:00:00,14.6,,89.0,,,
2025-10-14 02:00:00,14.8,,89.0,,,
2025-10-14 03:00:00,15.0,0.0,89.0,,,
2025-10-14 04:00:00,14.7,0.0,94.0,,,
2025-10-14 05:00:00,14.6,0.3,97.0,,,
2025-10-14 06:00:00,14.6,0.1,96.0,,,
2025-10-14 07:00:00,14.7,0.2,95.0,,,
2025-10-14 08:00:00,15.1,0.0,93.0,,,
2025-10-14 09:00:00,16.0,0.0,91.0,,,
2025-10-14 10:00:00,17.1,,84.0,,,
2025-10-14 11:00:00,18.5,,79.0,,,
2025-10-14 12:00:00,19.9,,71.0,,,
2025-10-14 13:00:00,20.5,,70.0,,,
2025-10-14 14:00:00,20.8,,70.0,,,
2025-10-14 15:00:00,20.6,,69.0,,,
2025-10-14 16:00:00,20.8,,68.0,,,
2025-10-14 17:00:00,20.4,,71.0,,좋음,11.0
2025-10-14 18:00:00,19.9,,71.0,,좋음,9.0
2025-10-14 19:00:00,19.5,0.0,74.0,,좋음,7.0
2025-10-14 20:00:00,19.2,,75.0,,좋음,8.0
2025-10-14 21:00:00,18.8,,76.0,,좋음,9.0
2025-10-14 22:00:00,18.8,,75.0,,좋음,9.0
2025-10-14 23:00:00,18.5,,77.0,,좋음,9.0
2025-10-15 00:00:00,18.0,,79.0,,좋음,7.0
2025-10-15 01:00:00,17.9,,77.0,,좋음,7.0
2025-10-15 02:00:00,17.3,,79.0,,좋음,6.0
2025-10-15 03:00:00,16.9,,80.0,,좋음,7.0
2025-10-15 04:00:00,16.7,,82.0,,좋음,5.0
2025-10-15 05:00:00,16.4,,85.0,,좋음,8.0
2025-10-15 06:00:00,16.3,,84.0,,좋음,9.0
2025-10-15 07:00:00,16.5,,84.0,,좋음,10.0
2025-10-15 08:00:00,17.3,,82.0,,좋음,11.0
2025-10-15 09:00:00,18.9,,75.0,,좋음,15.0
2025-10-15 10:00:00,21.1,,69.0,,좋음,14.0
2025-10-15 11:00:00,22.6,,63.0,,좋음,15.0
2025-10-15 12:00:00,23.4,,59.0,,좋음,11.0
2025-10-15 13:00:00,24.9,,56.0,,좋음,14.0
2025-10-15 14:00:00,25.2,,56.0,,좋음,12.0
2025-10-15 15:00:00,24.4,,60.0,,좋음,15.0
2025-10-15 16:00:00,23.9,,62.0,,좋음,15.0
2025-10-15 17:00:00,23.4,,62.0,,좋음,15.0
2025-10-15 18:00:00,22.9,0.0,65.0,,좋음,17.0
2025-10-15 19:00:00,21.9,0.2,73.0,,좋음,18.0
2025-10-15 20:00:00,20.4,0.0,79.0,,좋음,16.0
2025-10-15 21:00:00,20.0,0.0,84.0,,좋음,15.0
2025-10-15 22:00:00,19.8,0.0,82.0,,좋음,14.0
2025-10-15 23:00:00,19.6,0.2,86.0,,좋음,13.0
2025-10-16 00:00:00,18.8,1.1,91.0,,좋음,11.0
2025-10-16 01:00:00,18.5,0.6,92.0,,좋음,13.0
2025-10-16 02:00:00,18.0,0.5,92.0,,좋음,9.0
2025-10-16 03:00:00,17.6,0.2,92.0,,좋음,8.0
2025-10-16 04:00:00,17.3,0.0,91.0,,좋음,5.0
2025-10-16 05:00:00,17.4,,89.0,,좋음,5.0
2025-10-16 06:00:00,17.3,,89.0,,좋음,8.0
2025-10-16 07:00:00,17.1,,90.0,,좋음,10.0
2025-10-16 08:00:00,17.1,,89.0,,좋음,11.0
2025-10-16 09:00:00,19.1,,82.0,,좋음,15.0
2025-10-16 10:00:00,20.4,,76.0,,좋음,20.0
2025-10-16 11:00:00,22.4,,67.0,,좋음,18.0
2025-10-16 12:00:00,23.7,,66.0,,좋음,16.0
2025-10-16 13:00:00,23.3,,65.0,,좋음,15.0
2025-10-16 14:00:00,24.0,,62.0,,좋음,13.0
2025-10-16 15:00:00,24.4,,62.0,,좋음,17.0
2025-10-16 16:00:00,24.7,,62.0,,좋음,13.0
2025-10-16 17:00:00,23.2,,65.0,,좋음,15.0
2025-10-16 18:00:00,21.9,,68.0,,좋음,11.0
2025-10-16 19:00:00,20.9,,72.0,,좋음,9.0
2025-10-16 20:00:00,20.2,,71.0,,좋음,9.0
2025-10-16 21:00:00,19.7,,71.0,,좋음,7.0
2025-10-16 22:00:00,19.2,,71.0,,좋음,6.0
2025-10-16 23:00:00,18.6,,72.0,,좋음,6.0
2025-10-17 00:00:00,18.1,,72.0,,좋음,6.0
2025-10-17 01:00:00,17.7,,74.0,,좋음,6.0
2025-10-17 02:00:00,17.5,,74.0,,좋음,5.0
2025-10-17 03:00:00,17.1,,77.0,,좋음,6.0
2025-10-17 04:00:00,16.7,,77.0,,좋음,6.0
2025-10-17 05:00:00,16.1,,79.0,,좋음,7.0
2025-10-17 06:00:00,15.6,,82.0,,좋음,11.0
2025-10-17 07:00:00,15.7,,83.0,,좋음,16.0
2025-10-17 08:00:00,16.6,,81.0,,좋음,12.0
2025-10-17 09:00:00,18.5,,74.0,,좋음,15.0
2025-10-17 10:00:00,19.7,,70.0,,좋음,16.0
2025-10-17 11:00:00,22.1,,65.0,,좋음,17.0
2025-10-17 12:00:00,23.5,,59.0,,좋음,16.0
2025-10-17 13:00:00,24.4,,56.0,,좋음,17.0
2025-10-17 14:00:00,24.4,,55.0,,좋음,17.0
2025-10-17 15:00:00,24.0,,58.0,,좋음,17.0
2025-10-17 16:00:00,23.3,0.0,60.0,,좋음,18.0
2025-10-17 17:00:00,22.9,0.0,63.0,,좋음,23.0
2025-10-17 18:00:00,22.2,0.0,69.0,,좋음,20.0
2025-10-17 19:00:00,20.7,0.4,80.0,,좋음,20.0
2025-10-17 20:00:00,19.9,0.2,84.0,,좋음,21.0
2025-10-17 21:00:00,19.4,1.0,87.0,,좋음,21.0
2025-10-17 22:00:00,19.0,5.3,91.0,,좋음,18.0
2025-10-17 23:00:00,18.7,3.8,91.0,,좋음,20.0
2025-10-18 00:00:00,18.6,0.6,92.0,,,
2025-10-18 01:00:00,18.3,1.8,93.0,,좋음,5.0
2025-10-18 02:00:00,18.0,1.2,92.0,,좋음,8.0
2025-10-18 03:00:00,17.7,2.2,95.0,,좋음,7.0
2025-10-18 04:00:00,16.8,2.4,94.0,,좋음,5.0
2025-10-18 05:00:00,16.2,1.7,93.0,,좋음,5.0
2025-10-18 06:00:00,16.0,1.4,94.0,,좋음,8.0
2025-10-18 07:00:00,16.0,0.5,95.0,,좋음,12.0
2025-10-18 08:00:00,15.3,0.0,92.0,,좋음,10.0
2025-10-18 09:00:00,15.3,,92.0,,좋음,10.0
2025-10-18 10:00:00,15.7,,90.0,,좋음,10.0
2025-10-18 11:00:00,15.3,,88.0,,좋음,13.0
2025-10-18 12:00:00,15.8,,86.0,,좋음,17.0
2025-10-18 13:00:00,16.1,,85.0,,좋음,19.0
2025-10-18 14:00:00,16.2,,83.0,,좋음,21.0
2025-10-18 15:00:00,16.4,,81.0,,좋음,21.0
2025-10-18 16:00:00,16.5,,81.0,,좋음,18.0
2025-10-18 17:00:00,16.1,,80.0,,좋음,18.0
2025-10-18 18:00:00,15.8,,83.0,,좋음,19.0
2025-10-18 19:00:00,15.7,,83.0,,좋음,21.0
2025-10-18 20:00:00,15.5,,84.0,,좋음,23.0
2025-10-18 21:00:00,15.1,,83.0,,좋음,22.0
2025-10-18 22:00:00,14.6,,85.0,,좋음,19.0
2025-10-18 23:00:00,14.3,,86.0,,좋음,20.0
2025-10-19 00:00:00,14.2,,88.0,,좋음,26.0
2025-10-19 01:00:00,14.2,,88.0,,좋음,22.0
2025-10-19 02:00:00,14.2,,89.0,,좋음,23.0
2025-10-19 03:00:00,14.2,,86.0,,좋음,17.0
2025-10-19 04:00:00,14.0,,86.0,,좋음,15.0
2025-10-19 05:00:00,13.5,,86.0,,좋음,12.0
2025-10-19 06:00:00,13.1,,86.0,,좋음,12.0
2025-10-19 07:00:00,12.8,,89.0,,좋음,11.0
2025-10-19 08:00:00,13.6,,91.0,,좋음,11.0
2025-10-19 09:00:00,15.6,,81.0,,좋음,11.0
2025-10-19 10:00:00,17.9,,74.0,,좋음,11.0
2025-10-19 11:00:00,18.4,,72.0,,좋음,9.0
2025-10-19 12:00:00,18.7,,72.0,,좋음,11.0
2025-10-19 13:00:00,18.4,,72.0,,좋음,13.0
2025-10-19 14:00:00,18.6,,67.0,,좋음,17.0
2025-10-19 15:00:00,19.1,,59.0,,좋음,20.0
2025-10-19 16:00:00,18.2,,64.0,,좋음,18.0
2025-10-19 17:00:00,16.9,,63.0,,좋음,18.0
2025-10-19 18:00:00,14.9,,60.0,,좋음,24.0
2025-10-19 19:00:00,13.5,,61.0,,보통,35.0
2025-10-19 20:00:00,12.3,,60.0,,좋음,27.0
2025-10-19 21:00:00,11.3,,61.0,,좋음,24.0
2025-10-19 22:00:00,10.6,,64.0,,좋음,25.0
2025-10-19 23:00:00,9.7,,69.0,,좋음,26.0
2025-10-20 00:00:00,8.9,,67.0,,좋음,25.0
2025-10-20 01:00:00,8.2,,67.0,,좋음,24.0
2025-10-20 02:00:00,7.3,,72.0,,좋음,24.0
2025-10-20 03:00:00,6.7,,72.0,,좋음,22.0
2025-10-20 04:00:00,6.2,,73.0,,좋음,22.0
2025-10-20 05:00:00,5.9,,76.0,,좋음,22.0
2025-10-20 06:00:00,5.6,,77.0,,좋음,23.0
2025-10-20 07:00:00,5.3,,79.0,,좋음,26.0
2025-10-20 08:00:00,6.3,,80.0,,좋음,29.0
2025-10-20 09:00:00,7.7,,76.0,,좋음,30.0
2025-10-20 10:00:00,10.1,,69.0,,보통,32.0
2025-10-20 11:00:00,12.0,,67.0,,보통,32.0
2025-10-20 12:00:00,13.5,,66.0,,,
2025-10-20 13:00:00,13.9,,60.0,,,
2025-10-20 14:00:00,15.4,,60.0,,좋음,24.0
2025-10-20 15:00:00,15.8,,56.0,,좋음,30.0
2025-10-20 16:00:00,15.7,,59.0,,좋음,20.0
2025-10-20 17:00:00,14.7,,60.0,,좋음,16.0
2025-10-20 18:00:00,13.5,,63.0,,좋음,22.0
2025-10-20 19:00:00,12.2,,63.0,,좋음,29.0
2025-10-20 20:00:00,11.1,,55.0,,좋음,30.0
2025-10-20 21:00:00,10.0,,55.0,,보통,32.0
2025-10-20 22:00:00,8.9,,57.0,,좋음,30.0
2025-10-20 23:00:00,8.2,,58.0,,좋음,30.0
2025-10-21 00:00:00,7.4,,62.0,,좋음,29.0
2025-10-21 01:00:00,6.8,,63.0,,좋음,29.0
2025-10-21 02:00:00,6.3,,64.0,,좋음,26.0
2025-10-21 03:00:00,5.8,,69.0,,좋음,28.0
2025-10-21 04:00:00,5.7,,70.0,,좋음,26.0
2025-10-21 05:00:00,5.1,,73.0,,좋음,27.0
2025-10-21 06:00:00,4.9,,73.0,,좋음,28.0
2025-10-21 07:00:00,4.8,,75.0,,좋음,30.0
2025-10-21 08:00:00,5.2,,77.0,,보통,31.0
2025-10-21 09:00:00,7.7,,71.0,,보통,35.0
2025-10-21 10:00:00,9.4,,67.0,,보통,36.0
2025-10-21 11:00:00,10.5,,65.0,,보통,37.0
2025-10-21 12:00:00,12.6,,61.0,,보통,36.0
2025-10-21 13:00:00,13.4,,62.0,,보통,35.0
2025-10-21 14:00:00,13.8,,62.0,,좋음,27.0
2025-10-21 15:00:00,14.0,,61.0,,좋음,29.0
2025-10-21 16:00:00,13.8,,61.0,,좋음,25.0
2025-10-21 17:00:00,13.6,,56.0,,좋음,24.0
2025-10-21 18:00:00,12.1,,63.0,,좋음,30.0
2025-10-21 19:00:00,10.8,,65.0,,보통,33.0
2025-10-21 20:00:00,10.1,,64.0,,보통,38.0
2025-10-21 21:00:00,9.2,,66.0,,보통,41.0
2025-10-21 22:00:00,8.5,,74.0,,보통,43.0
2025-10-21 23:00:00,8.0,,80.0,,보통,43.0
2025-10-22 00:00:00,7.6,,82.0,,보통,42.0
2025-10-22 01:00:00,7.2,,81.0,,보통,41.0
2025-10-22 02:00:00,6.8,,84.0,,보통,37.0
2025-10-22 03:00:00,6.7,,85.0,,보통,38.0
2025-10-22 04:00:00,6.6,,86.0,,보통,39.0
2025-10-22 05:00:00,6.8,,89.0,,보통,39.0
2025-10-22 06:00:00,6.8,,90.0,,보통,41.0
2025-10-22 07:00:00,7.0,,90.0,,보통,45.0
2025-10-22 08:00:00,7.7,,89.0,,보통,43.0
2025-10-22 09:00:00,10.6,,80.0,,보통,51.0
2025-10-22 10:00:00,13.6,,67.0,,보통,59.0
2025-10-22 11:00:00,15.4,,62.0,,보통,40.0
2025-10-22 12:00:00,16.8,,59.0,,보통,38.0
2025-10-22 13:00:00,18.1,,55.0,,,
2025-10-22 14:00:00,17.9,,57.0,,,
2025-10-22 15:00:00,18.5,,55.0,,보통,40.0
2025-10-22 16:00:00,18.5,,56.0,,좋음,20.0
2025-10-22 17:00:00,17.5,,60.0,,좋음,15.0
2025-10-22 18:00:00,16.9,,61.0,,좋음,13.0
2025-10-22 19:00:00,16.1,,65.0,,좋음,13.0
2025-10-22 20:00:00,15.4,,70.0,,좋음,13.0
2025-10-22 21:00:00,14.9,,71.0,,좋음,20.0
2025-10-22 22:00:00,14.4,,74.0,,좋음,18.0
2025-10-22 23:00:00,14.0,,73.0,,좋음,11.0
2025-10-23 00:00:00,13.4,,76.0,,좋음,8.0
2025-10-23 01:00:00,12.8,,76.0,,좋음,7.0
2025-10-23 02:00:00,12.5,,79.0,,좋음,6.0
2025-10-23 03:00:00,12.3,,78.0,,좋음,6.0
2025-10-23 04:00:00,12.0,,80.0,,좋음,7.0
2025-10-23 05:00:00,11.8,,80.0,,좋음,7.0
2025-10-23 06:00:00,12.0,,81.0,,좋음,9.0
2025-10-23 07:00:00,12.3,,80.0,,좋음,13.0
2025-10-23 08:00:00,12.8,,79.0,,좋음,11.0
2025-10-23 09:00:00,14.0,,73.0,,좋음,14.0
2025-10-23 10:00:00,14.6,,72.0,,좋음,20.0
2025-10-23 11:00:00,17.0,,64.0,,좋음,19.0
2025-10-23 12:00:00,17.8,,62.0,,좋음,15.0
2025-10-23 13:00:00,18.1,,62.0,,좋음,13.0
2025-10-23 14:00:00,18.4,,60.0,,좋음,15.0
2025-10-23 15:00:00,18.6,,60.0,,좋음,20.0
2025-10-23 16:00:00,19.3,,58.0,,좋음,27.0
2025-10-23 17:00:00,18.8,,55.0,,좋음,15.0
2025-10-23 18:00:00,17.4,,60.0,,좋음,16.0
2025-10-23 19:00:00,16.4,,66.0,,좋음,16.0
2025-10-23 20:00:00,15.5,,70.0,,좋음,16.0
2025-10-23 21:00:00,14.6,,71.0,,좋음,22.0
2025-10-23 22:00:00,13.9,,72.0,,좋음,22.0
2025-10-23 23:00:00,13.2,,74.0,,좋음,20.0
2025-10-24 00:00:00,12.7,,77.0,,좋음,13.0
2025-10-24 01:00:00,12.4,,76.0,,좋음,7.0
2025-10-24 02:00:00,12.3,,76.0,,좋음,6.0
2025-10-24 03:00:00,12.2,,76.0,,좋음,5.0
2025-10-24 04:00:00,12.3,,75.0,,좋음,5.0
2025-10-24 05:00:00,12.0,,76.0,,좋음,8.0
2025-10-24 06:00:00,11.6,,77.0,,좋음,8.0
2025-10-24 07:00:00,11.4,,79.0,,좋음,11.0
2025-10-24 08:00:00,12.1,,77.0,,좋음,12.0
2025-10-24 09:00:00,14.6,,69.0,,좋음,11.0
2025-10-24 10:00:00,15.8,,64.0,,좋음,12.0
2025-10-24 11:00:00,17.5,,59.0,,좋음,15.0
2025-10-24 12:00:00,18.7,,57.0,,좋음,11.0
2025-10-24 13:00:00,19.5,,55.0,,좋음,10.0
2025-10-24 14:00:00,20.8,,52.0,,좋음,11.0
2025-10-24 15:00:00,20.9,,47.0,,좋음,12.0
2025-10-24 16:00:00,20.8,,50.0,,좋음,13.0
2025-10-24 17:00:00,19.1,,55.0,,좋음,13.0
2025-10-24 18:00:00,17.9,,59.0,,좋음,16.0
2025-10-24 19:00:00,16.9,,67.0,,좋음,22.0
2025-10-24 20:00:00,16.5,,67.0,,좋음,23.0
2025-10-24 21:00:00,15.8,,70.0,,좋음,23.0
2025-10-24 22:00:00,15.3,,72.0,,좋음,21.0
2025-10-24 23:00:00,14.7,,74.0,,좋음,21.0
2025-10-25 00:00:00,14.8,,77.0,,좋음,23.0
2025-10-25 01:00:00,14.4,,78.0,,좋음,22.0
2025-10-25 02:00:00,14.3,,79.0,,좋음,20.0
2025-10-25 03:00:00,13.7,,79.0,,좋음,24.0
2025-10-25 04:00:00,13.3,,82.0,,좋음,21.0
2025-10-25 05:00:00,13.0,,85.0,,좋음,21.0
2025-10-25 06:00:00,12.9,,86.0,,좋음,18.0
2025-10-25 07:00:00,12.8,,85.0,,좋음,17.0
2025-10-25 08:00:00,12.6,,85.0,,좋음,16.0
2025-10-25 09:00:00,13.2,,84.0,,좋음,18.0
2025-10-25 10:00:00,13.7,,81.0,,좋음,18.0
2025-10-25 11:00:00,15.8,,75.0,,좋음,20.0
2025-10-25 12:00:00,16.4,,69.0,,좋음,17.0
2025-10-25 13:00:00,16.5,,62.0,,좋음,22.0
2025-10-25 14:00:00,16.5,,62.0,,좋음,21.0
2025-10-25 15:00:00,17.2,,56.0,,좋음,27.0
2025-10-25 16:00:00,17.5,,47.0,,좋음,28.0
2025-10-25 17:00:00,16.5,,49.0,,좋음,26.0
2025-10-25 18:00:00,14.9,,52.0,,좋음,24.0
2025-10-25 19:00:00,14.0,,60.0,,좋음,26.0
2025-10-25 20:00:00,14.0,,55.0,,좋음,30.0
2025-10-25 21:00:00,14.1,,52.0,,보통,31.0
2025-10-25 22:00:00,13.8,,55.0,,보통,34.0
2025-10-25 23:00:00,13.2,,59.0,,보통,39.0
2025-10-26 00:00:00,12.9,,57.0,,보통,41.0
2025-10-26 01:00:00,12.5,,59.0,,보통,45.0
2025-10-26 02:00:00,12.1,,61.0,,보통,44.0
2025-10-26 03:00:00,11.9,,62.0,,보통,43.0
2025-10-26 04:00:00,11.7,,62.0,,보통,36.0
2025-10-26 05:00:00,11.6,,61.0,,보통,36.0
2025-10-26 06:00:00,11.4,,63.0,,보통,38.0
2025-10-26 07:00:00,11.4,,65.0,,보통,40.0
2025-10-26 08:00:00,11.7,,65.0,,보통,39.0
2025-10-26 09:00:00,12.4,,61.0,,보통,39.0
2025-10-26 10:00:00,13.0,,51.0,,보통,39.0
2025-10-26 11:00:00,12.9,0.0,58.0,,보통,41.0
2025-10-26 12:00:00,12.4,0.2,69.0,,보통,39.0
2025-10-26 13:00:00,12.6,0.3,76.0,,보통,39.0
2025-10-26 14:00:00,13.7,0.0,72.0,,보통,46.0
2025-10-26 15:00:00,13.7,,74.0,,보통,38.0
2025-10-26 16:00:00,13.5,,78.0,,보통,33.0
2025-10-26 17:00:00,13.4,,80.0,,보통,34.0
2025-10-26 18:00:00,12.7,,84.0,,보통,31.0
2025-10-26 19:00:00,12.3,,84.0,,보통,33.0
2025-10-26 20:00:00,12.3,,83.0,,보통,35.0
2025-10-26 21:00:00,12.4,,86.0,,보통,40.0
2025-10-26 22:00:00,12.5,,81.0,,보통,36.0
2025-10-26 23:00:00,12.0,,72.0,,보통,42.0
2025-10-27 00:00:00,10.6,,62.0,,보통,46.0
2025-10-27 01:00:00,9.8,,56.0,,보통,44.0
2025-10-27 02:00:00,8.8,,51.0,,보통,32.0
2025-10-27 03:00:00,7.6,,48.0,,보통,34.0
2025-10-27 04:00:00,6.5,,51.0,,보통,31.0
2025-10-27 05:00:00,5.6,,54.0,,보통,34.0
2025-10-27 06:00:00,4.8,,54.0,,보통,35.0
2025-10-27 07:00:00,3.9,,53.0,,보통,36.0
2025-10-27 08:00:00,3.9,,54.0,,보통,36.0
2025-10-27 09:00:00,5.5,,47.0,,보통,37.0
2025-10-27 10:00:00,7.3,,38.0,,보통,36.0
2025-10-27 11:00:00,9.4,,28.0,,보통,33.0
2025-10-27 12:00:00,10.3,,29.0,,좋음,27.0
2025-10-27 13:00:00,10.5,,30.0,,좋음,23.0
2025-10-27 14:00:00,11.9,,33.0,,좋음,22.0
2025-10-27 15:00:00,12.0,,34.0,,좋음,25.0
2025-10-27 16:00:00,11.5,,37.0,,좋음,25.0
2025-10-27 17:00:00,11.3,,44.0,,좋음,24.0
2025-10-27 18:00:00,10.2,,46.0,,좋음,21.0
2025-10-27 19:00:00,9.6,,47.0,,좋음,21.0
2025-10-27 20:00:00,8.9,,49.0,,좋음,22.0
2025-10-27 21:00:00,8.0,,51.0,,좋음,22.0
2025-10-27 22:00:00,7.1,,56.0,,좋음,23.0
2025-10-27 23:00:00,7.1,,55.0,,좋음,22.0
2025-10-28 00:00:00,6.7,,51.0,,좋음,20.0
2025-10-28 01:00:00,5.8,,55.0,,좋음,23.0
2025-10-28 02:00:00,5.1,,63.0,,좋음,21.0
2025-10-28 03:00:00,4.6,,63.0,,좋음,21.0
2025-10-28 04:00:00,4.2,,62.0,,좋음,22.0
2025-10-28 05:00:00,3.6,,66.0,,좋음,23.0
2025-10-28 06:00:00,3.4,,68.0,,좋음,24.0
2025-10-28 07:00:00,3.1,,68.0,,좋음,28.0
2025-10-28 08:00:00,3.3,,62.0,,보통,31.0
2025-10-28 09:00:00,5.8,,64.0,,보통,33.0
2025-10-28 10:00:00,8.5,,47.0,,보통,34.0
2025-10-28 11:00:00,11.1,,35.0,,보통,33.0
2025-10-28 12:00:00,11.9,,26.0,,좋음,27.0
2025-10-28 13:00:00,13.5,,28.0,,좋음,23.0
2025-10-28 14:00:00,14.0,,30.0,,좋음,23.0
2025-10-28 15:00:00,14.3,,27.0,,좋음,26.0
2025-10-28 16:00:00,13.5,,32.0,,좋음,27.0
2025-10-28 17:00:00,12.5,,39.0,,좋음,25.0
2025-10-28 18:00:00,11.5,,42.0,,좋음,20.0
2025-10-28 19:00:00,10.7,,53.0,,좋음,20.0
2025-10-28 20:00:00,9.7,,58.0,,좋음,22.0
2025-10-28 21:00:00,8.9,,61.0,,좋음,27.0
2025-10-28 22:00:00,8.3,,64.0,,좋음,28.0
2025-10-28 23:00:00,7.6,,67.0,,좋음,25.0
2025-10-29 00:00:00,7.3,,68.0,,좋음,25.0
2025-10-29 01:00:00,7.2,,66.0,,좋음,26.0
2025-10-29 02:00:00,6.7,,72.0,,좋음,21.0
2025-10-29 03:00:00,6.4,,72.0,,좋음,21.0
2025-10-29 04:00:00,6.3,,73.0,,좋음,19.0
2025-10-29 05:00:00,6.5,,73.0,,좋음,22.0
2025-10-29 06:00:00,6.4,,71.0,,좋음,24.0
2025-10-29 07:00:00,6.9,,70.0,,좋음,28.0
2025-10-29 08:00:00,7.4,,68.0,,좋음,27.0
2025-10-29 09:00:00,8.8,,65.0,,보통,32.0
2025-10-29 10:00:00,10.5,,60.0,,보통,34.0
2025-10-29 11:00:00,13.0,,55.0,,보통,34.0
2025-10-29 12:00:00,14.6,,52.0,,좋음,28.0
2025-10-29 13:00:00,16.4,,51.0,,좋음,29.0
2025-10-29 14:00:00,17.3,,50.0,,,
2025-10-29 15:00:00,18.2,,47.0,,,
2025-10-29 16:00:00,17.6,,46.0,,좋음,23.0
2025-10-29 17:00:00,16.8,,50.0,,보통,36.0
2025-10-29 18:00:00,14.8,,62.0,,보통,32.0
2025-10-29 19:00:00,13.6,,64.0,,보통,35.0
2025-10-29 20:00:00,12.6,,68.0,,보통,39.0
2025-10-29 21:00:00,12.0,,74.0,,보통,42.0
2025-10-29 22:00:00,11.3,,72.0,,보통,39.0
2025-10-29 23:00:00,10.8,,76.0,,보통,40.0
2025-10-30 00:00:00,10.2,,77.0,,보통,37.0
2025-10-30 01:00:00,9.7,,81.0,,보통,37.0
2025-10-30 02:00:00,9.2,,82.0,,보통,32.0
2025-10-30 03:00:00,8.7,,83.0,,좋음,30.0
2025-10-30 04:00:00,8.6,,84.0,,좋음,29.0
2025-10-30 05:00:00,8.3,,84.0,,좋음,30.0
2025-10-30 06:00:00,7.9,,85.0,,보통,31.0
2025-10-30 07:00:00,7.8,,84.0,,보통,37.0
2025-10-30 08:00:00,8.4,,83.0,,보통,38.0
2025-10-30 09:00:00,10.5,,74.0,,보통,42.0
2025-10-30 10:00:00,12.8,,65.0,,보통,40.0
2025-10-30 11:00:00,14.5,,58.0,,보통,40.0
2025-10-30 12:00:00,15.9,,53.0,,보통,39.0
2025-10-30 13:00:00,17.6,,51.0,,보통,37.0
2025-10-30 14:00:00,18.1,,49.0,,보통,38.0
2025-10-30 15:00:00,17.8,,51.0,,보통,36.0
2025-10-30 16:00:00,17.4,,54.0,,보통,38.0
2025-10-30 17:00:00,16.6,,57.0,,보통,38.0
2025-10-30 18:00:00,15.5,,65.0,,보통,43.0
2025-10-30 19:00:00,14.7,,69.0,,보통,40.0
2025-10-30 20:00:00,14.2,,70.0,,보통,47.0
2025-10-30 21:00:00,13.7,,73.0,,보통,48.0
2025-10-30 22:00:00,13.2,,75.0,,보통,46.0
2025-10-30 23:00:00,12.8,,78.0,,보통,48.0
2025-10-31 00:00:00,12.5,,78.0,,보통,47.0
2025-10-31 01:00:00,12.2,,78.0,,보통,46.0
2025-10-31 02:00:00,11.8,,82.0,,보통,42.0
2025-10-31 03:00:00,11.7,,83.0,,보통,40.0
2025-10-31 04:00:00,11.4,,83.0,,보통,38.0
2025-10-31 05:00:00,11.4,,86.0,,보통,40.0
2025-10-31 06:00:00,11.4,,86.0,,보통,44.0
2025-10-31 07:00:00,11.3,,86.0,,보통,44.0
2025-10-31 08:00:00,11.8,,85.0,,보통,49.0
2025-10-31 09:00:00,13.1,,80.0,,보통,49.0
2025-10-31 10:00:00,14.5,,74.0,,보통,47.0
2025-10-31 11:00:00,15.9,,64.0,,보통,48.0
2025-10-31 12:00:00,17.8,,55.0,,보통,39.0
2025-10-31 13:00:00,19.3,,51.0,,보통,40.0
2025-10-31 14:00:00,20.4,,45.0,,보통,35.0
2025-10-31 15:00:00,20.5,,50.0,,보통,35.0
2025-10-31 16:00:00,19.3,,53.0,,보통,31.0
2025-10-31 17:00:00,18.2,,55.0,,좋음,30.0
2025-10-31 18:00:00,17.3,,57.0,,좋음,29.0
2025-10-31 19:00:00,16.8,,60.0,,보통,31.0
2025-10-31 20:00:00,16.1,,64.0,,보통,36.0
2025-10-31 21:00:00,15.6,,71.0,,보통,40.0
2025-10-31 22:00:00,14.6,0.0,70.0,,좋음,29.0
2025-10-31 23:00:00,13.9,0.0,77.0,,좋음,26.0
2025-11-01 00:00:00,13.4,0.1,77.0,,좋음,22.0
2025-11-01 01:00:00,12.9,,82.0,,좋음,22.0
2025-11-01 02:00:00,12.7,,83.0,,좋음,22.0
2025-11-01 03:00:00,12.5,0.7,87.0,,좋음,25.0
2025-11-01 04:00:00,12.4,,88.0,,좋음,21.0
2025-11-01 05:00:00,12.0,,85.0,,좋음,18.0
2025-11-01 06:00:00,11.7,,87.0,,좋음,17.0
2025-11-01 07:00:00,10.8,,84.0,,좋음,19.0
2025-11-01 08:00:00,10.6,,83.0,,좋음,22.0
2025-11-01 09:00:00,11.8,,78.0,,좋음,28.0
2025-11-01 10:00:00,13.2,,70.0,,좋음,27.0
2025-11-01 11:00:00,14.2,,56.0,,좋음,28.0
2025-11-01 12:00:00,15.7,,51.0,,좋음,25.0
2025-11-01 13:00:00,16.6,,39.0,,좋음,23.0
2025-11-01 14:00:00,17.2,,37.0,,좋음,19.0
2025-11-01 15:00:00,17.3,,38.0,,좋음,23.0
2025-11-01 16:00:00,16.0,,36.0,,좋음,18.0
2025-11-01 17:00:00,15.0,,54.0,,좋음,18.0
2025-11-01 18:00:00,11.9,1.5,76.0,,좋음,24.0
2025-11-01 19:00:00,11.6,,79.0,,보통,31.0
2025-11-01 20:00:00,11.2,,84.0,,보통,31.0
2025-11-01 21:00:00,11.3,,82.0,,좋음,30.0
2025-11-01 22:00:00,11.8,,78.0,,좋음,26.0
2025-11-01 23:00:00,11.4,,80.0,,좋음,24.0
2025-11-02 00:00:00,10.6,0.2,85.0,,좋음,22.0
2025-11-02 01:00:00,9.8,,85.0,,좋음,22.0
2025-11-02 02:00:00,9.2,,84.0,,좋음,21.0
2025-11-02 03:00:00,8.8,0.2,85.0,,좋음,18.0
2025-11-02 04:00:00,8.7,,84.0,,좋음,16.0
2025-11-02 05:00:00,8.3,,85.0,,좋음,15.0
2025-11-02 06:00:00,8.4,,81.0,,좋음,20.0
2025-11-02 07:00:00,8.1,,73.0,,좋음,27.0
2025-11-02 08:00:00,7.9,,71.0,,보통,32.0
2025-11-02 09:00:00,8.6,,65.0,,보통,42.0
2025-11-02 10:00:00,9.6,,55.0,,보통,55.0
2025-11-02 11:00:00,10.6,,48.0,,보통,59.0
2025-11-02 12:00:00,10.7,,48.0,,보통,60.0
2025-11-02 13:00:00,10.9,,44.0,,보통,51.0
2025-11-02 14:00:00,11.2,,41.0,,보통,36.0
2025-11-02 15:00:00,10.6,,41.0,,보통,33.0
2025-11-02 16:00:00,10.4,,40.0,,좋음,27.0
2025-11-02 17:00:00,9.4,,41.0,,좋음,20.0
2025-11-02 18:00:00,7.8,,45.0,,좋음,17.0
2025-11-02 19:00:00,7.1,,49.0,,좋음,17.0
2025-11-02 20:00:00,6.5,,48.0,,좋음,19.0
2025-11-02 21:00:00,5.6,,44.0,,좋음,20.0
2025-11-02 22:00:00,4.8,,47.0,,좋음,17.0
2025-11-02 23:00:00,4.2,,46.0,,좋음,17.0
2025-11-03 00:00:00,3.7,,47.0,,좋음,16.0
2025-11-03 01:00:00,3.3,,47.0,,좋음,14.0
2025-11-03 02:00:00,3.0,,49.0,,좋음,13.0
2025-11-03 03:00:00,2.1,,54.0,,좋음,14.0
2025-11-03 04:00:00,1.6,,59.0,,좋음,13.0
2025-11-03 05:00:00,0.9,,59.0,,좋음,14.0
2025-11-03 06:00:00,0.8,,68.0,,좋음,17.0
2025-11-03 07:00:00,0.8,,63.0,,좋음,22.0
2025-11-03 08:00:00,1.0,,68.0,,좋음,22.0
2025-11-03 09:00:00,3.8,,56.0,,좋음,24.0
2025-11-03 10:00:00,7.2,,48.0,,좋음,24.0
2025-11-03 11:00:00,9.0,,43.0,,좋음,26.0
2025-11-03 12:00:00,11.0,,42.0,,좋음,24.0
2025-11-03 13:00:00,12.2,,40.0,,좋음,23.0
2025-11-03 14:00:00,13.4,,38.0,,좋음,25.0
2025-11-03 15:00:00,14.5,,37.0,,좋음,29.0
2025-11-03 16:00:00,14.3,,36.0,,좋음,29.0
2025-11-03 17:00:00,13.0,,40.0,,좋음,29.0
2025-11-03 18:00:00,10.9,,46.0,,좋음,27.0
2025-11-03 19:00:00,9.5,,53.0,,보통,34.0
2025-11-03 20:00:00,8.7,,56.0,,보통,41.0
2025-11-03 21:00:00,7.8,,61.0,,보통,41.0
2025-11-03 22:00:00,7.6,,65.0,,보통,38.0
2025-11-03 23:00:00,7.0,,66.0,,보통,43.0
2025-11-04 00:00:00,6.7,,69.0,,보통,39.0
2025-11-04 01:00:00,6.6,,69.0,,보통,39.0
2025-11-04 02:00:00,6.5,,71.0,,보통,32.0
2025-11-04 03:00:00,6.5,,71.0,,좋음,29.0
2025-11-04 04:00:00,6.1,,74.0,,좋음,27.0
2025-11-04 05:00:00,6.0,,73.0,,좋음,27.0
2025-11-04 06:00:00,5.7,,75.0,,좋음,30.0
2025-11-04 07:00:00,5.7,,75.0,,보통,33.0
2025-11-04 08:00:00,6.3,,76.0,,보통,33.0
2025-11-04 09:00:00,8.1,,73.0,,보통,34.0
2025-11-04 10:00:00,10.7,,61.0,,보통,34.0
2025-11-04 11:00:00,12.8,,53.0,,보통,38.0
2025-11-04 12:00:00,14.6,,54.0,,보통,36.0
2025-11-04 13:00:00,15.2,,50.0,,보통,35.0
2025-11-04 14:00:00,15.7,,48.0,,보통,31.0
2025-11-04 15:00:00,16.2,,42.0,,보통,36.0
2025-11-04 16:00:00,15.3,,44.0,,보통,38.0
2025-11-04 17:00:00,14.0,,45.0,,보통,45.0
2025-11-04 18:00:00,12.4,,48.0,,보통,41.0
2025-11-04 19:00:00,11.3,,53.0,,보통,36.0
2025-11-04 20:00:00,10.3,,54.0,,좋음,18.0
2025-11-04 21:00:00,9.6,,58.0,,좋음,20.0
2025-11-04 22:00:00,9.0,,62.0,,좋음,24.0
2025-11-04 23:00:00,8.7,,58.0,,좋음,26.0
2025-11-05 00:00:00,8.1,,64.0,,좋음,24.0
2025-11-05 01:00:00,7.9,,60.0,,좋음,24.0
2025-11-05 02:00:00,7.5,,63.0,,좋음,21.0
2025-11-05 03:00:00,7.0,,66.0,,좋음,22.0
2025-11-05 04:00:00,6.8,,69.0,,좋음,23.0
2025-11-05 05:00:00,6.4,,71.0,,좋음,27.0
2025-11-05 06:00:00,6.1,,73.0,,좋음,29.0
2025-11-05 07:00:00,5.7,,76.0,,좋음,30.0
2025-11-05 08:00:00,5.9,,78.0,,보통,35.0
2025-11-05 09:00:00,8.1,,73.0,,보통,40.0
2025-11-05 10:00:00,11.2,,62.0,,보통,47.0
2025-11-05 11:00:00,14.1,,53.0,,,
2025-11-05 12:00:00,16.0,,48.0,,,
2025-11-05 13:00:00,16.8,,45.0,,,
2025-11-05 14:00:00,18.5,,41.0,,보통,55.0
2025-11-05 15:00:00,18.7,,38.0,,보통,60.0
2025-11-05 16:00:00,18.7,,40.0,,보통,62.0
2025-11-05 17:00:00,17.3,,44.0,,보통,60.0
2025-11-05 18:00:00,15.1,,50.0,,보통,51.0
2025-11-05 19:00:00,13.5,,53.0,,보통,42.0
2025-11-05 20:00:00,12.7,,60.0,,보통,46.0
2025-11-05 21:00:00,11.9,,65.0,,보통,54.0
2025-11-05 22:00:00,11.5,,63.0,,보통,56.0
2025-11-05 23:00:00,10.7,,66.0,,보통,53.0
2025-11-06 00:00:00,10.1,,67.0,,보통,50.0
2025-11-06 01:00:00,9.8,,69.0,,보통,48.0
2025-11-06 02:00:00,9.4,,71.0,,보통,48.0
2025-11-06 03:00:00,8.7,,74.0,,보통,46.0
2025-11-06 04:00:00,8.1,,77.0,,보통,44.0
2025-11-06 05:00:00,8.0,,79.0,,보통,45.0
2025-11-06 06:00:00,7.8,,80.0,,보통,50.0
2025-11-06 07:00:00,7.5,,82.0,,보통,50.0
2025-11-06 08:00:00,7.6,,83.0,,보통,54.0
2025-11-06 09:00:00,9.1,,82.0,,보통,54.0
2025-11-06 10:00:00,11.2,,72.0,,보통,55.0
2025-11-06 11:00:00,13.4,,68.0,,보통,67.0
2025-11-06 12:00:00,16.1,,59.0,,보통,75.0
2025-11-06 13:00:00,17.4,,53.0,,보통,75.0
2025-11-06 14:00:00,18.1,,51.0,,보통,74.0
2025-11-06 15:00:00,18.5,,49.0,,보통,70.0
2025-11-06 16:00:00,17.8,,52.0,,보통,69.0
2025-11-06 17:00:00,16.7,,58.0,,보통,68.0
2025-11-06 18:00:00,15.4,,62.0,,보통,67.0
2025-11-06 19:00:00,14.2,,69.0,,보통,70.0
2025-11-06 20:00:00,13.7,,71.0,,나쁨,81.0
2025-11-06 21:00:00,13.1,,75.0,,나쁨,81.0
2025-11-06 22:00:00,12.6,,78.0,,보통,80.0
2025-11-06 23:00:00,12.0,,80.0,,보통,78.0
2025-11-07 00:00:00,11.3,,78.0,,보통,79.0
2025-11-07 01:00:00,10.5,,80.0,,보통,78.0
2025-11-07 02:00:00,10.2,,82.0,,보통,74.0
2025-11-07 03:00:00,9.7,,84.0,,보통,76.0
2025-11-07 04:00:00,9.2,,86.0,,보통,71.0
2025-11-07 05:00:00,9.1,,86.0,,보통,66.0
2025-11-07 06:00:00,9.1,,87.0,,보통,69.0
2025-11-07 07:00:00,8.6,,87.0,,보통,66.0
2025-11-07 08:00:00,9.0,,90.0,,보통,65.0
2025-11-07 09:00:00,10.7,,81.0,,보통,62.0
2025-11-07 10:00:00,13.2,,70.0,,보통,65.0
2025-11-07 11:00:00,15.5,,61.0,,보통,68.0
2025-11-07 12:00:00,17.0,,56.0,,보통,68.0
2025-11-07 13:00:00,18.4,,50.0,,보통,67.0
2025-11-07 14:00:00,19.5,,46.0,,보통,69.0
2025-11-07 15:00:00,19.9,,43.0,,보통,68.0
2025-11-07 16:00:00,19.9,,44.0,,보통,61.0
2025-11-07 17:00:00,18.6,,46.0,,보통,55.0
2025-11-07 18:00:00,16.8,,54.0,,보통,47.0
2025-11-07 19:00:00,15.5,,55.0,,보통,43.0
2025-11-07 20:00:00,14.5,,59.0,,보통,42.0
2025-11-07 21:00:00,14.5,,59.0,,보통,40.0
2025-11-07 22:00:00,14.1,,60.0,,보통,45.0
2025-11-07 23:00:00,13.8,,64.0,,보통,44.0
2025-11-08 00:00:00,13.1,,66.0,,보통,43.0
2025-11-08 01:00:00,12.9,,68.0,,보통,41.0
2025-11-08 02:00:00,13.1,,68.0,,보통,39.0
2025-11-08 03:00:00,12.5,,72.0,,보통,39.0
2025-11-08 04:00:00,12.4,,73.0,,보통,39.0
2025-11-08 05:00:00,12.6,,75.0,,보통,38.0
2025-11-08 06:00:00,12.8,,75.0,,보통,36.0
2025-11-08 07:00:00,12.9,,76.0,,보통,37.0
2025-11-08 08:00:00,13.1,,75.0,,보통,36.0
2025-11-08 09:00:00,13.9,,73.0,,,
2025-11-08 10:00:00,14.9,,70.0,,보통,33.0
2025-11-08 11:00:00,15.2,,69.0,,보통,34.0
2025-11-08 12:00:00,16.0,0.0,65.0,,보통,33.0
2025-11-08 13:00:00,16.8,,63.0,,보통,32.0
2025-11-08 14:00:00,16.9,,61.0,,보통,33.0
2025-11-08 15:00:00,17.0,0.0,61.0,,좋음,30.0
2025-11-08 16:00:00,16.8,,61.0,,좋음,29.0
2025-11-08 17:00:00,16.4,,62.0,,보통,36.0
2025-11-08 18:00:00,15.8,,64.0,,보통,34.0
2025-11-08 19:00:00,15.4,,66.0,,보통,37.0
2025-11-08 20:00:00,15.0,,69.0,,보통,33.0
2025-11-08 21:00:00,14.7,,70.0,,보통,36.0
2025-11-08 22:00:00,14.3,,70.0,,보통,43.0
2025-11-08 23:00:00,14.0,,73.0,,보통,38.0
2025-11-09 00:00:00,13.3,,75.0,,좋음,29.0
2025-11-09 01:00:00,12.8,,77.0,,좋음,24.0
2025-11-09 02:00:00,12.3,,79.0,,좋음,22.0
2025-11-09 03:00:00,12.5,,80.0,,좋음,22.0
2025-11-09 04:00:00,12.6,,79.0,,좋음,24.0
2025-11-09 05:00:00,12.8,,77.0,,좋음,29.0
2025-11-09 06:00:00,12.3,,79.0,,보통,31.0
2025-11-09 07:00:00,11.3,,81.0,,좋음,28.0
2025-11-09 08:00:00,11.0,,83.0,,좋음,24.0
2025-11-09 09:00:00,12.3,,83.0,,좋음,27.0
2025-11-09 10:00:00,13.9,,78.0,,보통,32.0
2025-11-09 11:00:00,15.0,,65.0,,보통,43.0
2025-11-09 12:00:00,16.4,,52.0,,보통,45.0
2025-11-09 13:00:00,17.5,,37.0,,보통,54.0
2025-11-09 14:00:00,17.1,,36.0,,보통,60.0
2025-11-09 15:00:00,17.2,,44.0,,보통,60.0
2025-11-09 16:00:00,16.1,,51.0,,보통,59.0
2025-11-09 17:00:00,14.9,,56.0,,보통,63.0
2025-11-09 18:00:00,14.0,,59.0,,보통,66.0
2025-11-09 19:00:00,13.7,,69.0,,보통,76.0
2025-11-09 20:00:00,13.3,,71.0,,보통,77.0
2025-11-09 21:00:00,12.8,,61.0,,보통,78.0
2025-11-09 22:00:00,11.7,,53.0,,보통,65.0
2025-11-09 23:00:00,11.0,,54.0,,보통,48.0
2025-11-10 00:00:00,10.5,,55.0,,보통,39.0
2025-11-10 01:00:00,10.1,,52.0,,보통,32.0
2025-11-10 02:00:00,9.4,,44.0,,좋음,30.0
2025-11-10 03:00:00,8.1,,47.0,,좋음,25.0
2025-11-10 04:00:00,7.0,,46.0,,좋음,23.0
2025-11-10 05:00:00,6.3,,46.0,,좋음,19.0
2025-11-10 06:00:00,5.9,,45.0,,좋음,21.0
2025-11-10 07:00:00,5.5,,41.0,,좋음,21.0
2025-11-10 08:00:00,6.0,,39.0,,좋음,22.0
2025-11-10 09:00:00,7.2,,35.0,,좋음,22.0
2025-11-10 10:00:00,8.6,,30.0,,좋음,19.0
2025-11-10 11:00:00,10.0,,28.0,,좋음,18.0
2025-11-10 12:00:00,10.5,,27.0,,좋음,20.0
2025-11-10 13:00:00,11.1,,28.0,,좋음,22.0
2025-11-10 14:00:00,11.5,,24.0,,좋음,22.0
2025-11-10 15:00:00,12.3,,23.0,,좋음,25.0
2025-11-10 16:00:00,11.8,,26.0,,좋음,22.0
2025-11-10 17:00:00,10.2,,27.0,,좋음,20.0
2025-11-10 18:00:00,9.0,,36.0,,좋음,25.0
2025-11-10 19:00:00,8.2,,40.0,,좋음,23.0
2025-11-10 20:00:00,7.8,,43.0,,좋음,24.0
2025-11-10 21:00:00,7.3,,44.0,,좋음,25.0
2025-11-10 22:00:00,6.9,,44.0,,좋음,20.0
2025-11-10 23:00:00,6.4,,41.0,,좋음,18.0
2025-11-11 00:00:00,5.7,,44.0,,좋음,21.0
2025-11-11 01:00:00,4.6,,48.0,,보통,34.0
2025-11-11 02:00:00,4.3,,53.0,,좋음,28.0
2025-11-11 03:00:00,4.2,,52.0,,좋음,16.0
2025-11-11 04:00:00,4.0,,53.0,,좋음,15.0
2025-11-11 05:00:00,4.2,,56.0,,좋음,19.0
2025-11-11 06:00:00,4.3,,55.0,,좋음,29.0
2025-11-11 07:00:00,4.1,,55.0,,보통,31.0
2025-11-11 08:00:00,4.2,,54.0,,보통,31.0
2025-11-11 09:00:00,5.9,,56.0,,보통,33.0
2025-11-11 10:00:00,9.0,,48.0,,보통,31.0
2025-11-11 11:00:00,11.9,,43.0,,좋음,28.0
2025-11-11 12:00:00,13.1,,41.0,,보통,31.0
2025-11-11 13:00:00,13.7,,47.0,,보통,31.0
2025-11-11 14:00:00,15.1,,44.0,,좋음,30.0
2025-11-11 15:00:00,14.8,,45.0,,보통,34.0
2025-11-11 16:00:00,14.2,,46.0,,보통,36.0
2025-11-11 17:00:00,12.8,,52.0,,보통,31.0
2025-11-11 18:00:00,11.7,,60.0,,좋음,30.0
2025-11-11 19:00:00,10.9,,65.0,,보통,32.0
2025-11-11 20:00:00,10.1,,71.0,,보통,32.0
2025-11-11 21:00:00,9.3,,74.0,,보통,37.0
2025-11-11 22:00:00,8.8,,75.0,,보통,37.0
2025-11-11 23:00:00,8.7,,75.0,,보통,35.0
2025-11-12 00:00:00,7.8,,78.0,,보통,34.0
2025-11-12 01:00:00,7.6,,79.0,,보통,32.0
2025-11-12 02:00:00,7.4,,80.0,,좋음,29.0
2025-11-12 03:00:00,7.1,,82.0,,좋음,28.0
2025-11-12 04:00:00,6.6,,83.0,,좋음,29.0
2025-11-12 05:00:00,6.3,,85.0,,보통,31.0
2025-11-12 06:00:00,6.0,,85.0,,보통,33.0
2025-11-12 07:00:00,6.0,,85.0,,보통,40.0
2025-11-12 08:00:00,6.6,,83.0,,보통,40.0
2025-11-12 09:00:00,8.0,,76.0,,보통,45.0
2025-11-12 10:00:00,10.4,,65.0,,보통,47.0
2025-11-12 11:00:00,12.9,,58.0,,보통,48.0
2025-11-12 12:00:00,15.0,,53.0,,보통,53.0
2025-11-12 13:00:00,16.8,,49.0,,보통,52.0
2025-11-12 14:00:00,17.1,,44.0,,보통,50.0
2025-11-12 15:00:00,17.7,,37.0,,보통,46.0
2025-11-12 16:00:00,16.9,,40.0,,보통,50.0
2025-11-12 17:00:00,15.1,,54.0,,보통,54.0
2025-11-12 18:00:00,13.5,,60.0,,보통,48.0
2025-11-12 19:00:00,12.4,,69.0,,보통,47.0
2025-11-12 20:00:00,11.3,,68.0,,보통,49.0
2025-11-12 21:00:00,10.6,,63.0,,보통,58.0
2025-11-12 22:00:00,9.6,,70.0,,보통,58.0
2025-11-12 23:00:00,8.8,,70.0,,보통,54.0
2025-11-13 00:00:00,8.2,,68.0,,보통,51.0
2025-11-13 01:00:00,7.6,,66.0,,보통,45.0
2025-11-13 02:00:00,7.5,,69.0,,보통,34.0
2025-11-13 03:00:00,7.2,,74.0,,좋음,26.0
2025-11-13 04:00:00,7.2,,77.0,,좋음,28.0
2025-11-13 05:00:00,6.8,,77.0,,좋음,30.0
2025-11-13 06:00:00,7.6,,82.0,,보통,35.0
2025-11-13 07:00:00,7.7,,79.0,,보통,41.0
2025-11-13 08:00:00,8.1,,81.0,,보통,47.0
2025-11-13 09:00:00,9.3,,80.0,,보통,52.0
2025-11-13 10:00:00,10.8,,77.0,,보통,61.0
2025-11-13 11:00:00,13.0,,75.0,,보통,58.0
2025-11-13 12:00:00,15.5,,68.0,,보통,68.0
2025-11-13 13:00:00,16.6,,50.0,,보통,77.0
2025-11-13 14:00:00,16.9,,38.0,,나쁨,84.0
2025-11-13 15:00:00,17.3,,38.0,,나쁨,81.0
2025-11-13 16:00:00,16.3,,36.0,,,
2025-11-13 17:00:00,14.6,,45.0,,,
2025-11-13 18:00:00,13.4,,58.0,,보통,68.0
2025-11-13 19:00:00,12.3,,62.0,,보통,76.0
2025-11-13 20:00:00,11.6,,63.0,,보통,61.0
2025-11-13 21:00:00,11.0,,59.0,,보통,52.0
2025-11-13 22:00:00,9.9,,56.0,,보통,52.0
2025-11-13 23:00:00,8.7,,60.0,,보통,52.0
2025-11-14 00:00:00,7.6,,64.0,,보통,45.0
2025-11-14 01:00:00,7.3,,66.0,,보통,40.0
2025-11-14 02:00:00,6.7,,68.0,,보통,38.0
2025-11-14 03:00:00,6.6,,66.0,,보통,33.0
2025-11-14 04:00:00,5.9,,67.0,,보통,33.0
2025-11-14 05:00:00,5.6,,69.0,,보통,33.0
2025-11-14 06:00:00,5.2,,67.0,,보통,38.0
2025-11-14 07:00:00,4.9,,69.0,,보통,40.0
2025-11-14 08:00:00,4.6,,68.0,,보통,40.0
2025-11-14 09:00:00,6.7,,61.0,,보통,43.0
2025-11-14 10:00:00,9.6,,52.0,,보통,43.0
2025-11-14 11:00:00,11.5,,41.0,,보통,37.0
2025-11-14 12:00:00,12.6,,34.0,,좋음,25.0
2025-11-14 13:00:00,13.5,,30.0,,좋음,27.0
2025-11-14 14:00:00,14.8,,32.0,,좋음,29.0
2025-11-14 15:00:00,14.6,,33.0,,좋음,24.0
2025-11-14 16:00:00,14.3,,32.0,,좋음,26.0
2025-11-14 17:00:00,12.6,,36.0,,좋음,22.0
2025-11-14 18:00:00,11.2,,42.0,,좋음,27.0
2025-11-14 19:00:00,10.3,,52.0,,보통,33.0
2025-11-14 20:00:00,9.5,,58.0,,보통,40.0
2025-11-14 21:00:00,8.9,,61.0,,보통,40.0
2025-11-14 22:00:00,8.1,,65.0,,보통,41.0
2025-11-14 23:00:00,7.5,,66.0,,보통,39.0
2025-11-15 00:00:00,6.8,,66.0,,보통,38.0
2025-11-15 01:00:00,6.4,,67.0,,보통,38.0
2025-11-15 02:00:00,6.0,,70.0,,보통,36.0
2025-11-15 03:00:00,5.6,,68.0,,보통,36.0
2025-11-15 04:00:00,5.2,,68.0,,보통,35.0
2025-11-15 05:00:00,4.9,,69.0,,보통,35.0
2025-11-15 06:00:00,4.5,,70.0,,보통,39.0
2025-11-15 07:00:00,3.9,,72.0,,보통,42.0
2025-11-15 08:00:00,3.7,,74.0,,보통,41.0
2025-11-15 09:00:00,5.9,,67.0,,보통,43.0
2025-11-15 10:00:00,8.7,,53.0,,보통,44.0
2025-11-15 11:00:00,11.3,,44.0,,보통,48.0
2025-11-15 12:00:00,14.2,,39.0,,보통,52.0
2025-11-15 13:00:00,15.0,,30.0,,보통,47.0
2025-11-15 14:00:00,16.7,,27.0,,보통,45.0
2025-11-15 15:00:00,17.3,,24.0,,보통,43.0
2025-11-15 16:00:00,16.9,,22.0,,보통,39.0
2025-11-15 17:00:00,14.7,,24.0,,보통,34.0
2025-11-15 18:00:00,13.0,,31.0,,보통,39.0
2025-11-15 19:00:00,11.7,,36.0,,보통,56.0
2025-11-15 20:00:00,10.6,,40.0,,보통,62.0
2025-11-15 21:00:00,9.5,,45.0,,보통,74.0
2025-11-15 22:00:00,8.9,,49.0,,보통,74.0
2025-11-15 23:00:00,8.6,,48.0,,보통,71.0
2025-11-16 00:00:00,8.0,,49.0,,보통,66.0
2025-11-16 01:00:00,7.5,,53.0,,보통,58.0
2025-11-16 02:00:00,7.0,,55.0,,보통,50.0
2025-11-16 03:00:00,6.3,,55.0,,보통,48.0
2025-11-16 04:00:00,6.6,,56.0,,보통,43.0
2025-11-16 05:00:00,6.2,,58.0,,보통,38.0
2025-11-16 06:00:00,5.8,,60.0,,보통,35.0
2025-11-16 07:00:00,5.7,,62.0,,보통,37.0
2025-11-16 08:00:00,5.7,,62.0,,보통,39.0
2025-11-16 09:00:00,7.6,,56.0,,보통,40.0
2025-11-16 10:00:00,10.5,,48.0,,보통,43.0
2025-11-16 11:00:00,12.8,,42.0,,보통,49.0
2025-11-16 12:00:00,16.5,,38.0,,보통,41.0
2025-11-16 13:00:00,17.8,,29.0,,보통,38.0
2025-11-16 14:00:00,18.4,,28.0,,좋음,28.0
2025-11-16 15:00:00,17.4,,47.0,,보통,36.0
2025-11-16 16:00:00,16.6,,56.0,,보통,32.0
2025-11-16 17:00:00,15.7,,61.0,,좋음,26.0
2025-11-16 18:00:00,15.1,,70.0,,좋음,23.0
2025-11-16 19:00:00,14.9,,73.0,,좋음,26.0
2025-11-16 20:00:00,14.8,,76.0,,좋음,27.0
2025-11-16 21:00:00,14.1,0.3,82.0,,좋음,28.0
2025-11-16 22:00:00,13.9,,84.0,,보통,35.0
2025-11-16 23:00:00,12.5,,75.0,,나쁨,111.0
2025-11-17 00:00:00,9.7,,59.0,,나쁨,108.0
2025-11-17 01:00:00,8.5,,55.0,,보통,60.0
2025-11-17 02:00:00,7.7,,52.0,,보통,46.0
2025-11-17 03:00:00,6.3,,32.0,,보통,45.0
2025-11-17 04:00:00,5.3,,35.0,,보통,45.0
2025-11-17 05:00:00,4.5,,25.0,,보통,35.0
2025-11-17 06:00:00,4.1,,27.0,,보통,36.0
2025-11-17 07:00:00,3.7,,27.0,,보통,43.0
2025-11-17 08:00:00,3.3,,30.0,,보통,45.0
2025-11-17 09:00:00,3.2,,32.0,,보통,51.0
2025-11-17 10:00:00,3.8,,34.0,,보통,54.0
2025-11-17 11:00:00,3.8,,32.0,,보통,59.0
2025-11-17 12:00:00,3.8,,28.0,,보통,51.0
2025-11-17 13:00:00,4.6,,30.0,,보통,44.0
2025-11-17 14:00:00,4.7,,35.0,,보통,39.0
2025-11-17 15:00:00,5.2,,32.0,,보통,40.0
2025-11-17 16:00:00,5.1,,34.0,,보통,40.0
2025-11-17 17:00:00,3.7,,36.0,,보통,39.0
2025-11-17 18:00:00,3.0,,43.0,,보통,38.0
2025-11-17 19:00:00,2.4,,47.0,,보통,38.0
2025-11-17 20:00:00,1.4,,48.0,,보통,38.0
2025-11-17 21:00:00,0.6,,50.0,,보통,37.0
2025-11-17 22:00:00,0.2,,52.0,,보통,31.0
2025-11-17 23:00:00,-0.1,,53.0,,좋음,29.0
2025-11-18 00:00:00,-0.6,,55.0,,좋음,28.0
2025-11-18 01:00:00,-1.0,,55.0,,좋음,29.0
2025-11-18 02:00:00,-1.5,,56.0,,좋음,30.0
2025-11-18 03:00:00,-1.6,,55.0,,좋음,27.0
2025-11-18 04:00:00,-1.6,,54.0,,좋음,28.0
2025-11-18 05:00:00,-1.9,,55.0,,좋음,27.0
2025-11-18 06:00:00,-2.0,,56.0,,좋음,29.0
2025-11-18 07:00:00,-1.7,,55.0,,보통,32.0
2025-11-18 08:00:00,-1.9,,57.0,,보통,35.0
2025-11-18 09:00:00,-0.9,,49.0,,보통,34.0
2025-11-18 10:00:00,1.1,,40.0,,보통,32.0
2025-11-18 11:00:00,2.9,,33.0,,좋음,30.0
2025-11-18 12:00:00,4.3,,31.0,,좋음,28.0
2025-11-18 13:00:00,5.4,,31.0,,좋음,29.0
2025-11-18 14:00:00,5.7,,31.0,,좋음,27.0
2025-11-18 15:00:00,6.3,,33.0,,좋음,30.0
2025-11-18 16:00:00,5.3,,37.0,,보통,32.0
2025-11-18 17:00:00,4.3,,40.0,,보통,32.0
2025-11-18 18:00:00,3.4,,45.0,,보통,33.0
2025-11-18 19:00:00,3.0,,48.0,,보통,33.0
2025-11-18 20:00:00,2.6,,53.0,,보통,34.0
2025-11-18 21:00:00,2.1,,54.0,,보통,32.0
2025-11-18 22:00:00,2.2,,53.0,,보통,35.0
2025-11-18 23:00:00,1.6,,51.0,,보통,36.0
2025-11-19 00:00:00,0.8,,54.0,,보통,37.0
2025-11-19 01:00:00,0.4,,53.0,,보통,32.0
2025-11-19 02:00:00,-0.1,,54.0,,보통,32.0
2025-11-19 03:00:00,-0.5,,56.0,,보통,33.0
2025-11-19 04:00:00,-0.8,,58.0,,보통,32.0
2025-11-19 05:00:00,-1.2,,57.0,,보통,35.0
2025-11-19 06:00:00,-1.2,,57.0,,보통,36.0
2025-11-19 07:00:00,-1.4,,59.0,,보통,42.0
2025-11-19 08:00:00,-1.4,,62.0,,보통,43.0
2025-11-19 09:00:00,0.0,,59.0,,보통,45.0
2025-11-19 10:00:00,3.3,,43.0,,보통,46.0
2025-11-19 11:00:00,4.9,,33.0,,보통,46.0
2025-11-19 12:00:00,6.5,,31.0,,보통,35.0
2025-11-19 13:00:00,7.5,,30.0,,보통,32.0
2025-11-19 14:00:00,8.3,,30.0,,좋음,29.0
2025-11-19 15:00:00,8.5,,30.0,,보통,37.0
2025-11-19 16:00:00,8.0,,32.0,,보통,32.0
2025-11-19 17:00:00,6.3,,41.0,,보통,36.0
2025-11-19 18:00:00,5.1,,48.0,,보통,35.0
2025-11-19 19:00:00,4.3,,53.0,,보통,35.0
2025-11-19 20:00:00,3.8,,56.0,,보통,38.0
2025-11-19 21:00:00,3.2,,58.0,,보통,40.0
2025-11-19 22:00:00,2.7,,62.0,,보통,45.0
2025-11-19 23:00:00,2.4,,65.0,,보통,46.0
2025-11-20 00:00:00,2.3,,62.0,,보통,41.0
2025-11-20 01:00:00,1.7,,64.0,,보통,41.0
2025-11-20 02:00:00,1.9,,65.0,,보통,40.0
2025-11-20 03:00:00,2.6,,64.0,,보통,41.0
2025-11-20 04:00:00,3.1,,64.0,,보통,39.0
2025-11-20 05:00:00,3.3,,64.0,,보통,38.0
2025-11-20 06:00:00,3.6,,64.0,,보통,40.0
2025-11-20 07:00:00,3.7,,65.0,,보통,43.0
2025-11-20 08:00:00,4.0,,67.0,,보통,45.0
2025-11-20 09:00:00,5.0,,66.0,,보통,44.0
2025-11-20 10:00:00,7.4,,61.0,,보통,51.0
2025-11-20 11:00:00,9.8,,57.0,,보통,52.0
2025-11-20 12:00:00,12.2,,55.0,,보통,54.0
2025-11-20 13:00:00,13.2,,56.0,,보통,55.0
2025-11-20 14:00:00,13.7,,59.0,,보통,57.0
2025-11-20 15:00:00,14.6,,52.0,,보통,65.0
2025-11-20 16:00:00,13.9,,51.0,,보통,70.0
2025-11-20 17:00:00,11.9,,49.0,,보통,62.0
2025-11-20 18:00:00,10.7,,63.0,,보통,55.0
2025-11-20 19:00:00,9.4,,50.0,,보통,57.0
2025-11-20 20:00:00,8.1,,37.0,,보통,47.0
2025-11-20 21:00:00,7.0,,51.0,,좋음,29.0
2025-11-20 22:00:00,5.5,,52.0,,좋음,29.0
2025-11-20 23:00:00,4.6,,52.0,,좋음,27.0
2025-11-21 00:00:00,3.6,,55.0,,좋음,25.0
2025-11-21 01:00:00,2.9,,57.0,,좋음,21.0
2025-11-21 02:00:00,2.7,,59.0,,좋음,19.0
2025-11-21 03:00:00,2.4,,63.0,,좋음,21.0
2025-11-21 04:00:00,1.8,,63.0,,좋음,20.0
2025-11-21 05:00:00,1.5,,66.0,,좋음,19.0
2025-11-21 06:00:00,1.4,,68.0,,좋음,26.0
2025-11-21 07:00:00,1.0,,70.0,,좋음,27.0
2025-11-21 08:00:00,1.2,,69.0,,보통,32.0
2025-11-21 09:00:00,3.0,,62.0,,보통,35.0
2025-11-21 10:00:00,6.3,,49.0,,보통,43.0
2025-11-21 11:00:00,8.8,,37.0,,보통,36.0
2025-11-21 12:00:00,10.8,,32.0,,좋음,30.0
2025-11-21 13:00:00,11.5,,35.0,,좋음,28.0
2025-11-21 14:00:00,12.3,,40.0,,좋음,22.0
2025-11-21 15:00:00,11.3,,46.0,,,
2025-11-21 16:00:00,11.4,,49.0,,,
2025-11-21 17:00:00,10.5,,54.0,,,
2025-11-21 18:00:00,10.4,,57.0,,좋음,21.0
2025-11-21 19:00:00,10.3,,61.0,,좋음,21.0
2025-11-21 20:00:00,10.2,,63.0,,좋음,25.0
2025-11-21 21:00:00,10.5,,67.0,,보통,31.0
2025-11-21 22:00:00,10.2,,70.0,,보통,33.0
2025-11-21 23:00:00,9.7,,72.0,,보통,37.0
2025-11-22 00:00:00,9.3,,73.0,,보통,39.0
2025-11-22 01:00:00,8.7,,73.0,,보통,43.0
2025-11-22 02:00:00,7.9,,79.0,,보통,40.0
2025-11-22 03:00:00,7.2,,81.0,,보통,34.0
2025-11-22 04:00:00,6.8,,82.0,,보통,33.0
2025-11-22 05:00:00,6.7,,83.0,,좋음,30.0
2025-11-22 06:00:00,6.2,,84.0,,보통,34.0
2025-11-22 07:00:00,5.7,,84.0,,보통,38.0
2025-11-22 08:00:00,5.5,,86.0,,보통,39.0
2025-11-22 09:00:00,6.7,,84.0,,보통,43.0
2025-11-22 10:00:00,7.9,,78.0,,보통,49.0
2025-11-22 11:00:00,10.6,,70.0,,보통,49.0
2025-11-22 12:00:00,13.5,,56.0,,보통,47.0
2025-11-22 13:00:00,13.2,,52.0,,보통,46.0
2025-11-22 14:00:00,14.5,,44.0,,보통,43.0
2025-11-22 15:00:00,14.8,,40.0,,보통,36.0
2025-11-22 16:00:00,14.2,,36.0,,보통,35.0
2025-11-22 17:00:00,12.7,,39.0,,보통,40.0
2025-11-22 18:00:00,11.7,,46.0,,보통,45.0
2025-11-22 19:00:00,10.6,,51.0,,보통,49.0
2025-11-22 20:00:00,9.6,,57.0,,보통,57.0
2025-11-22 21:00:00,8.8,,61.0,,보통,59.0
2025-11-22 22:00:00,8.9,,66.0,,보통,57.0
2025-11-22 23:00:00,8.2,,67.0,,보통,49.0
2025-11-23 00:00:00,7.8,,70.0,,보통,49.0
2025-11-23 01:00:00,7.4,,70.0,,보통,47.0
2025-11-23 02:00:00,6.9,,71.0,,보통,45.0
2025-11-23 03:00:00,6.7,,74.0,,보통,48.0
2025-11-23 04:00:00,7.2,,74.0,,보통,49.0
2025-11-23 05:00:00,7.6,,76.0,,보통,48.0
2025-11-23 06:00:00,8.1,,74.0,,보통,49.0
2025-11-23 07:00:00,8.2,,75.0,,보통,50.0
2025-11-23 08:00:00,8.3,,75.0,,보통,50.0
2025-11-23 09:00:00,8.9,,75.0,,보통,43.0
2025-11-23 10:00:00,9.8,,72.0,,보통,41.0
2025-11-23 11:00:00,11.3,,67.0,,보통,36.0
2025-11-23 12:00:00,12.6,,64.0,,보통,35.0
2025-11-23 13:00:00,13.3,,64.0,,보통,38.0
2025-11-23 14:00:00,13.9,,61.0,,보통,37.0
2025-11-23 15:00:00,13.9,,61.0,,보통,36.0
2025-11-23 16:00:00,14.1,,61.0,,보통,37.0
2025-11-23 17:00:00,13.4,,63.0,,보통,40.0
2025-11-23 18:00:00,13.0,,66.0,,보통,47.0
2025-11-23 19:00:00,12.6,,69.0,,보통,51.0
2025-11-23 20:00:00,12.4,,70.0,,보통,54.0
2025-11-23 21:00:00,12.3,,71.0,,보통,54.0
2025-11-23 22:00:00,12.5,,74.0,,보통,54.0
2025-11-23 23:00:00,12.3,,73.0,,보통,55.0
2025-11-24 00:00:00,12.0,,72.0,,보통,56.0
2025-11-24 01:00:00,11.8,,74.0,,보통,59.0
2025-11-24 02:00:00,11.8,,75.0,,보통,57.0
2025-11-24 03:00:00,11.7,,75.0,,보통,57.0
2025-11-24 04:00:00,11.4,,76.0,,보통,58.0
2025-11-24 05:00:00,11.3,,75.0,,보통,60.0
2025-11-24 06:00:00,11.3,,75.0,,보통,58.0
2025-11-24 07:00:00,11.1,,76.0,,보통,56.0
2025-11-24 08:00:00,10.4,,79.0,,보통,55.0
2025-11-24 09:00:00,11.1,,78.0,,보통,58.0
2025-11-24 10:00:00,12.1,,76.0,,보통,58.0
2025-11-24 11:00:00,13.2,,74.0,,보통,62.0
2025-11-24 12:00:00,14.3,,72.0,,보통,63.0
2025-11-24 13:00:00,15.3,,68.0,,보통,70.0
2025-11-24 14:00:00,16.4,,60.0,,나쁨,81.0
2025-11-24 15:00:00,16.6,,52.0,,나쁨,86.0
2025-11-24 16:00:00,16.0,,41.0,,나쁨,105.0
2025-11-24 17:00:00,14.5,,48.0,,나쁨,106.0
2025-11-24 18:00:00,13.2,,59.0,,나쁨,97.0
2025-11-24 19:00:00,12.2,,65.0,,나쁨,105.0
2025-11-24 20:00:00,11.6,,75.0,,나쁨,111.0
2025-11-24 21:00:00,11.3,,82.0,,나쁨,114.0
2025-11-24 22:00:00,10.7,,82.0,,나쁨,115.0
2025-11-24 23:00:00,10.2,,85.0,,나쁨,121.0
2025-11-25 00:00:00,9.6,,87.0,,나쁨,120.0
2025-11-25 01:00:00,9.1,,87.0,,나쁨,118.0
2025-11-25 02:00:00,8.9,,90.0,,나쁨,116.0
2025-11-25 03:00:00,8.5,,89.0,,나쁨,119.0
2025-11-25 04:00:00,8.4,,91.0,,나쁨,125.0
2025-11-25 05:00:00,8.3,,91.0,,나쁨,126.0
2025-11-25 06:00:00,8.6,0.0,93.0,,나쁨,131.0
2025-11-25 07:00:00,8.3,,91.0,,나쁨,115.0
2025-11-25 08:00:00,8.2,,93.0,,보통,70.0
2025-11-25 09:00:00,8.5,6.2,91.0,,보통,67.0
2025-11-25 10:00:00,8.1,,89.0,,보통,56.0
2025-11-25 11:00:00,8.0,,89.0,,보통,39.0
2025-11-25 12:00:00,8.6,1.6,79.0,,보통,75.0
2025-11-25 13:00:00,8.5,,75.0,,나쁨,99.0
2025-11-25 14:00:00,7.9,,72.0,,보통,80.0
2025-11-25 15:00:00,7.4,0.0,73.0,,보통,68.0
2025-11-25 16:00:00,6.9,,73.0,,보통,69.0
2025-11-25 17:00:00,6.5,,73.0,,보통,70.0
2025-11-25 18:00:00,6.3,,76.0,,보통,66.0
2025-11-25 19:00:00,6.1,,77.0,,보통,68.0
2025-11-25 20:00:00,5.9,,76.0,,보통,74.0
2025-11-25 21:00:00,5.7,,76.0,,보통,78.0
2025-11-25 22:00:00,5.7,,77.0,,보통,73.0
2025-11-25 23:00:00,5.4,,73.0,,보통,77.0
2025-11-26 00:00:00,5.3,,72.0,,보통,78.0
2025-11-26 01:00:00,5.3,,70.0,,보통,77.0
2025-11-26 02:00:00,5.2,,71.0,,보통,75.0
2025-11-26 03:00:00,5.2,,71.0,,보통,72.0
2025-11-26 04:00:00,5.2,,69.0,,보통,60.0
2025-11-26 05:00:00,5.3,,70.0,,보통,60.0
2025-11-26 06:00:00,4.4,,71.0,,보통,66.0
2025-11-26 07:00:00,3.8,,76.0,,보통,73.0
2025-11-26 08:00:00,3.5,,80.0,,보통,77.0
2025-11-26 09:00:00,4.3,,79.0,,보통,76.0
2025-11-26 10:00:00,6.9,,65.0,,보통,65.0
2025-11-26 11:00:00,8.2,,53.0,,보통,55.0
2025-11-26 12:00:00,9.9,,52.0,,보통,41.0
2025-11-26 13:00:00,10.8,,48.0,,보통,39.0
2025-11-26 14:00:00,9.5,,51.0,,보통,34.0
2025-11-26 15:00:00,9.8,,52.0,,보통,36.0
2025-11-26 16:00:00,9.6,,52.0,,보통,41.0
2025-11-26 17:00:00,8.7,,54.0,,보통,39.0
2025-11-26 18:00:00,7.7,,58.0,,좋음,30.0
2025-11-26 19:00:00,6.7,,62.0,,좋음,29.0
2025-11-26 20:00:00,6.2,,68.0,,보통,31.0
2025-11-26 21:00:00,5.6,,71.0,,보통,35.0
2025-11-26 22:00:00,5.3,,74.0,,보통,35.0
2025-11-26 23:00:00,5.0,,74.0,,보통,33.0
2025-11-27 00:00:00,4.4,,77.0,,보통,35.0
2025-11-27 01:00:00,3.8,,80.0,,보통,31.0
2025-11-27 02:00:00,3.9,,80.0,,보통,32.0
2025-11-27 03:00:00,3.9,,79.0,,보통,32.0
2025-11-27 04:00:00,4.3,,78.0,,좋음,28.0
2025-11-27 05:00:00,4.7,,76.0,,보통,32.0
2025-11-27 06:00:00,4.9,,75.0,,좋음,28.0
2025-11-27 07:00:00,5.4,,78.0,,좋음,25.0
2025-11-27 08:00:00,5.4,,80.0,,좋음,22.0
2025-11-27 09:00:00,6.0,0.1,78.0,,좋음,23.0
2025-11-27 10:00:00,5.9,,84.0,,좋음,28.0
2025-11-27 11:00:00,6.2,,90.0,,좋음,25.0
2025-11-27 12:00:00,6.7,7.4,93.0,,좋음,21.0
2025-11-27 13:00:00,8.4,,90.0,,좋음,29.0
2025-11-27 14:00:00,7.5,,86.0,,보통,40.0
2025-11-27 15:00:00,6.4,2.5,87.0,,보통,35.0
2025-11-27 16:00:00,6.6,,84.0,,좋음,29.0
2025-11-27 17:00:00,6.7,,73.0,,보통,41.0
2025-11-27 18:00:00,5.8,0.0,70.0,,보통,48.0
2025-11-27 19:00:00,4.9,,68.0,,보통,51.0
2025-11-27 20:00:00,4.7,,70.0,,보통,51.0
2025-11-27 21:00:00,4.5,,72.0,,보통,45.0
2025-11-27 22:00:00,3.8,,67.0,,보통,37.0
2025-11-27 23:00:00,2.9,,65.0,,좋음,25.0
2025-11-28 00:00:00,2.5,,65.0,,좋음,25.0
2025-11-28 01:00:00,2.1,,69.0,,좋음,24.0
2025-11-28 02:00:00,1.4,,68.0,,좋음,20.0
2025-11-28 03:00:00,0.7,,70.0,,좋음,23.0
2025-11-28 04:00:00,0.1,,70.0,,좋음,24.0
2025-11-28 05:00:00,-0.5,,72.0,,좋음,25.0
2025-11-28 06:00:00,-0.7,,71.0,,좋음,26.0
2025-11-28 07:00:00,-1.1,,69.0,,좋음,24.0
2025-11-28 08:00:00,-1.3,,72.0,,좋음,24.0
2025-11-28 09:00:00,-0.3,,67.0,,좋음,26.0
2025-11-28 10:00:00,1.5,,60.0,,좋음,28.0
2025-11-28 11:00:00,4.3,,48.0,,좋음,26.0
2025-11-28 12:00:00,4.7,,42.0,,좋음,25.0
2025-11-28 13:00:00,6.3,,38.0,,좋음,22.0
2025-11-28 14:00:00,6.7,,35.0,,좋음,21.0
2025-11-28 15:00:00,6.6,,35.0,,좋음,20.0
2025-11-28 16:00:00,6.5,,38.0,,좋음,25.0
2025-11-28 17:00:00,5.4,,40.0,,보통,31.0
2025-11-28 18:00:00,4.3,,45.0,,좋음,30.0
2025-11-28 19:00:00,3.2,,49.0,,좋음,21.0
2025-11-28 20:00:00,2.4,,54.0,,좋음,20.0
2025-11-28 21:00:00,1.8,,57.0,,좋음,26.0
2025-11-28 22:00:00,1.5,,61.0,,보통,31.0
2025-11-28 23:00:00,1.1,,61.0,,좋음,28.0
2025-11-29 00:00:00,0.9,,64.0,,좋음,30.0
2025-11-29 01:00:00,0.9,,62.0,,좋음,28.0
2025-11-29 02:00:00,0.6,,60.0,,좋음,25.0
2025-11-29 03:00:00,0.6,,62.0,,좋음,29.0
2025-11-29 04:00:00,0.7,,61.0,,좋음,27.0
2025-11-29 05:00:00,0.5,,62.0,,좋음,26.0
2025-11-29 06:00:00,0.4,,63.0,,좋음,30.0
2025-11-29 07:00:00,0.3,,63.0,,보통,33.0
2025-11-29 08:00:00,0.5,,62.0,,좋음,30.0
2025-11-29 09:00:00,1.7,,59.0,,보통,31.0
2025-11-29 10:00:00,4.2,,51.0,,보통,33.0
2025-11-29 11:00:00,5.5,,47.0,,보통,32.0
2025-11-29 12:00:00,6.9,,44.0,,좋음,29.0
2025-11-29 13:00:00,7.6,,44.0,,좋음,29.0
2025-11-29 14:00:00,8.8,,44.0,,보통,31.0
2025-11-29 15:00:00,9.2,,49.0,,좋음,28.0
2025-11-29 16:00:00,8.9,,48.0,,좋음,29.0
2025-11-29 17:00:00,8.6,,51.0,,좋음,30.0
2025-11-29 18:00:00,8.6,,53.0,,보통,34.0
2025-11-29 19:00:00,8.5,,55.0,,보통,36.0
2025-11-29 20:00:00,8.7,,54.0,,보통,35.0
2025-11-29 21:00:00,8.7,0.0,58.0,,보통,39.0
2025-11-29 22:00:00,8.9,,61.0,,보통,42.0
2025-11-29 23:00:00,9.2,,68.0,,보통,48.0
2025-11-30 00:00:00,9.2,0.1,69.0,,보통,58.0
2025-11-30 01:00:00,9.2,,70.0,,보통,63.0
2025-11-30 02:00:00,9.6,,75.0,,보통,70.0
2025-11-30 03:00:00,10.1,,84.0,,보통,73.0
2025-11-30 04:00:00,10.2,,85.0,,보통,75.0
2025-11-30 05:00:00,10.8,,91.0,,보통,77.0
2025-11-30 06:00:00,10.1,,85.0,,보통,78.0
2025-11-30 07:00:00,10.4,,89.0,,보통,75.0
2025-11-30 08:00:00,9.9,,86.0,,보통,76.0
2025-11-30 09:00:00,10.0,,89.0,,보통,74.0
2025-11-30 10:00:00,11.8,,87.0,,나쁨,92.0
2025-11-30 11:00:00,13.5,,79.0,,나쁨,109.0
2025-11-30 12:00:00,13.9,,74.0,,나쁨,112.0
2025-11-30 13:00:00,15.6,,67.0,,나쁨,118.0
2025-11-30 14:00:00,15.8,,62.0,,나쁨,117.0
2025-11-30 15:00:00,15.9,,60.0,,나쁨,119.0
2025-11-30 16:00:00,15.6,,59.0,,나쁨,122.0
2025-11-30 17:00:00,14.8,,65.0,,나쁨,111.0
2025-11-30 18:00:00,13.9,,71.0,,나쁨,108.0
2025-11-30 19:00:00,13.3,,76.0,,나쁨,102.0
2025-11-30 20:00:00,13.3,,81.0,,나쁨,94.0
2025-11-30 21:00:00,12.8,,84.0,,나쁨,87.0
2025-11-30 22:00:00,12.6,,86.0,,보통,80.0
2025-11-30 23:00:00,12.6,,87.0,,나쁨,86.0
2025-12-01 00:00:00,12.2,,83.0,,나쁨,102.0
2025-12-01 01:00:00,11.5,,81.0,,나쁨,145.0
2025-12-01 02:00:00,9.2,,56.0,,매우나쁨,165.0
2025-12-01 03:00:00,7.7,,54.0,,나쁨,102.0
2025-12-01 04:00:00,6.4,,54.0,,보통,67.0
2025-12-01 05:00:00,5.5,,52.0,,보통,50.0
2025-12-01 06:00:00,4.8,,56.0,,보통,45.0
2025-12-01 07:00:00,4.2,,68.0,,보통,48.0
2025-12-01 08:00:00,3.8,,62.0,,보통,48.0
2025-12-01 09:00:00,3.8,,65.0,,보통,49.0
2025-12-01 10:00:00,4.5,,62.0,,보통,46.0
2025-12-01 11:00:00,6.0,,58.0,,보통,45.0
2025-12-01 12:00:00,6.6,,51.0,,보통,47.0
2025-12-01 13:00:00,8.4,,45.0,,보통,44.0
2025-12-01 14:00:00,8.9,,39.0,,보통,37.0
2025-12-01 15:00:00,8.8,,32.0,,보통,42.0
2025-12-01 16:00:00,8.6,,37.0,,보통,39.0
2025-12-01 17:00:00,6.9,,37.0,,보통,37.0
2025-12-01 18:00:00,5.9,,46.0,,보통,32.0
2025-12-01 19:00:00,5.0,,52.0,,좋음,29.0
2025-12-01 20:00:00,4.5,,55.0,,좋음,29.0
2025-12-01 21:00:00,4.4,,57.0,,좋음,29.0
2025-12-01 22:00:00,3.8,,45.0,,좋음,24.0
2025-12-01 23:00:00,2.9,,43.0,,좋음,17.0
2025-12-02 00:00:00,2.3,,43.0,,좋음,18.0
2025-12-02 01:00:00,2.2,,47.0,,좋음,20.0
2025-12-02 02:00:00,2.5,,51.0,,좋음,20.0
2025-12-02 03:00:00,2.4,,53.0,,좋음,15.0
2025-12-02 04:00:00,2.3,,53.0,,좋음,15.0
2025-12-02 05:00:00,1.9,,54.0,,좋음,15.0
2025-12-02 06:00:00,1.3,,53.0,,좋음,19.0
2025-12-02 07:00:00,0.8,,46.0,,좋음,25.0
2025-12-02 08:00:00,0.4,,38.0,,좋음,28.0
2025-12-02 09:00:00,0.7,,37.0,,좋음,26.0
2025-12-02 10:00:00,1.6,,30.0,,좋음,24.0
2025-12-02 11:00:00,2.2,,27.0,,좋음,27.0
2025-12-02 12:00:00,2.7,,25.0,,좋음,26.0
2025-12-02 13:00:00,2.9,,27.0,,좋음,23.0
2025-12-02 14:00:00,2.9,,28.0,,좋음,21.0
2025-12-02 15:00:00,3.3,,30.0,,좋음,23.0
2025-12-02 16:00:00,1.8,,30.0,,좋음,26.0
2025-12-02 17:00:00,0.4,,32.0,,좋음,25.0
2025-12-02 18:00:00,-0.6,,31.0,,좋음,22.0
2025-12-02 19:00:00,-1.4,,35.0,,좋음,20.0
2025-12-02 20:00:00,-2.2,,36.0,,좋음,20.0
2025-12-02 21:00:00,-3.5,,40.0,,좋음,19.0
2025-12-02 22:00:00,-4.5,,51.0,,좋음,17.0
2025-12-02 23:00:00,-5.0,,56.0,,좋음,17.0
2025-12-03 00:00:00,-5.4,,60.0,,좋음,16.0
2025-12-03 01:00:00,-5.8,,60.0,,좋음,17.0
2025-12-03 02:00:00,-5.9,,60.0,,좋음,19.0
2025-12-03 03:00:00,-6.3,,44.0,,좋음,19.0
2025-12-03 04:00:00,-6.9,,42.0,,좋음,16.0
2025-12-03 05:00:00,-7.4,,41.0,,좋음,16.0
2025-12-03 06:00:00,-7.7,,37.0,,좋음,18.0
2025-12-03 07:00:00,-7.5,,34.0,,좋음,19.0
2025-12-03 08:00:00,-7.3,,32.0,,좋음,20.0
2025-12-03 09:00:00,-6.5,,30.0,,좋음,19.0
2025-12-03 10:00:00,-5.7,,28.0,,좋음,25.0
2025-12-03 11:00:00,-5.1,,29.0,,좋음,25.0
2025-12-03 12:00:00,-4.2,,31.0,,좋음,26.0
2025-12-03 13:00:00,-3.4,,32.0,,좋음,26.0
2025-12-03 14:00:00,-3.1,,34.0,,좋음,28.0
2025-12-03 15:00:00,-3.5,,37.0,,좋음,28.0
2025-12-03 16:00:00,-3.4,,40.0,,좋음,29.0
2025-12-03 17:00:00,-4.1,,45.0,,보통,31.0
2025-12-03 18:00:00,-4.7,,48.0,,보통,31.0
2025-12-03 19:00:00,-5.6,,50.0,,좋음,23.0
2025-12-03 20:00:00,-6.3,,53.0,,좋음,21.0
2025-12-03 21:00:00,-6.6,,53.0,,좋음,18.0
2025-12-03 22:00:00,-7.0,,53.0,,좋음,22.0
2025-12-03 23:00:00,-7.6,,51.0,,좋음,19.0
2025-12-04 00:00:00,-8.1,,51.0,,좋음,19.0
2025-12-04 01:00:00,-8.8,,50.0,,좋음,17.0
2025-12-04 02:00:00,-8.7,,44.0,,좋음,17.0
2025-12-04 03:00:00,-8.7,,41.0,,좋음,15.0
2025-12-04 04:00:00,-8.4,,36.0,,좋음,16.0
2025-12-04 05:00:00,-8.9,,38.0,,좋음,17.0
2025-12-04 06:00:00,-9.2,,40.0,,좋음,17.0
2025-12-04 07:00:00,-9.4,,44.0,,좋음,21.0
2025-12-04 08:00:00,-9.2,,44.0,,좋음,23.0
2025-12-04 09:00:00,-8.0,,46.0,,좋음,24.0
2025-12-04 10:00:00,-4.9,,42.0,,,
2025-12-04 11:00:00,-3.3,,37.0,,,
2025-12-04 12:00:00,-1.0,,30.0,,좋음,21.0
2025-12-04 13:00:00,0.6,,26.0,,좋음,29.0
2025-12-04 14:00:00,2.4,,23.0,,좋음,22.0
2025-12-04 15:00:00,3.3,,26.0,,좋음,18.0
2025-12-04 16:00:00,3.1,,31.0,,좋음,22.0
2025-12-04 17:00:00,1.9,,45.0,,좋음,28.0
2025-12-04 18:00:00,1.6,0.0,65.0,,보통,31.0
2025-12-04 19:00:00,0.4,,85.0,1.9,보통,38.0
2025-12-04 20:00:00,0.6,,87.0,5.1,보통,31.0
2025-12-04 21:00:00,-0.1,4.0,79.0,5.1,좋음,25.0
2025-12-04 22:00:00,-1.5,,76.0,5.1,좋음,25.0
2025-12-04 23:00:00,-2.9,,73.0,5.0,좋음,26.0
2025-12-05 00:00:00,-3.8,,70.0,4.9,좋음,29.0
2025-12-05 01:00:00,-4.6,,66.0,4.7,좋음,29.0
2025-12-05 02:00:00,-5.1,,66.0,4.5,좋음,30.0
2025-12-05 03:00:00,-5.5,,65.0,4.4,보통,32.0
2025-12-05 04:00:00,-5.5,,63.0,4.2,보통,31.0
2025-12-05 05:00:00,-5.7,,63.0,4.1,보통,31.0
2025-12-05 06:00:00,-6.4,,66.0,4.0,좋음,30.0
2025-12-05 07:00:00,-6.8,,68.0,3.9,좋음,28.0
2025-12-05 08:00:00,-6.7,,64.0,3.8,좋음,28.0
2025-12-05 09:00:00,-6.1,,60.0,3.6,좋음,27.0
2025-12-05 10:00:00,-3.8,,54.0,3.0,좋음,29.0
2025-12-05 11:00:00,-1.9,,47.0,2.8,좋음,27.0
2025-12-05 12:00:00,-0.7,,43.0,2.5,좋음,26.0
2025-12-05 13:00:00,0.3,,39.0,2.2,좋음,27.0
2025-12-05 14:00:00,1.0,,38.0,1.9,좋음,22.0
2025-12-05 15:00:00,1.6,,35.0,1.9,좋음,25.0
2025-12-05 16:00:00,2.0,,37.0,1.9,좋음,27.0
2025-12-05 17:00:00,0.9,,41.0,1.9,보통,36.0
2025-12-05 18:00:00,0.0,,42.0,1.9,보통,31.0
2025-12-05 19:00:00,-0.8,,53.0,1.9,좋음,25.0
2025-12-05 20:00:00,-1.6,,54.0,1.9,좋음,27.0
2025-12-05 21:00:00,-1.9,,55.0,1.9,좋음,28.0
2025-12-05 22:00:00,-1.6,,61.0,1.9,좋음,30.0
2025-12-05 23:00:00,-2.0,,62.0,1.9,좋음,26.0
2025-12-06 00:00:00,-1.9,,63.0,1.9,좋음,27.0
2025-12-06 01:00:00,-1.4,,65.0,1.9,좋음,26.0
2025-12-06 02:00:00,-1.1,,63.0,1.9,좋음,24.0
2025-12-06 03:00:00,-0.8,,62.0,1.9,좋음,22.0
2025-12-06 04:00:00,-0.7,,61.0,1.9,좋음,20.0
2025-12-06 05:00:00,-0.5,,61.0,1.9,좋음,21.0
2025-12-06 06:00:00,-0.8,,63.0,1.9,좋음,23.0
2025-12-06 07:00:00,-0.7,,65.0,1.9,좋음,23.0
2025-12-06 08:00:00,-0.9,,64.0,1.9,좋음,24.0
2025-12-06 09:00:00,-0.1,0.0,64.0,1.9,좋음,22.0
2025-12-06 10:00:00,1.4,,61.0,1.8,좋음,25.0
2025-12-06 11:00:00,2.5,,59.0,1.8,좋음,27.0
2025-12-06 12:00:00,2.7,,60.0,1.8,좋음,22.0
2025-12-06 13:00:00,3.3,,62.0,1.7,좋음,24.0
2025-12-06 14:00:00,3.8,,63.0,1.5,좋음,24.0
2025-12-06 15:00:00,4.0,0.0,63.0,1.3,좋음,24.0
2025-12-06 16:00:00,4.4,,67.0,0.9,좋음,21.0
2025-12-06 17:00:00,4.3,,83.0,0.4,좋음,22.0
2025-12-06 18:00:00,4.1,0.6,82.0,0.4,좋음,24.0
2025-12-06 19:00:00,3.8,,83.0,0.4,좋음,27.0
2025-12-06 20:00:00,3.7,,84.0,0.4,보통,31.0
2025-12-06 21:00:00,3.7,0.0,86.0,0.4,좋음,30.0
2025-12-06 22:00:00,4.0,,85.0,0.4,보통,36.0
2025-12-06 23:00:00,3.9,,86.0,0.4,보통,38.0
2025-12-07 00:00:00,3.9,0.0,87.0,0.4,보통,45.0
2025-12-07 01:00:00,4.4,,92.0,0.4,보통,56.0
2025-12-07 02:00:00,5.5,,93.0,0.4,보통,70.0
2025-12-07 03:00:00,5.3,,90.0,0.4,보통,78.0
2025-12-07 04:00:00,4.9,,91.0,0.4,보통,78.0
2025-12-07 05:00:00,4.9,,90.0,0.4,보통,79.0
2025-12-07 06:00:00,4.2,,90.0,0.4,보통,74.0
2025-12-07 07:00:00,3.9,,92.0,0.4,보통,71.0
2025-12-07 08:00:00,3.4,,93.0,0.4,보통,69.0
2025-12-07 09:00:00,3.6,,94.0,0.4,보통,74.0
2025-12-07 10:00:00,5.6,,92.0,0.4,보통,78.0
2025-12-07 11:00:00,8.1,,84.0,,나쁨,87.0
2025-12-07 12:00:00,11.4,,65.0,,보통,80.0
2025-12-07 13:00:00,12.8,,58.0,,보통,80.0
2025-12-07 14:00:00,13.3,,54.0,,나쁨,87.0
2025-12-07 15:00:00,12.9,,63.0,,나쁨,85.0
2025-12-07 16:00:00,12.3,,70.0,,나쁨,88.0
2025-12-07 17:00:00,12.0,,69.0,,나쁨,96.0
2025-12-07 18:00:00,11.5,,73.0,,나쁨,100.0
2025-12-07 19:00:00,11.1,,79.0,,나쁨,102.0
2025-12-07 20:00:00,11.0,,80.0,,나쁨,109.0
2025-12-07 21:00:00,10.1,,83.0,,나쁨,125.0
2025-12-07 22:00:00,9.0,,83.0,,나쁨,139.0
2025-12-07 23:00:00,8.2,,73.0,,나쁨,113.0
2025-12-08 00:00:00,7.2,,61.0,,나쁨,89.0
2025-12-08 01:00:00,6.2,,52.0,,보통,74.0
2025-12-08 02:00:00,5.2,,54.0,,보통,64.0
2025-12-08 03:00:00,4.4,,56.0,,보통,55.0
2025-12-08 04:00:00,3.4,,59.0,,보통,56.0
2025-12-08 05:00:00,2.9,,58.0,,보통,54.0
2025-12-08 06:00:00,2.4,,59.0,,보통,53.0
2025-12-08 07:00:00,1.8,,58.0,,보통,46.0
2025-12-08 08:00:00,1.3,,60.0,,보통,41.0
2025-12-08 09:00:00,2.0,,56.0,,보통,41.0
2025-12-08 10:00:00,2.8,,49.0,,보통,42.0
2025-12-08 11:00:00,3.8,,44.0,,보통,36.0
2025-12-08 12:00:00,4.8,,39.0,,보통,35.0
2025-12-08 13:00:00,6.2,,38.0,,보통,31.0
2025-12-08 14:00:00,6.4,,35.0,,보통,36.0
2025-12-08 15:00:00,7.3,,32.0,,좋음,26.0
2025-12-08 16:00:00,6.4,,32.0,,좋음,23.0
2025-12-08 17:00:00,4.8,,31.0,,좋음,23.0
2025-12-08 18:00:00,3.7,,34.0,,좋음,25.0
2025-12-08 19:00:00,2.9,,39.0,,좋음,21.0
2025-12-08 20:00:00,2.3,,43.0,,좋음,22.0
2025-12-08 21:00:00,1.7,,45.0,,좋음,19.0
2025-12-08 22:00:00,1.4,,39.0,,좋음,19.0
2025-12-08 23:00:00,1.4,,38.0,,좋음,23.0
2025-12-09 00:00:00,0.8,,42.0,,좋음,20.0
2025-12-09 01:00:00,0.1,,46.0,,좋음,17.0
2025-12-09 02:00:00,-0.7,,52.0,,좋음,16.0
2025-12-09 03:00:00,-1.3,,52.0,,좋음,14.0
2025-12-09 04:00:00,-1.7,,57.0,,좋음,15.0
2025-12-09 05:00:00,-1.7,,60.0,,좋음,27.0
2025-12-09 06:00:00,-1.7,,63.0,,보통,36.0
2025-12-09 07:00:00,-2.2,,66.0,,좋음,30.0
2025-12-09 08:00:00,-2.3,,67.0,,좋음,27.0
2025-12-09 09:00:00,-0.7,,64.0,,좋음,22.0
2025-12-09 10:00:00,2.4,,53.0,,좋음,23.0
2025-12-09 11:00:00,4.0,,49.0,,보통,33.0
2025-12-09 12:00:00,5.1,,47.0,,보통,33.0
2025-12-09 13:00:00,6.1,,48.0,,보통,38.0
2025-12-09 14:00:00,8.3,,45.0,,보통,34.0
2025-12-09 15:00:00,8.1,,49.0,,보통,35.0
2025-12-09 16:00:00,7.8,,51.0,,보통,32.0
2025-12-09 17:00:00,6.9,,55.0,,좋음,29.0
2025-12-09 18:00:00,6.3,,58.0,,좋음,28.0
2025-12-09 19:00:00,5.4,,59.0,,좋음,30.0
2025-12-09 20:00:00,4.7,,62.0,,좋음,27.0
2025-12-09 21:00:00,4.0,,67.0,,보통,32.0
2025-12-09 22:00:00,3.5,,69.0,,보통,34.0
2025-12-09 23:00:00,3.1,,71.0,,보통,34.0
2025-12-10 00:00:00,2.7,,72.0,,보통,35.0
2025-12-10 01:00:00,2.2,,76.0,,보통,32.0
2025-12-10 02:00:00,1.8,,78.0,,좋음,30.0
2025-12-10 03:00:00,2.0,,79.0,,보통,31.0
2025-12-10 04:00:00,1.6,,80.0,,보통,31.0
2025-12-10 05:00:00,1.1,,82.0,,보통,31.0
2025-12-10 06:00:00,0.8,,84.0,,보통,31.0
2025-12-10 07:00:00,0.7,,85.0,,보통,32.0
2025-12-10 08:00:00,1.1,,85.0,,보통,34.0
2025-12-10 09:00:00,2.4,,80.0,,보통,34.0
2025-12-10 10:00:00,3.4,,74.0,,보통,37.0
2025-12-10 11:00:00,4.8,,69.0,,보통,44.0
2025-12-10 12:00:00,5.8,,66.0,,보통,55.0
2025-12-10 13:00:00,6.9,,64.0,,보통,55.0
2025-12-10 14:00:00,7.9,,62.0,,보통,59.0
2025-12-10 15:00:00,8.5,,60.0,,보통,59.0
2025-12-10 16:00:00,8.4,,60.0,,보통,61.0
2025-12-10 17:00:00,8.0,,61.0,,보통,49.0
2025-12-10 18:00:00,7.4,,64.0,,보통,46.0
2025-12-10 19:00:00,7.5,,64.0,,보통,43.0
2025-12-10 20:00:00,7.4,,68.0,,보통,48.0
2025-12-10 21:00:00,7.1,,73.0,,보통,51.0
2025-12-10 22:00:00,6.4,,74.0,,보통,54.0
2025-12-10 23:00:00,5.6,,77.0,,보통,58.0
2025-12-11 00:00:00,5.0,,79.0,,보통,57.0
2025-12-11 01:00:00,4.9,,80.0,,보통,57.0
2025-12-11 02:00:00,5.2,,78.0,,보통,56.0
2025-12-11 03:00:00,5.3,1.6,85.0,,보통,54.0
2025-12-11 04:00:00,5.2,,91.0,,보통,55.0
2025-12-11 05:00:00,5.2,,92.0,,보통,48.0
2025-12-11 06:00:00,5.2,10.2,94.0,,보통,44.0
2025-12-11 07:00:00,5.2,,93.0,,보통,36.0
2025-12-11 08:00:00,5.5,,93.0,,보통,31.0
2025-12-11 09:00:00,6.0,1.1,93.0,,보통,33.0
2025-12-11 10:00:00,7.0,,94.0,,좋음,28.0
2025-12-11 11:00:00,7.4,,90.0,,보통,32.0
2025-12-11 12:00:00,7.3,,82.0,,보통,49.0
2025-12-11 13:00:00,7.4,,69.0,,보통,77.0
2025-12-11 14:00:00,7.9,,59.0,,보통,66.0
2025-12-11 15:00:00,7.5,,44.0,,보통,43.0
2025-12-11 16:00:00,6.2,,46.0,,보통,33.0
2025-12-11 17:00:00,4.1,,45.0,,좋음,28.0
2025-12-11 18:00:00,2.6,,50.0,,좋음,22.0
2025-12-11 19:00:00,1.4,,48.0,,좋음,18.0
2025-12-11 20:00:00,0.5,,48.0,,좋음,20.0
2025-12-11 21:00:00,-0.3,,48.0,,좋음,21.0
2025-12-11 22:00:00,-0.9,,50.0,,좋음,23.0
2025-12-11 23:00:00,-1.2,,49.0,,좋음,26.0
2025-12-12 00:00:00,-1.7,,50.0,,좋음,24.0
2025-12-12 01:00:00,-2.5,,53.0,,좋음,24.0
2025-12-12 02:00:00,-2.7,,54.0,,좋음,24.0
2025-12-12 03:00:00,-3.1,,57.0,,좋음,25.0
2025-12-12 04:00:00,-3.3,,59.0,,좋음,25.0
2025-12-12 05:00:00,-3.3,,61.0,,좋음,25.0
2025-12-12 06:00:00,-3.5,,61.0,,좋음,26.0
2025-12-12 07:00:00,-3.1,,61.0,,좋음,26.0
2025-12-12 08:00:00,-2.9,,64.0,,보통,34.0
2025-12-12 09:00:00,-2.1,,64.0,,보통,34.0
2025-12-12 10:00:00,1.4,,56.0,,보통,35.0
2025-12-12 11:00:00,3.6,,51.0,,보통,38.0
2025-12-12 12:00:00,4.7,,49.0,,좋음,28.0
2025-12-12 13:00:00,6.6,,47.0,,보통,33.0
2025-12-12 14:00:00,6.8,,46.0,,보통,34.0
2025-12-12 15:00:00,6.9,,47.0,,,
2025-12-12 16:00:00,6.7,,49.0,,,
2025-12-12 17:00:00,6.2,,51.0,,보통,33.0
2025-12-12 18:00:00,5.5,,52.0,,좋음,26.0
2025-12-12 19:00:00,5.1,,54.0,,좋음,23.0
2025-12-12 20:00:00,4.5,,57.0,,좋음,24.0
2025-12-12 21:00:00,4.3,,58.0,,좋음,26.0
2025-12-12 22:00:00,4.3,,58.0,,좋음,21.0
2025-12-12 23:00:00,4.1,,59.0,,좋음,21.0
2025-12-13 00:00:00,3.6,,62.0,,좋음,20.0
2025-12-13 01:00:00,3.5,,63.0,,좋음,16.0
2025-12-13 02:00:00,3.7,,64.0,,좋음,15.0
2025-12-13 03:00:00,3.9,,64.0,,좋음,12.0
2025-12-13 04:00:00,4.0,,65.0,,좋음,9.0
2025-12-13 05:00:00,3.9,,66.0,,좋음,7.0
2025-12-13 06:00:00,3.8,,67.0,,좋음,10.0
2025-12-13 07:00:00,4.2,,68.0,,좋음,13.0
2025-12-13 08:00:00,4.3,,68.0,,좋음,14.0
2025-12-13 09:00:00,4.5,0.0,69.0,,좋음,12.0
2025-12-13 10:00:00,4.2,,83.0,,좋음,12.0
2025-12-13 11:00:00,3.9,,86.0,,좋음,15.0
2025-12-13 12:00:00,3.9,1.2,87.0,,좋음,20.0
2025-12-13 13:00:00,3.8,,88.0,,좋음,18.0
2025-12-13 14:00:00,3.5,,89.0,,좋음,14.0
2025-12-13 15:00:00,3.6,2.6,89.0,,좋음,13.0
2025-12-13 16:00:00,3.0,,90.0,,좋음,15.0
2025-12-13 17:00:00,1.9,,91.0,,좋음,13.0
2025-12-13 18:00:00,1.7,4.1,93.0,,좋음,15.0
2025-12-13 19:00:00,1.3,,93.0,,좋음,17.0
2025-12-13 20:00:00,0.6,,93.0,0.5,좋음,17.0
2025-12-13 21:00:00,0.2,1.6,93.0,1.0,좋음,16.0
2025-12-13 22:00:00,0.1,,89.0,1.0,좋음,13.0
2025-12-13 23:00:00,-0.2,,88.0,1.0,좋음,16.0
2025-12-14 00:00:00,-0.8,0.0,90.0,1.0,좋음,23.0
2025-12-14 01:00:00,-1.0,,89.0,1.0,좋음,29.0
2025-12-14 02:00:00,-1.0,,90.0,1.0,보통,32.0
2025-12-14 03:00:00,-0.9,0.0,89.0,1.0,보통,31.0
2025-12-14 04:00:00,-0.8,,89.0,1.2,보통,31.0
2025-12-14 05:00:00,-0.9,,88.0,1.3,좋음,30.0
2025-12-14 06:00:00,-1.0,0.1,86.0,1.3,좋음,27.0
2025-12-14 07:00:00,-0.9,,87.0,1.3,좋음,27.0
2025-12-14 08:00:00,-0.9,,83.0,1.3,좋음,24.0
2025-12-14 09:00:00,-1.1,0.0,80.0,1.3,좋음,26.0
2025-12-14 10:00:00,-0.8,,78.0,1.1,좋음,26.0
2025-12-14 11:00:00,-0.1,,74.0,1.1,좋음,25.0
2025-12-14 12:00:00,0.5,,72.0,0.9,좋음,27.0
2025-12-14 13:00:00,1.1,,70.0,0.7,좋음,28.0
2025-12-14 14:00:00,1.5,,67.0,,보통,33.0
2025-12-14 15:00:00,2.2,,64.0,,좋음,27.0
2025-12-14 16:00:00,3.0,,62.0,,좋음,27.0
2025-12-14 17:00:00,2.0,,66.0,,좋음,23.0
2025-12-14 18:00:00,1.0,,71.0,,좋음,22.0
2025-12-14 19:00:00,0.3,,76.0,,좋음,23.0
2025-12-14 20:00:00,0.1,,72.0,,좋음,25.0
2025-12-14 21:00:00,-0.3,,75.0,,좋음,24.0
2025-12-14 22:00:00,-0.7,,77.0,,좋음,25.0
2025-12-14 23:00:00,-1.1,,73.0,,좋음,25.0
2025-12-15 00:00:00,-1.5,,75.0,,좋음,28.0
2025-12-15 01:00:00,-1.6,,80.0,,좋음,27.0
2025-12-15 02:00:00,-1.8,,81.0,,좋음,25.0
2025-12-15 03:00:00,-2.2,,81.0,,좋음,26.0
2025-12-15 04:00:00,-2.7,,85.0,,좋음,26.0
2025-12-15 05:00:00,-2.9,,86.0,,좋음,25.0
2025-12-15 06:00:00,-3.2,,87.0,,좋음,27.0
2025-12-15 07:00:00,-3.5,,88.0,,좋음,30.0
2025-12-15 08:00:00,-3.4,,90.0,,보통,31.0
2025-12-15 09:00:00,-2.4,,90.0,,보통,31.0
2025-12-15 10:00:00,0.2,,78.0,,보통,35.0
2025-12-15 11:00:00,2.1,,70.0,,보통,47.0
2025-12-15 12:00:00,3.0,,65.0,,보통,59.0
2025-12-15 13:00:00,3.7,,60.0,,보통,55.0
2025-12-15 14:00:00,3.9,,61.0,,보통,55.0
2025-12-15 15:00:00,4.5,,61.0,,보통,59.0
2025-12-15 16:00:00,4.2,,62.0,,보통,56.0
2025-12-15 17:00:00,3.7,,63.0,,보통,49.0
2025-12-15 18:00:00,2.6,,69.0,,보통,41.0
2025-12-15 19:00:00,1.7,,74.0,,보통,39.0
2025-12-15 20:00:00,1.2,,77.0,,보통,40.0
2025-12-15 21:00:00,1.1,,79.0,,보통,42.0
2025-12-15 22:00:00,1.4,,80.0,,보통,44.0
2025-12-15 23:00:00,1.7,,79.0,,보통,41.0
2025-12-16 00:00:00,2.1,,79.0,,보통,43.0
2025-12-16 01:00:00,2.3,,78.0,,보통,40.0
2025-12-16 02:00:00,2.3,,79.0,,보통,38.0
2025-12-16 03:00:00,2.3,0.0,79.0,,보통,37.0
2025-12-16 04:00:00,2.3,,79.0,,보통,38.0
2025-12-16 05:00:00,2.5,,79.0,,보통,38.0
2025-12-16 06:00:00,2.6,,78.0,,보통,39.0
2025-12-16 07:00:00,3.0,,78.0,,보통,40.0
2025-12-16 08:00:00,3.2,,78.0,,보통,42.0
2025-12-16 09:00:00,3.5,,80.0,,보통,45.0
2025-12-16 10:00:00,3.6,,83.0,,보통,47.0
2025-12-16 11:00:00,3.7,,89.0,,보통,49.0
2025-12-16 12:00:00,3.6,1.1,92.0,,보통,51.0
2025-12-16 13:00:00,3.8,,94.0,,보통,52.0
2025-12-16 14:00:00,4.1,,93.0,,보통,50.0
2025-12-16 15:00:00,4.2,0.3,95.0,,보통,49.0
2025-12-16 16:00:00,4.3,,95.0,,보통,48.0
2025-12-16 17:00:00,4.4,,95.0,,보통,50.0
2025-12-16 18:00:00,4.4,0.7,95.0,,보통,41.0
2025-12-16 19:00:00,4.4,,94.0,,보통,35.0
2025-12-16 20:00:00,4.5,,94.0,,보통,36.0
2025-12-16 21:00:00,4.6,0.0,94.0,,보통,37.0
2025-12-16 22:00:00,4.7,,94.0,,보통,45.0
2025-12-16 23:00:00,4.9,,94.0,,보통,49.0
2025-12-17 00:00:00,5.0,,95.0,,보통,51.0
2025-12-17 01:00:00,5.1,,95.0,,보통,56.0
2025-12-17 02:00:00,5.2,,95.0,,보통,57.0
2025-12-17 03:00:00,4.9,,93.0,,보통,59.0
2025-12-17 04:00:00,4.7,,93.0,,보통,64.0
2025-12-17 05:00:00,4.5,,92.0,,보통,72.0
2025-12-17 06:00:00,4.3,,90.0,,보통,67.0
2025-12-17 07:00:00,3.7,,90.0,,나쁨,82.0
2025-12-17 08:00:00,3.2,,89.0,,나쁨,94.0
2025-12-17 09:00:00,3.2,,87.0,,나쁨,96.0
2025-12-17 10:00:00,3.6,,83.0,,나쁨,90.0
2025-12-17 11:00:00,4.7,,79.0,,나쁨,82.0
2025-12-17 12:00:00,5.6,,71.0,,보통,73.0
2025-12-17 13:00:00,6.2,,62.0,,보통,73.0
2025-12-17 14:00:00,6.6,,57.0,,보통,73.0
2025-12-17 15:00:00,7.3,,58.0,,보통,73.0
2025-12-17 16:00:00,6.9,,56.0,,보통,70.0
2025-12-17 17:00:00,5.7,,56.0,,보통,59.0
2025-12-17 18:00:00,4.4,,57.0,,보통,56.0
2025-12-17 19:00:00,3.9,,58.0,,보통,58.0
2025-12-17 20:00:00,3.3,,62.0,,보통,57.0
2025-12-17 21:00:00,2.9,,65.0,,보통,60.0
2025-12-17 22:00:00,2.2,,65.0,,보통,56.0
2025-12-17 23:00:00,1.7,,63.0,,보통,48.0
2025-12-18 00:00:00,1.2,,61.0,,보통,41.0
2025-12-18 01:00:00,0.7,,59.0,,보통,34.0
2025-12-18 02:00:00,0.6,,57.0,,보통,33.0
2025-12-18 03:00:00,-0.4,,60.0,,좋음,30.0
2025-12-18 04:00:00,-1.2,,61.0,,좋음,27.0
2025-12-18 05:00:00,-1.2,,62.0,,좋음,29.0
2025-12-18 06:00:00,-1.6,,68.0,,좋음,27.0
2025-12-18 07:00:00,-1.5,,72.0,,보통,32.0
2025-12-18 08:00:00,-1.9,,74.0,,보통,34.0
2025-12-18 09:00:00,-1.2,,76.0,,보통,37.0
2025-12-18 10:00:00,1.5,,71.0,,보통,46.0
2025-12-18 11:00:00,3.9,,55.0,,보통,52.0
2025-12-18 12:00:00,5.0,,49.0,,보통,50.0
2025-12-18 13:00:00,6.3,,45.0,,보통,45.0
2025-12-18 14:00:00,8.4,,42.0,,보통,42.0
2025-12-18 15:00:00,8.0,,39.0,,보통,38.0
2025-12-18 16:00:00,7.7,,42.0,,보통,43.0
2025-12-18 17:00:00,6.3,,49.0,,보통,50.0
2025-12-18 18:00:00,5.0,,54.0,,보통,47.0
2025-12-18 19:00:00,3.9,,57.0,,보통,43.0
2025-12-18 20:00:00,2.8,,64.0,,보통,56.0
2025-12-18 21:00:00,2.1,,67.0,,보통,64.0
2025-12-18 22:00:00,1.6,,71.0,,보통,45.0
2025-12-18 23:00:00,1.9,,69.0,,보통,43.0
2025-12-19 00:00:00,1.4,,72.0,,보통,46.0
2025-12-19 01:00:00,0.9,,73.0,,보통,46.0
2025-12-19 02:00:00,0.7,,74.0,,보통,41.0
2025-12-19 03:00:00,0.6,,73.0,,보통,40.0
2025-12-19 04:00:00,0.1,,78.0,,보통,36.0
2025-12-19 05:00:00,-0.6,,81.0,,보통,34.0
2025-12-19 06:00:00,-0.6,,80.0,,보통,36.0
2025-12-19 07:00:00,-0.4,,78.0,,보통,39.0
2025-12-19 08:00:00,0.7,,74.0,,보통,41.0
2025-12-19 09:00:00,1.6,,70.0,,보통,46.0
2025-12-19 10:00:00,2.5,,66.0,,보통,51.0
2025-12-19 11:00:00,3.7,,62.0,,보통,66.0
2025-12-19 12:00:00,5.7,,57.0,,보통,72.0
2025-12-19 13:00:00,7.5,,53.0,,보통,67.0
2025-12-19 14:00:00,8.6,,51.0,,보통,67.0
2025-12-19 15:00:00,9.3,,53.0,,보통,68.0
2025-12-19 16:00:00,9.9,,52.0,,보통,67.0
2025-12-19 17:00:00,8.8,,55.0,,보통,61.0
2025-12-19 18:00:00,7.7,,62.0,,보통,58.0
2025-12-19 19:00:00,6.8,,64.0,,보통,55.0
2025-12-19 20:00:00,6.7,,68.0,,보통,54.0
2025-12-19 21:00:00,7.2,,67.0,,보통,51.0
2025-12-19 22:00:00,7.2,,68.0,,보통,52.0
2025-12-19 23:00:00,7.4,,70.0,,보통,54.0
2025-12-20 00:00:00,7.4,,70.0,,보통,53.0
2025-12-20 01:00:00,7.6,,69.0,,보통,47.0
2025-12-20 02:00:00,7.6,,70.0,,보통,43.0
2025-12-20 03:00:00,7.9,0.0,73.0,,보통,39.0
2025-12-20 04:00:00,7.7,,75.0,,보통,35.0
2025-12-20 05:00:00,8.0,,75.0,,보통,35.0
2025-12-20 06:00:00,8.2,0.0,76.0,,보통,35.0
2025-12-20 07:00:00,8.4,,82.0,,보통,37.0
2025-12-20 08:00:00,8.3,,84.0,,보통,37.0
2025-12-20 09:00:00,8.6,0.1,83.0,,보통,42.0
2025-12-20 10:00:00,8.8,,82.0,,보통,43.0
2025-12-20 11:00:00,9.0,,84.0,,보통,56.0
2025-12-20 12:00:00,10.3,0.1,90.0,,보통,77.0
2025-12-20 13:00:00,10.7,,91.0,,나쁨,83.0
2025-12-20 14:00:00,10.2,,88.0,,보통,64.0
2025-12-20 15:00:00,9.5,0.0,85.0,,보통,54.0
2025-12-20 16:00:00,8.8,,86.0,,보통,72.0
2025-12-20 17:00:00,8.6,,83.0,,보통,73.0
2025-12-20 18:00:00,7.8,0.1,77.0,,보통,79.0
2025-12-20 19:00:00,7.0,,74.0,,보통,78.0
2025-12-20 20:00:00,6.2,,65.0,,보통,72.0
2025-12-20 21:00:00,4.9,,57.0,,보통,59.0
2025-12-20 22:00:00,2.8,,50.0,,보통,42.0
2025-12-20 23:00:00,1.8,,53.0,,좋음,25.0
2025-12-21 00:00:00,1.0,,52.0,,좋음,24.0
2025-12-21 01:00:00,0.3,,49.0,,좋음,22.0
2025-12-21 02:00:00,-0.4,,45.0,,좋음,23.0
2025-12-21 03:00:00,-0.8,,45.0,,좋음,29.0
2025-12-21 04:00:00,-1.2,,48.0,,좋음,30.0
2025-12-21 05:00:00,-1.7,,47.0,,좋음,20.0
2025-12-21 06:00:00,-2.0,,44.0,,좋음,20.0
2025-12-21 07:00:00,-2.4,,44.0,,좋음,19.0
2025-12-21 08:00:00,-2.7,,44.0,,좋음,21.0
2025-12-21 09:00:00,-2.9,,44.0,,좋음,24.0
2025-12-21 10:00:00,-2.2,,42.0,,좋음,30.0
2025-12-21 11:00:00,-0.8,,39.0,,좋음,27.0
2025-12-21 12:00:00,0.3,,36.0,,보통,31.0
2025-12-21 13:00:00,0.7,,34.0,,보통,34.0
2025-12-21 14:00:00,1.5,,31.0,,좋음,30.0
2025-12-21 15:00:00,2.0,,32.0,,좋음,28.0
2025-12-21 16:00:00,1.7,,33.0,,좋음,26.0
2025-12-21 17:00:00,0.5,,38.0,,좋음,24.0
2025-12-21 18:00:00,-0.5,,39.0,,좋음,26.0
2025-12-21 19:00:00,-1.0,,43.0,,좋음,27.0
2025-12-21 20:00:00,-1.6,,43.0,,좋음,24.0
2025-12-21 21:00:00,-1.5,,43.0,,좋음,23.0
2025-12-21 22:00:00,-2.0,,47.0,,좋음,23.0
2025-12-21 23:00:00,-2.9,,52.0,,좋음,28.0
2025-12-22 00:00:00,-3.4,,53.0,,좋음,30.0
2025-12-22 01:00:00,-4.1,,54.0,,보통,31.0
2025-12-22 02:00:00,-4.4,,53.0,,좋음,29.0
2025-12-22 03:00:00,-4.9,,55.0,,보통,32.0
2025-12-22 04:00:00,-5.0,,57.0,,보통,32.0
2025-12-22 05:00:00,-5.1,,60.0,,보통,32.0
2025-12-22 06:00:00,-5.2,,62.0,,보통,35.0
2025-12-22 07:00:00,-5.7,,62.0,,보통,42.0
2025-12-22 08:00:00,-5.7,,63.0,,보통,47.0
2025-12-22 09:00:00,-4.6,,60.0,,보통,46.0
2025-12-22 10:00:00,-1.6,,50.0,,보통,48.0
2025-12-22 11:00:00,0.1,,43.0,,보통,48.0
2025-12-22 12:00:00,1.7,,35.0,,보통,45.0
2025-12-22 13:00:00,3.0,,33.0,,보통,42.0
2025-12-22 14:00:00,4.0,,31.0,,보통,33.0
2025-12-22 15:00:00,4.7,,26.0,,보통,31.0
2025-12-22 16:00:00,5.0,,23.0,,보통,34.0
2025-12-22 17:00:00,3.5,,26.0,,보통,33.0
2025-12-22 18:00:00,2.0,,29.0,,보통,38.0
2025-12-22 19:00:00,1.0,,37.0,,보통,40.0
2025-12-22 20:00:00,0.4,,38.0,,보통,37.0
2025-12-22 21:00:00,0.3,,41.0,,보통,36.0
2025-12-22 22:00:00,0.3,,45.0,,보통,35.0
2025-12-22 23:00:00,-0.3,,50.0,,보통,34.0
2025-12-23 00:00:00,0.1,,50.0,,보통,34.0
2025-12-23 01:00:00,0.4,,47.0,,보통,32.0
2025-12-23 02:00:00,0.3,,45.0,,보통,31.0
2025-12-23 03:00:00,0.2,,46.0,,좋음,27.0
2025-12-23 04:00:00,0.8,,47.0,,좋음,26.0
2025-12-23 05:00:00,0.8,,46.0,,좋음,24.0
2025-12-23 06:00:00,1.4,,48.0,,좋음,26.0
2025-12-23 07:00:00,1.7,,48.0,,좋음,30.0
2025-12-23 08:00:00,2.2,,49.0,,보통,34.0
2025-12-23 09:00:00,2.6,,48.0,,보통,32.0
2025-12-23 10:00:00,3.4,,49.0,,보통,39.0
2025-12-23 11:00:00,4.0,,50.0,,보통,37.0
2025-12-23 12:00:00,4.1,0.0,55.0,,보통,35.0
2025-12-23 13:00:00,4.3,,65.0,,보통,36.0
2025-12-23 14:00:00,2.4,,84.0,,좋음,29.0
2025-12-23 15:00:00,2.8,3.4,89.0,,보통,33.0
2025-12-23 16:00:00,2.7,,91.0,,좋음,30.0
2025-12-23 17:00:00,2.7,,93.0,,좋음,25.0
2025-12-23 18:00:00,2.7,4.6,94.0,,좋음,21.0
2025-12-23 19:00:00,2.9,,94.0,,좋음,21.0
2025-12-23 20:00:00,3.1,,94.0,,좋음,22.0
2025-12-23 21:00:00,3.2,2.5,94.0,,좋음,21.0
2025-12-23 22:00:00,3.4,,92.0,,좋음,23.0
2025-12-23 23:00:00,3.6,,92.0,,좋음,21.0
2025-12-24 00:00:00,3.6,0.3,93.0,,좋음,21.0
2025-12-24 01:00:00,3.5,,93.0,,좋음,19.0
2025-12-24 02:00:00,3.5,,93.0,,좋음,22.0
2025-12-24 03:00:00,3.5,,94.0,,좋음,19.0
2025-12-24 04:00:00,3.2,,92.0,,좋음,19.0
2025-12-24 05:00:00,3.0,,93.0,,좋음,23.0
2025-12-24 06:00:00,2.8,,92.0,,좋음,25.0
2025-12-24 07:00:00,2.7,,92.0,,좋음,23.0
2025-12-24 08:00:00,2.4,,90.0,,좋음,22.0
2025-12-24 09:00:00,2.5,,87.0,,좋음,23.0
2025-12-24 10:00:00,2.6,,80.0,,좋음,19.0
2025-12-24 11:00:00,3.4,,78.0,,좋음,24.0
2025-12-24 12:00:00,4.6,,72.0,,보통,31.0
2025-12-24 13:00:00,5.1,,66.0,,보통,40.0
2025-12-24 14:00:00,5.3,,63.0,,보통,39.0
2025-12-24 15:00:00,5.9,,59.0,,보통,42.0
2025-12-24 16:00:00,5.5,,57.0,,보통,42.0
2025-12-24 17:00:00,4.2,,59.0,,보통,40.0
2025-12-24 18:00:00,3.1,,64.0,,보통,38.0
2025-12-24 19:00:00,2.2,,68.0,,보통,37.0
2025-12-24 20:00:00,1.5,,73.0,,보통,39.0
2025-12-24 21:00:00,0.7,,78.0,,보통,43.0
2025-12-24 22:00:00,0.3,,81.0,,보통,40.0
2025-12-24 23:00:00,-0.4,,83.0,,보통,44.0
2025-12-25 00:00:00,-0.9,,86.0,,보통,43.0
2025-12-25 01:00:00,-0.9,,84.0,,보통,43.0
2025-12-25 02:00:00,-1.4,,82.0,,보통,42.0
2025-12-25 03:00:00,-1.7,,85.0,,보통,44.0
2025-12-25 04:00:00,-2.2,,85.0,,보통,49.0
2025-12-25 05:00:00,-2.5,,84.0,,보통,46.0
2025-12-25 06:00:00,-2.8,,73.0,,보통,37.0
2025-12-25 07:00:00,-3.0,,64.0,,좋음,26.0
2025-12-25 08:00:00,-3.3,,59.0,,좋음,23.0
2025-12-25 09:00:00,-3.1,,59.0,,좋음,22.0
2025-12-25 10:00:00,-2.0,,53.0,,좋음,23.0
2025-12-25 11:00:00,-1.0,,49.0,,좋음,23.0
2025-12-25 12:00:00,-0.3,,46.0,,좋음,22.0
2025-12-25 13:00:00,-0.6,,44.0,,좋음,20.0
2025-12-25 14:00:00,-0.3,,43.0,,좋음,20.0
2025-12-25 15:00:00,-0.7,,39.0,,좋음,18.0
2025-12-25 16:00:00,-1.3,,41.0,,좋음,18.0
2025-12-25 17:00:00,-3.1,,42.0,,좋음,18.0
2025-12-25 18:00:00,-4.4,,37.0,,보통,31.0
2025-12-25 19:00:00,-5.3,,43.0,,좋음,24.0
2025-12-25 20:00:00,-6.4,,47.0,,좋음,18.0
2025-12-25 21:00:00,-7.0,,47.0,,좋음,17.0
2025-12-25 22:00:00,-7.8,,50.0,,좋음,19.0
2025-12-25 23:00:00,-8.3,,51.0,,좋음,20.0
2025-12-26 00:00:00,-8.9,,47.0,,좋음,21.0
2025-12-26 01:00:00,-9.4,,48.0,,좋음,20.0
2025-12-26 02:00:00,-9.8,,47.0,,좋음,19.0
2025-12-26 03:00:00,-10.2,,46.0,,좋음,19.0
2025-12-26 04:00:00,-10.7,,48.0,,좋음,16.0
2025-12-26 05:00:00,-11.0,,47.0,,좋음,14.0
2025-12-26 06:00:00,-11.4,,48.0,,좋음,15.0
2025-12-26 07:00:00,-11.6,,48.0,,좋음,16.0
2025-12-26 08:00:00,-11.8,,48.0,,좋음,14.0
2025-12-26 09:00:00,-11.3,,45.0,,좋음,17.0
2025-12-26 10:00:00,-10.3,,41.0,,좋음,17.0
2025-12-26 11:00:00,-8.9,,38.0,,좋음,22.0
2025-12-26 12:00:00,-7.6,,35.0,,좋음,21.0
2025-12-26 13:00:00,-6.4,,33.0,,좋음,25.0
2025-12-26 14:00:00,-4.9,,31.0,,좋음,25.0
2025-12-26 15:00:00,-4.0,,30.0,,좋음,26.0
2025-12-26 16:00:00,-4.2,,30.0,,좋음,24.0
2025-12-26 17:00:00,-5.4,,31.0,,,
2025-12-26 18:00:00,-6.1,,34.0,,,
2025-12-26 19:00:00,-6.5,,34.0,,좋음,19.0
2025-12-26 20:00:00,-6.8,,37.0,,좋음,22.0
2025-12-26 21:00:00,-7.1,,37.0,,좋음,20.0
2025-12-26 22:00:00,-7.7,,38.0,,좋음,19.0
2025-12-26 23:00:00,-7.9,,39.0,,좋음,20.0
2025-12-27 00:00:00,-8.2,,36.0,,좋음,21.0
2025-12-27 01:00:00,-7.9,,39.0,,좋음,23.0
2025-12-27 02:00:00,-7.1,,41.0,,좋음,27.0
2025-12-27 03:00:00,-6.7,,44.0,,좋음,24.0
2025-12-27 04:00:00,-6.5,,41.0,,좋음,20.0
2025-12-27 05:00:00,-6.7,,44.0,,좋음,21.0
2025-12-27 06:00:00,-6.7,,41.0,,좋음,22.0
2025-12-27 07:00:00,-6.6,,41.0,,좋음,29.0
2025-12-27 08:00:00,-6.1,,43.0,,보통,33.0
2025-12-27 09:00:00,-5.5,0.0,46.0,,보통,32.0
2025-12-27 10:00:00,-3.6,,46.0,,보통,32.0
2025-12-27 11:00:00,-2.3,,48.0,,보통,37.0
2025-12-27 12:00:00,-1.1,,49.0,,보통,39.0
2025-12-27 13:00:00,-0.5,,50.0,,보통,42.0
2025-12-27 14:00:00,-0.2,,51.0,,보통,41.0
2025-12-27 15:00:00,0.4,,52.0,,보통,41.0
2025-12-27 16:00:00,0.4,,53.0,,보통,42.0
2025-12-27 17:00:00,0.3,,55.0,,보통,44.0
2025-12-27 18:00:00,-0.3,,58.0,,보통,40.0
2025-12-27 19:00:00,-0.4,,59.0,,보통,42.0
2025-12-27 20:00:00,-0.7,,60.0,,보통,44.0
2025-12-27 21:00:00,-0.7,,61.0,,보통,41.0
2025-12-27 22:00:00,-0.4,,61.0,,보통,43.0
2025-12-27 23:00:00,-0.2,,64.0,,보통,43.0
2025-12-28 00:00:00,0.0,,66.0,,보통,40.0
2025-12-28 01:00:00,0.1,,68.0,,보통,41.0
2025-12-28 02:00:00,0.3,,70.0,,보통,39.0
2025-12-28 03:00:00,0.3,,73.0,,보통,38.0
2025-12-28 04:00:00,0.5,,74.0,,보통,40.0
2025-12-28 05:00:00,0.5,,75.0,,보통,38.0
2025-12-28 06:00:00,0.5,,76.0,,보통,40.0
2025-12-28 07:00:00,0.5,,77.0,,보통,38.0
2025-12-28 08:00:00,0.6,,78.0,,보통,39.0
2025-12-28 09:00:00,1.0,,78.0,,보통,42.0
2025-12-28 10:00:00,2.1,,77.0,,보통,45.0
2025-12-28 11:00:00,3.0,,75.0,,보통,48.0
2025-12-28 12:00:00,3.8,,76.0,,보통,47.0
2025-12-28 13:00:00,4.5,,74.0,,보통,48.0
2025-12-28 14:00:00,5.3,,73.0,,보통,56.0
2025-12-28 15:00:00,5.8,,69.0,,보통,50.0
2025-12-28 16:00:00,5.8,,68.0,,보통,49.0
2025-12-28 17:00:00,5.5,,70.0,,보통,39.0
2025-12-28 18:00:00,4.9,0.0,72.0,,보통,35.0
2025-12-28 19:00:00,4.4,,75.0,,좋음,30.0
2025-12-28 20:00:00,4.4,,79.0,,좋음,26.0
2025-12-28 21:00:00,4.3,0.1,80.0,,좋음,24.0
2025-12-28 22:00:00,4.3,,86.0,,좋음,18.0
2025-12-28 23:00:00,5.1,,89.0,,좋음,17.0
2025-12-29 00:00:00,5.1,0.5,87.0,,좋음,17.0
2025-12-29 01:00:00,4.6,,89.0,,좋음,18.0
2025-12-29 02:00:00,4.3,,89.0,,좋음,17.0
2025-12-29 03:00:00,4.3,,90.0,,좋음,19.0
2025-12-29 04:00:00,4.1,,91.0,,좋음,20.0
2025-12-29 05:00:00,3.8,,90.0,,좋음,22.0
2025-12-29 06:00:00,3.9,0.3,94.0,,좋음,30.0
2025-12-29 07:00:00,4.9,,94.0,,보통,32.0
2025-12-29 08:00:00,5.1,,92.0,,보통,41.0
2025-12-29 09:00:00,5.0,0.0,92.0,,보통,43.0
2025-12-29 10:00:00,6.1,,93.0,,보통,47.0
2025-12-29 11:00:00,7.8,,84.0,,보통,64.0
2025-12-29 12:00:00,8.6,,74.0,,나쁨,90.0
2025-12-29 13:00:00,8.9,,73.0,,나쁨,104.0
2025-12-29 14:00:00,9.0,,68.0,,나쁨,115.0
2025-12-29 15:00:00,9.0,,61.0,,나쁨,114.0
2025-12-29 16:00:00,8.2,,60.0,,나쁨,112.0
2025-12-29 17:00:00,7.1,,59.0,,나쁨,115.0
2025-12-29 18:00:00,5.8,,67.0,,나쁨,111.0
2025-12-29 19:00:00,5.1,,73.0,,나쁨,119.0
2025-12-29 20:00:00,4.0,,69.0,,나쁨,116.0
2025-12-29 21:00:00,2.7,,58.0,,보통,73.0
2025-12-29 22:00:00,1.5,,48.0,,보통,52.0
2025-12-29 23:00:00,0.4,,54.0,,보통,44.0
2025-12-30 00:00:00,-0.1,,57.0,,보통,33.0
2025-12-30 01:00:00,-0.6,,59.0,,좋음,22.0
2025-12-30 02:00:00,-1.4,,62.0,,좋음,21.0
2025-12-30 03:00:00,-1.9,,63.0,,좋음,18.0
2025-12-30 04:00:00,-2.4,,61.0,,좋음,18.0
2025-12-30 05:00:00,-3.2,,61.0,,좋음,21.0
2025-12-30 06:00:00,-3.2,,60.0,,좋음,26.0
2025-12-30 07:00:00,-3.1,,63.0,,좋음,26.0
2025-12-30 08:00:00,-3.6,,64.0,,좋음,21.0
2025-12-30 09:00:00,-3.1,,61.0,,좋음,25.0
2025-12-30 10:00:00,-0.8,,44.0,,좋음,22.0
2025-12-30 11:00:00,0.3,,33.0,,좋음,24.0
2025-12-30 12:00:00,1.6,,26.0,,좋음,25.0
2025-12-30 13:00:00,2.5,,26.0,,좋음,24.0
2025-12-30 14:00:00,2.9,,27.0,,좋음,25.0
2025-12-30 15:00:00,3.4,,28.0,,좋음,24.0
2025-12-30 16:00:00,2.7,,29.0,,좋음,23.0
2025-12-30 17:00:00,1.7,,32.0,,좋음,22.0
2025-12-30 18:00:00,0.5,,37.0,,좋음,25.0
2025-12-30 19:00:00,-0.2,,38.0,,좋음,26.0
2025-12-30 20:00:00,-0.5,,44.0,,좋음,29.0
2025-12-30 21:00:00,-0.5,,46.0,,좋음,27.0
2025-12-30 22:00:00,-0.8,,46.0,,좋음,25.0
2025-12-30 23:00:00,-1.0,,44.0,,좋음,25.0
2025-12-31 00:00:00,-1.2,,40.0,,좋음,23.0
2025-12-31 01:00:00,,,,,좋음,22.0
2025-12-31 02:00:00,,,,,좋음,18.0
2025-12-31 03:00:00,,,,,좋음,14.0
2025-12-31 04:00:00,,,,,좋음,14.0
2025-12-31 05:00:00,,,,,좋음,17.0
2025-12-31 06:00:00,,,,,좋음,14.0
2025-12-31 07:00:00,,,,,좋음,18.0
2025-12-31 08:00:00,,,,,좋음,20.0
2025-12-31 09:00:00,,,,,좋음,20.0
2025-12-31 10:00:00,,,,,좋음,21.0
2025-12-31 11:00:00,,,,,좋음,24.0
2025-12-31 12:00:00,,,,,좋음,19.0
2025-12-31 13:00:00,,,,,좋음,21.0
2025-12-31 14:00:00,,,,,좋음,20.0
2025-12-31 15:00:00,,,,,좋음,20.0
2025-12-31 16:00:00,,,,,좋음,21.0
2025-12-31 17:00:00,,,,,좋음,24.0
2025-12-31 18:00:00,,,,,좋음,27.0
2025-12-31 19:00:00,,,,,좋음,22.0
2025-12-31 20:00:00,,,,,좋음,22.0
2025-12-31 21:00:00,,,,,좋음,21.0
2025-12-31 22:00:00,,,,,좋음,24.0
2025-12-31 23:00:00,,,,,좋음,22.0
2026-01-01 00:00:00,,,,,좋음,22.0
2026-01-01 01:00:00,-9.3,,52.0,,좋음,22.0
2026-01-01 02:00:00,-9.5,,51.0,,좋음,19.0
2026-01-01 03:00:00,-9.7,,53.0,,좋음,21.0
2026-01-01 04:00:00,-9.8,,52.0,,좋음,20.0
2026-01-01 05:00:00,-9.9,,48.0,,좋음,18.0
2026-01-01 06:00:00,-10.0,,50.0,,좋음,20.0
2026-01-01 07:00:00,-10.3,,50.0,,좋음,21.0
2026-01-01 08:00:00,-10.5,,50.0,,좋음,17.0
2026-01-01 09:00:00,-10.0,,48.0,,좋음,16.0
2026-01-01 10:00:00,-8.6,,45.0,,좋음,15.0
2026-01-01 11:00:00,-7.6,,37.0,,좋음,16.0
2026-01-01 12:00:00,-5.6,,33.0,,좋음,16.0
2026-01-01 13:00:00,-4.3,,30.0,,좋음,16.0
2026-01-01 14:00:00,-4.0,,26.0,,좋음,19.0
2026-01-01 15:00:00,-2.1,,26.0,,좋음,16.0
2026-01-01 16:00:00,-2.8,,27.0,,좋음,17.0
2026-01-01 17:00:00,-4.0,,28.0,,좋음,15.0
2026-01-01 18:00:00,-5.0,,33.0,,좋음,17.0
2026-01-01 19:00:00,-5.9,,37.0,,좋음,14.0
2026-01-01 20:00:00,-6.6,,39.0,,좋음,13.0
2026-01-01 21:00:00,-7.6,,42.0,,좋음,14.0
2026-01-01 22:00:00,-8.2,,45.0,,좋음,19.0
2026-01-01 23:00:00,-8.6,,46.0,,좋음,21.0
2026-01-02 00:00:00,-9.2,,47.0,,좋음,20.0
2026-01-02 01:00:00,-9.4,,45.0,,좋음,18.0
2026-01-02 02:00:00,-9.5,,47.0,,좋음,15.0
2026-01-02 03:00:00,-10.0,,49.0,,좋음,17.0
2026-01-02 04:00:00,-10.4,,49.0,,좋음,20.0
2026-01-02 05:00:00,-10.6,,51.0,,좋음,23.0
2026-01-02 06:00:00,-11.0,,49.0,,좋음,23.0
2026-01-02 07:00:00,-11.0,,50.0,,좋음,29.0
2026-01-02 08:00:00,-11.2,,53.0,,좋음,28.0
2026-01-02 09:00:00,-10.7,,50.0,,좋음,29.0
2026-01-02 10:00:00,-8.8,,43.0,,좋음,28.0
2026-01-02 11:00:00,-6.9,,40.0,,좋음,30.0
2026-01-02 12:00:00,-5.5,,39.0,,좋음,30.0
2026-01-02 13:00:00,-5.5,,36.0,,보통,31.0
2026-01-02 14:00:00,-4.7,,36.0,,좋음,30.0
2026-01-02 15:00:00,-4.5,,37.0,,보통,32.0
2026-01-02 16:00:00,-4.4,,38.0,,좋음,28.0
2026-01-02 17:00:00,-5.1,,42.0,,좋음,29.0
2026-01-02 18:00:00,-5.9,,46.0,,보통,33.0
2026-01-02 19:00:00,-6.4,,46.0,,좋음,28.0
2026-01-02 20:00:00,-6.9,,48.0,,좋음,27.0
2026-01-02 21:00:00,-7.3,,49.0,,좋음,26.0
2026-01-02 22:00:00,-7.7,,51.0,,좋음,29.0
2026-01-02 23:00:00,-8.2,,51.0,,좋음,29.0
2026-01-03 00:00:00,-8.8,,54.0,,좋음,27.0
2026-01-03 01:00:00,-9.0,,58.0,,좋음,22.0
2026-01-03 02:00:00,-9.2,,61.0,,좋음,19.0
2026-01-03 03:00:00,-9.5,,64.0,,좋음,20.0
2026-01-03 04:00:00,-9.5,,65.0,,좋음,24.0
2026-01-03 05:00:00,-9.5,,67.0,,좋음,27.0
2026-01-03 06:00:00,-9.6,,68.0,,좋음,28.0
2026-01-03 07:00:00,-9.5,,67.0,,좋음,28.0
2026-01-03 08:00:00,-9.8,,70.0,,좋음,28.0
2026-01-03 09:00:00,-9.1,,70.0,,보통,31.0
2026-01-03 10:00:00,-6.2,,58.0,,보통,33.0
2026-01-03 11:00:00,-4.4,,53.0,,보통,37.0
2026-01-03 12:00:00,-2.1,,46.0,,보통,33.0
2026-01-03 13:00:00,-1.4,,44.0,,보통,36.0
2026-01-03 14:00:00,-0.8,,48.0,,보통,36.0
2026-01-03 15:00:00,-0.4,,49.0,,보통,38.0
2026-01-03 16:00:00,0.0,,48.0,,보통,40.0
2026-01-03 17:00:00,-0.7,,50.0,,보통,44.0
2026-01-03 18:00:00,-1.7,,55.0,,보통,46.0
2026-01-03 19:00:00,-2.3,,60.0,,보통,42.0
2026-01-03 20:00:00,-2.7,,65.0,,보통,43.0
2026-01-03 21:00:00,-2.7,,64.0,,보통,47.0
2026-01-03 22:00:00,-2.3,,65.0,,보통,46.0
2026-01-03 23:00:00,-1.8,,63.0,,보통,44.0
2026-01-04 00:00:00,-2.3,,64.0,,보통,40.0
2026-01-04 01:00:00,-2.4,,67.0,,보통,40.0
2026-01-04 02:00:00,-2.0,,67.0,,보통,42.0
2026-01-04 03:00:00,-1.7,,67.0,,보통,39.0
2026-01-04 04:00:00,-2.2,,66.0,,보통,39.0
2026-01-04 05:00:00,-2.4,,68.0,,보통,40.0
2026-01-04 06:00:00,-2.4,,69.0,,보통,40.0
2026-01-04 07:00:00,-2.3,,70.0,,보통,46.0
2026-01-04 08:00:00,-2.5,,74.0,,보통,45.0
2026-01-04 09:00:00,-2.2,,79.0,,보통,46.0
2026-01-04 10:00:00,-0.4,,74.0,,보통,50.0
2026-01-04 11:00:00,1.3,,58.0,,보통,54.0
2026-01-04 12:00:00,1.8,,47.0,,보통,48.0
2026-01-04 13:00:00,3.2,,39.0,,보통,43.0
2026-01-04 14:00:00,4.4,,35.0,,보통,41.0
2026-01-04 15:00:00,4.4,,40.0,,보통,41.0
2026-01-04 16:00:00,4.0,,46.0,,보통,42.0
2026-01-04 17:00:00,2.8,,51.0,,보통,40.0
2026-01-04 18:00:00,1.6,,61.0,,보통,39.0
2026-01-04 19:00:00,0.9,,64.0,,보통,39.0
2026-01-04 20:00:00,0.3,,64.0,,보통,45.0
2026-01-04 21:00:00,0.2,,76.0,,보통,47.0
2026-01-04 22:00:00,0.1,,74.0,,보통,53.0
2026-01-04 23:00:00,-0.2,,72.0,,보통,49.0
2026-01-05 00:00:00,-0.5,,68.0,,보통,38.0
2026-01-05 01:00:00,-1.1,,64.0,,보통,36.0
2026-01-05 02:00:00,-1.7,,62.0,,보통,33.0
2026-01-05 03:00:00,-2.2,,63.0,,좋음,30.0
2026-01-05 04:00:00,-2.9,,62.0,,좋음,30.0
2026-01-05 05:00:00,-3.6,,63.0,,보통,31.0
2026-01-05 06:00:00,-3.8,,65.0,,좋음,30.0
2026-01-05 07:00:00,-4.4,,66.0,,보통,33.0
2026-01-05 08:00:00,-4.5,,66.0,,보통,42.0
2026-01-05 09:00:00,-3.3,,63.0,,보통,43.0
2026-01-05 10:00:00,-2.2,,59.0,,보통,44.0
2026-01-05 11:00:00,-0.7,,50.0,,보통,42.0
2026-01-05 12:00:00,0.1,,45.0,,보통,39.0
2026-01-05 13:00:00,0.6,,37.0,,보통,35.0
2026-01-05 14:00:00,1.4,,31.0,,좋음,30.0
2026-01-05 15:00:00,1.3,,27.0,,좋음,26.0
2026-01-05 16:00:00,1.4,,27.0,,좋음,14.0
2026-01-05 17:00:00,0.3,,29.0,,좋음,21.0
2026-01-05 18:00:00,-0.8,,33.0,,좋음,26.0
2026-01-05 19:00:00,-1.6,,35.0,,좋음,29.0
2026-01-05 20:00:00,-2.1,,40.0,,좋음,30.0
2026-01-05 21:00:00,-2.8,,44.0,,보통,31.0
2026-01-05 22:00:00,-3.4,,46.0,,보통,35.0
2026-01-05 23:00:00,-3.7,,47.0,,보통,38.0
2026-01-06 00:00:00,-4.1,,48.0,,보통,37.0
2026-01-06 01:00:00,-5.2,,51.0,,보통,35.0
2026-01-06 02:00:00,-5.6,,52.0,,보통,31.0
2026-01-06 03:00:00,-6.0,,54.0,,보통,31.0
2026-01-06 04:00:00,-6.4,,57.0,,보통,31.0
2026-01-06 05:00:00,-6.7,,57.0,,보통,31.0
2026-01-06 06:00:00,-6.5,,59.0,,보통,41.0
2026-01-06 07:00:00,-6.6,,56.0,,보통,44.0
2026-01-06 08:00:00,-7.0,,61.0,,보통,45.0
2026-01-06 09:00:00,-6.2,,60.0,,보통,43.0
2026-01-06 10:00:00,-3.1,,54.0,,보통,48.0
2026-01-06 11:00:00,-0.1,,38.0,,보통,54.0
2026-01-06 12:00:00,1.4,,36.0,,보통,48.0
2026-01-06 13:00:00,3.4,,35.0,,보통,36.0
2026-01-06 14:00:00,3.1,,37.0,,보통,43.0
2026-01-06 15:00:00,3.5,,38.0,,보통,40.0
2026-01-06 16:00:00,3.9,,45.0,,보통,39.0
2026-01-06 17:00:00,3.3,,51.0,,보통,40.0
2026-01-06 18:00:00,2.9,,55.0,,보통,37.0
2026-01-06 19:00:00,2.7,,57.0,,보통,38.0
2026-01-06 20:00:00,2.2,,57.0,,보통,37.0
2026-01-06 21:00:00,2.2,,66.0,,보통,38.0
2026-01-06 22:00:00,1.8,,72.0,,보통,32.0
2026-01-06 23:00:00,1.7,,76.0,,좋음,29.0
2026-01-07 00:00:00,1.8,,77.0,,좋음,29.0
2026-01-07 01:00:00,1.3,,76.0,,좋음,26.0
2026-01-07 02:00:00,0.8,,80.0,,좋음,27.0
2026-01-07 03:00:00,0.6,,82.0,,보통,31.0
2026-01-07 04:00:00,0.7,,83.0,,보통,35.0
2026-01-07 05:00:00,1.0,,83.0,,보통,40.0
2026-01-07 06:00:00,2.0,,78.0,,보통,47.0
2026-01-07 07:00:00,2.3,,76.0,,보통,54.0
2026-01-07 08:00:00,1.5,,75.0,,보통,65.0
2026-01-07 09:00:00,0.5,,72.0,,보통,65.0
2026-01-07 10:00:00,0.8,,55.0,,보통,73.0
2026-01-07 11:00:00,0.8,,47.0,,보통,70.0
2026-01-07 12:00:00,1.7,,40.0,,보통,47.0
2026-01-07 13:00:00,1.8,,34.0,,보통,35.0
2026-01-07 14:00:00,2.1,,28.0,,보통,36.0
2026-01-07 15:00:00,2.7,,24.0,,보통,33.0
2026-01-07 16:00:00,2.4,,29.0,,좋음,30.0
2026-01-07 17:00:00,0.8,,27.0,,보통,32.0
2026-01-07 18:00:00,-0.5,,34.0,,보통,32.0
2026-01-07 19:00:00,-2.0,,36.0,,보통,31.0
2026-01-07 20:00:00,-3.1,,38.0,,보통,31.0
2026-01-07 21:00:00,-3.8,,41.0,,보통,34.0
2026-01-07 22:00:00,-4.3,,43.0,,좋음,29.0
2026-01-07 23:00:00,-4.9,,45.0,,좋음,25.0
2026-01-08 00:00:00,-5.2,,44.0,,좋음,25.0
2026-01-08 01:00:00,-5.5,,41.0,,좋음,24.0
2026-01-08 02:00:00,-5.8,,42.0,,좋음,23.0
2026-01-08 03:00:00,-6.0,,40.0,,좋음,23.0
2026-01-08 04:00:00,-6.6,,43.0,,좋음,22.0
2026-01-08 05:00:00,-6.7,,41.0,,좋음,22.0
2026-01-08 06:00:00,-7.3,,44.0,,좋음,21.0
2026-01-08 07:00:00,-7.8,,42.0,,좋음,22.0
2026-01-08 08:00:00,-8.2,,41.0,,좋음,23.0
2026-01-08 09:00:00,-7.6,,40.0,,좋음,23.0
2026-01-08 10:00:00,-6.5,,37.0,,좋음,29.0
2026-01-08 11:00:00,-5.2,,31.0,,좋음,27.0
2026-01-08 12:00:00,-4.4,,29.0,,좋음,28.0
2026-01-08 13:00:00,-3.8,,27.0,,좋음,28.0
2026-01-08 14:00:00,-2.6,,28.0,,좋음,30.0
2026-01-08 15:00:00,-1.3,,27.0,,보통,33.0
2026-01-08 16:00:00,-1.3,,25.0,,보통,33.0
2026-01-08 17:00:00,-2.3,,26.0,,보통,31.0
2026-01-08 18:00:00,-3.4,,33.0,,보통,34.0
2026-01-08 19:00:00,-4.0,,34.0,,보통,33.0
2026-01-08 20:00:00,-4.6,,36.0,,보통,39.0
2026-01-08 21:00:00,-4.9,,42.0,,보통,33.0
2026-01-08 22:00:00,-5.1,,47.0,,보통,34.0
2026-01-08 23:00:00,-5.5,,51.0,,보통,33.0
2026-01-09 00:00:00,-5.6,,53.0,,보통,33.0
2026-01-09 01:00:00,-6.1,,55.0,,보통,31.0
2026-01-09 02:00:00,-6.3,,57.0,,보통,32.0
2026-01-09 03:00:00,-6.5,,56.0,,보통,32.0
2026-01-09 04:00:00,-6.6,,57.0,,좋음,29.0
2026-01-09 05:00:00,-6.4,,59.0,,좋음,27.0
2026-01-09 06:00:00,-6.1,,59.0,,보통,33.0
2026-01-09 07:00:00,-5.6,,59.0,,보통,35.0
2026-01-09 08:00:00,-5.5,,59.0,,보통,37.0
2026-01-09 09:00:00,-4.5,,59.0,,보통,37.0
2026-01-09 10:00:00,-2.1,,54.0,,보통,42.0
2026-01-09 11:00:00,-0.4,,50.0,,,
2026-01-09 12:00:00,1.0,,48.0,,,
2026-01-09 13:00:00,1.7,,50.0,,,
2026-01-09 14:00:00,2.4,,51.0,,,
2026-01-09 15:00:00,3.0,,52.0,,보통,40.0
2026-01-09 16:00:00,3.1,,54.0,,보통,44.0
2026-01-09 17:00:00,2.8,,55.0,,보통,37.0
2026-01-09 18:00:00,2.5,0.0,58.0,,보통,32.0
2026-01-09 19:00:00,2.5,,59.0,,좋음,28.0
2026-01-09 20:00:00,2.6,,67.0,,좋음,27.0
2026-01-09 21:00:00,3.4,,73.0,,좋음,24.0
2026-01-09 22:00:00,3.8,,71.0,,좋음,25.0
2026-01-09 23:00:00,4.2,,72.0,,좋음,26.0
2026-01-10 00:00:00,4.5,,73.0,,좋음,29.0
2026-01-10 01:00:00,4.8,,72.0,,좋음,30.0
2026-01-10 02:00:00,4.6,,82.0,,보통,32.0
2026-01-10 03:00:00,5.1,1.7,82.0,,보통,40.0
2026-01-10 04:00:00,6.7,,80.0,,보통,53.0
2026-01-10 05:00:00,7.4,,78.0,,보통,76.0
2026-01-10 06:00:00,7.0,,76.0,,나쁨,85.0
2026-01-10 07:00:00,7.0,,65.0,,나쁨,88.0
2026-01-10 08:00:00,5.9,,68.0,,나쁨,98.0
2026-01-10 09:00:00,5.1,0.0,63.0,,나쁨,124.0
2026-01-10 10:00:00,5.4,,58.0,,나쁨,120.0
2026-01-10 11:00:00,5.5,,57.0,,나쁨,102.0
2026-01-10 12:00:00,4.6,,56.0,,나쁨,99.0
2026-01-10 13:00:00,4.3,,49.0,,나쁨,87.0
2026-01-10 14:00:00,4.3,,42.0,,보통,69.0
2026-01-10 15:00:00,3.0,,46.0,,보통,59.0
2026-01-10 16:00:00,0.8,,60.0,,보통,55.0
2026-01-10 17:00:00,0.0,,64.0,,보통,39.0
2026-01-10 18:00:00,-0.7,0.0,65.0,,좋음,27.0
2026-01-10 19:00:00,-1.9,,66.0,,좋음,25.0
2026-01-10 20:00:00,-2.7,,63.0,,좋음,24.0
2026-01-10 21:00:00,-3.1,0.0,59.0,,좋음,28.0
2026-01-10 22:00:00,-3.4,,56.0,,좋음,27.0
2026-01-10 23:00:00,-4.2,,50.0,,좋음,26.0
2026-01-11 00:00:00,-4.7,0.0,49.0,,좋음,24.0
2026-01-11 01:00:00,-5.5,,48.0,,좋음,21.0
2026-01-11 02:00:00,-6.0,,49.0,,좋음,20.0
2026-01-11 03:00:00,-6.6,,49.0,,좋음,16.0
2026-01-11 04:00:00,-7.1,,48.0,,좋음,17.0
2026-01-11 05:00:00,-7.6,,45.0,,좋음,18.0
2026-01-11 06:00:00,-8.0,,47.0,,좋음,17.0
2026-01-11 07:00:00,-8.1,,46.0,,좋음,16.0
2026-01-11 08:00:00,-8.3,,45.0,,좋음,15.0
2026-01-11 09:00:00,-7.9,,44.0,,좋음,16.0
2026-01-11 10:00:00,-6.9,,43.0,,좋음,18.0
2026-01-11 11:00:00,-6.2,,35.0,,좋음,20.0
2026-01-11 12:00:00,-5.2,,30.0,,좋음,18.0
2026-01-11 13:00:00,-4.6,,30.0,,좋음,21.0
2026-01-11 14:00:00,-4.1,,31.0,,좋음,22.0
2026-01-11 15:00:00,-4.1,,34.0,,좋음,22.0
2026-01-11 16:00:00,-4.0,,36.0,,좋음,22.0
2026-01-11 17:00:00,-4.7,,38.0,,좋음,22.0
2026-01-11 18:00:00,-5.4,,37.0,,좋음,21.0
2026-01-11 19:00:00,-6.2,,37.0,,좋음,18.0
2026-01-11 20:00:00,-6.8,,38.0,,좋음,20.0
2026-01-11 21:00:00,-7.6,,42.0,,좋음,19.0
2026-01-11 22:00:00,-7.9,,43.0,,좋음,22.0
2026-01-11 23:00:00,-8.4,,49.0,,좋음,24.0
2026-01-12 00:00:00,-9.0,,51.0,,좋음,24.0
2026-01-12 01:00:00,-9.3,,52.0,,좋음,22.0
2026-01-12 02:00:00,-9.8,,55.0,,좋음,22.0
2026-01-12 03:00:00,-9.9,,56.0,,좋음,25.0
2026-01-12 04:00:00,-10.1,,58.0,,좋음,25.0
2026-01-12 05:00:00,-9.3,,59.0,,좋음,26.0
2026-01-12 06:00:00,-9.5,,57.0,,보통,38.0
2026-01-12 07:00:00,-9.1,,56.0,,,
2026-01-12 08:00:00,-8.8,,57.0,,보통,49.0
2026-01-12 09:00:00,-7.7,,56.0,,보통,38.0
2026-01-12 10:00:00,-6.3,,53.0,,보통,31.0
2026-01-12 11:00:00,-4.4,,54.0,,보통,31.0
2026-01-12 12:00:00,-2.3,,54.0,,보통,31.0
2026-01-12 13:00:00,-0.5,,53.0,,보통,31.0
2026-01-12 14:00:00,-0.5,,65.0,,좋음,27.0
2026-01-12 15:00:00,-1.0,0.0,69.0,,좋음,28.0
2026-01-12 16:00:00,-0.8,,82.0,0.2,좋음,25.0
2026-01-12 17:00:00,-0.8,,89.0,0.8,좋음,28.0
2026-01-12 18:00:00,-0.9,0.7,89.0,0.9,좋음,22.0
2026-01-12 19:00:00,-0.9,,89.0,1.1,좋음,27.0
2026-01-12 20:00:00,-0.7,,91.0,1.4,좋음,28.0
2026-01-12 21:00:00,-0.4,0.5,92.0,1.6,좋음,24.0
2026-01-12 22:00:00,-0.2,,93.0,2.3,좋음,24.0
2026-01-12 23:00:00,0.1,,92.0,2.8,좋음,24.0
2026-01-13 00:00:00,1.2,1.5,94.0,2.4,좋음,26.0
2026-01-13 01:00:00,1.7,,94.0,2.2,좋음,26.0
2026-01-13 02:00:00,1.7,,93.0,2.0,보통,37.0
2026-01-13 03:00:00,1.1,0.0,88.0,2.0,보통,50.0
2026-01-13 04:00:00,-0.2,,85.0,2.0,보통,50.0
2026-01-13 05:00:00,-0.9,,80.0,2.0,보통,52.0
2026-01-13 06:00:00,-1.7,,81.0,2.0,보통,62.0
2026-01-13 07:00:00,-2.4,,76.0,2.0,보통,60.0
2026-01-13 08:00:00,-3.0,,66.0,2.0,보통,44.0
2026-01-13 09:00:00,-3.1,,63.0,2.0,보통,31.0
2026-01-13 10:00:00,-2.8,,47.0,2.0,좋음,27.0
2026-01-13 11:00:00,-2.6,,44.0,1.9,좋음,22.0
2026-01-13 12:00:00,-2.4,,41.0,1.7,좋음,23.0
2026-01-13 13:00:00,-2.5,,40.0,1.2,좋음,23.0
2026-01-13 14:00:00,-2.1,,42.0,0.9,좋음,24.0
2026-01-13 15:00:00,-1.7,,42.0,0.7,좋음,21.0
2026-01-13 16:00:00,-1.8,,37.0,0.7,좋음,21.0
2026-01-13 17:00:00,-2.8,,39.0,0.7,좋음,18.0
2026-01-13 18:00:00,-4.1,,43.0,0.7,좋음,18.0
2026-01-13 19:00:00,-4.8,,45.0,0.7,좋음,15.0
2026-01-13 20:00:00,-5.4,,43.0,0.7,좋음,16.0
2026-01-13 21:00:00,-6.2,,36.0,0.7,좋음,16.0
2026-01-13 22:00:00,-6.8,,39.0,0.7,좋음,19.0
2026-01-13 23:00:00,-7.4,,43.0,0.7,좋음,19.0
2026-01-14 00:00:00,-8.1,,44.0,0.7,좋음,20.0
2026-01-14 01:00:00,-8.6,,47.0,0.7,좋음,19.0
2026-01-14 02:00:00,-8.8,,53.0,0.7,좋음,22.0
2026-01-14 03:00:00,-8.8,,52.0,0.7,좋음,19.0
2026-01-14 04:00:00,-9.0,,57.0,0.7,좋음,21.0
2026-01-14 05:00:00,-8.9,,57.0,0.7,좋음,18.0
2026-01-14 06:00:00,-9.2,,58.0,0.7,좋음,20.0
2026-01-14 07:00:00,-9.4,,61.0,0.7,좋음,21.0
2026-01-14 08:00:00,-9.2,,61.0,0.7,좋음,23.0
2026-01-14 09:00:00,-8.2,,61.0,0.7,좋음,25.0
2026-01-14 10:00:00,-5.8,,52.0,0.7,좋음,27.0
2026-01-14 11:00:00,-3.9,,47.0,0.6,보통,34.0
2026-01-14 12:00:00,-2.4,,43.0,0.6,보통,41.0
2026-01-14 13:00:00,-1.1,,41.0,0.5,보통,40.0
2026-01-14 14:00:00,0.5,,34.0,0.3,보통,37.0
2026-01-14 15:00:00,1.2,,35.0,,보통,33.0
2026-01-14 16:00:00,0.9,,37.0,,보통,39.0
2026-01-14 17:00:00,0.0,,37.0,,보통,35.0
2026-01-14 18:00:00,-0.1,,40.0,,보통,38.0
2026-01-14 19:00:00,-0.1,,42.0,,보통,42.0
2026-01-14 20:00:00,0.0,,42.0,,보통,35.0
2026-01-14 21:00:00,0.1,,42.0,,보통,34.0
2026-01-14 22:00:00,0.3,,46.0,,보통,33.0
2026-01-14 23:00:00,0.4,,45.0,,보통,33.0
2026-01-15 00:00:00,0.8,0.0,47.0,,보통,31.0
2026-01-15 01:00:00,1.2,,49.0,,좋음,29.0
2026-01-15 02:00:00,1.6,,51.0,,좋음,27.0
2026-01-15 03:00:00,1.9,,54.0,,좋음,28.0
2026-01-15 04:00:00,2.2,,55.0,,좋음,27.0
2026-01-15 05:00:00,2.5,,58.0,,좋음,28.0
2026-01-15 06:00:00,2.7,,60.0,,보통,32.0
2026-01-15 07:00:00,3.0,,63.0,,보통,35.0
2026-01-15 08:00:00,3.1,,65.0,,보통,38.0
2026-01-15 09:00:00,3.4,,67.0,,보통,43.0
2026-01-15 10:00:00,4.5,,67.0,,보통,54.0
2026-01-15 11:00:00,6.3,,76.0,,보통,71.0
2026-01-15 12:00:00,7.9,,79.0,,나쁨,104.0
2026-01-15 13:00:00,8.7,,74.0,,나쁨,115.0
2026-01-15 14:00:00,9.0,,68.0,,나쁨,118.0
2026-01-15 15:00:00,9.9,,62.0,,나쁨,120.0
2026-01-15 16:00:00,9.2,,64.0,,나쁨,125.0
2026-01-15 17:00:00,7.6,,75.0,,나쁨,122.0
2026-01-15 18:00:00,5.9,,78.0,,나쁨,108.0
2026-01-15 19:00:00,4.9,,82.0,,나쁨,115.0
2026-01-15 20:00:00,4.3,,82.0,,나쁨,124.0
2026-01-15 21:00:00,3.6,,86.0,,나쁨,118.0
2026-01-15 22:00:00,3.0,,87.0,,나쁨,108.0
2026-01-15 23:00:00,2.9,,90.0,,나쁨,101.0
2026-01-16 00:00:00,2.2,,89.0,,나쁨,95.0
2026-01-16 01:00:00,1.5,,90.0,,나쁨,93.0
2026-01-16 02:00:00,1.4,,93.0,,나쁨,91.0
2026-01-16 03:00:00,1.0,,93.0,,나쁨,85.0
2026-01-16 04:00:00,1.3,,95.0,,보통,78.0
2026-01-16 05:00:00,1.2,,93.0,,보통,76.0
2026-01-16 06:00:00,1.2,,94.0,,나쁨,81.0
2026-01-16 07:00:00,1.1,,95.0,,나쁨,88.0
2026-01-16 08:00:00,1.0,,96.0,,나쁨,100.0
2026-01-16 09:00:00,1.2,,96.0,,매우나쁨,182.0
2026-01-16 10:00:00,1.7,,93.0,,매우나쁨,210.0
2026-01-16 11:00:00,2.8,,88.0,,매우나쁨,210.0
2026-01-16 12:00:00,4.3,,79.0,,매우나쁨,167.0
2026-01-16 13:00:00,5.8,,72.0,,나쁨,111.0
2026-01-16 14:00:00,7.9,,64.0,,나쁨,107.0
2026-01-16 15:00:00,9.4,,57.0,,나쁨,105.0
2026-01-16 16:00:00,9.1,,55.0,,나쁨,93.0
2026-01-16 17:00:00,8.8,,53.0,,나쁨,83.0
2026-01-16 18:00:00,5.2,,72.0,,나쁨,100.0
2026-01-16 19:00:00,4.0,,76.0,,나쁨,120.0
2026-01-16 20:00:00,3.4,,77.0,,나쁨,120.0
2026-01-16 21:00:00,3.6,,80.0,,나쁨,121.0
2026-01-16 22:00:00,4.0,,79.0,,나쁨,127.0
2026-01-16 23:00:00,3.6,,77.0,,나쁨,121.0
2026-01-17 00:00:00,3.1,0.0,76.0,,나쁨,107.0
2026-01-17 01:00:00,2.7,,78.0,,나쁨,93.0
2026-01-17 02:00:00,1.9,,83.0,,나쁨,83.0
2026-01-17 03:00:00,1.1,,82.0,,나쁨,82.0
2026-01-17 04:00:00,-0.2,,71.0,,보통,76.0
2026-01-17 05:00:00,-1.0,,71.0,,보통,70.0
2026-01-17 06:00:00,-1.7,,77.0,,보통,69.0
2026-01-17 07:00:00,-2.1,,78.0,,보통,69.0
2026-01-17 08:00:00,-2.8,,80.0,,보통,72.0
2026-01-17 09:00:00,-2.6,,81.0,,보통,68.0
2026-01-17 10:00:00,-1.4,,75.0,,보통,67.0
2026-01-17 11:00:00,0.3,,68.0,,보통,66.0
2026-01-17 12:00:00,1.9,,62.0,,보통,70.0
2026-01-17 13:00:00,3.3,,55.0,,보통,74.0
2026-01-17 14:00:00,4.2,,47.0,,보통,72.0
2026-01-17 15:00:00,4.7,,44.0,,보통,65.0
2026-01-17 16:00:00,4.4,,41.0,,보통,67.0
2026-01-17 17:00:00,3.1,,44.0,,보통,59.0
2026-01-17 18:00:00,1.4,,50.0,,보통,53.0
2026-01-17 19:00:00,0.5,,54.0,,보통,48.0
2026-01-17 20:00:00,-0.4,,54.0,,보통,46.0
2026-01-17 21:00:00,-1.0,,57.0,,보통,43.0
2026-01-17 22:00:00,-1.6,,60.0,,보통,39.0
2026-01-17 23:00:00,-2.2,,61.0,,보통,39.0
2026-01-18 00:00:00,-2.5,,62.0,,보통,39.0
2026-01-18 01:00:00,-2.5,,68.0,,보통,43.0
2026-01-18 02:00:00,-3.0,,64.0,,보통,44.0
2026-01-18 03:00:00,-2.9,,70.0,,보통,38.0
2026-01-18 04:00:00,-3.4,,68.0,,보통,39.0
2026-01-18 05:00:00,-3.6,,65.0,,보통,40.0
2026-01-18 06:00:00,-2.9,,66.0,,보통,42.0
2026-01-18 07:00:00,-2.0,,62.0,,보통,45.0
2026-01-18 08:00:00,-1.4,,60.0,,보통,46.0
2026-01-18 09:00:00,-1.2,,59.0,,보통,46.0
2026-01-18 10:00:00,-0.7,,60.0,,보통,48.0
2026-01-18 11:00:00,0.1,,58.0,,보통,46.0
2026-01-18 12:00:00,0.8,,54.0,,보통,50.0
2026-01-18 13:00:00,1.2,,53.0,,보통,55.0
2026-01-18 14:00:00,2.2,,49.0,,보통,59.0
2026-01-18 15:00:00,3.0,,46.0,,보통,63.0
2026-01-18 16:00:00,2.8,,47.0,,보통,63.0
2026-01-18 17:00:00,2.8,,49.0,,보통,54.0
2026-01-18 18:00:00,2.6,,52.0,,보통,50.0
2026-01-18 19:00:00,2.5,,55.0,,보통,50.0
2026-01-18 20:00:00,2.4,,62.0,,보통,50.0
2026-01-18 21:00:00,2.5,0.0,66.0,,보통,46.0
2026-01-18 22:00:00,2.5,,66.0,,보통,41.0
2026-01-18 23:00:00,2.1,,67.0,,보통,38.0
2026-01-19 00:00:00,1.6,0.0,71.0,,보통,42.0
2026-01-19 01:00:00,1.1,,75.0,,보통,42.0
2026-01-19 02:00:00,0.5,,82.0,,보통,40.0
2026-01-19 03:00:00,0.0,0.4,88.0,0.4,보통,42.0
2026-01-19 04:00:00,-0.9,,89.0,0.8,보통,46.0
2026-01-19 05:00:00,-1.3,,88.0,1.1,보통,62.0
2026-01-19 06:00:00,-1.6,0.6,88.0,1.3,보통,76.0
2026-01-19 07:00:00,-1.7,,85.0,1.3,보통,70.0
2026-01-19 08:00:00,-2.1,,69.0,1.2,보통,54.0
2026-01-19 09:00:00,-2.3,0.0,62.0,1.2,보통,43.0
2026-01-19 10:00:00,-2.4,,54.0,1.2,보통,38.0
2026-01-19 11:00:00,-2.1,,49.0,1.0,보통,35.0
2026-01-19 12:00:00,-2.5,,53.0,0.9,보통,36.0
2026-01-19 13:00:00,-2.6,,51.0,0.5,보통,41.0
2026-01-19 14:00:00,-2.6,,50.0,0.2,보통,40.0
2026-01-19 15:00:00,-2.0,,48.0,,보통,35.0
2026-01-19 16:00:00,-3.0,,37.0,,보통,38.0
2026-01-19 17:00:00,-4.3,,35.0,,보통,34.0
2026-01-19 18:00:00,-5.2,,33.0,,보통,39.0
2026-01-19 19:00:00,-6.6,,38.0,,보통,35.0
2026-01-19 20:00:00,-7.6,,44.0,,보통,39.0
2026-01-19 21:00:00,-8.2,,45.0,,보통,39.0
2026-01-19 22:00:00,-8.5,,46.0,,보통,37.0
2026-01-19 23:00:00,-9.2,,47.0,,보통,37.0
2026-01-20 00:00:00,-9.8,,45.0,,보통,34.0
2026-01-20 01:00:00,-10.0,,46.0,,보통,32.0
2026-01-20 02:00:00,-10.0,,44.0,,좋음,28.0
2026-01-20 03:00:00,-10.3,,45.0,,좋음,28.0
2026-01-20 04:00:00,-10.3,,44.0,,좋음,25.0
2026-01-20 05:00:00,-10.5,,43.0,,좋음,26.0
2026-01-20 06:00:00,-11.0,,45.0,,좋음,25.0
2026-01-20 07:00:00,-11.6,,45.0,,좋음,28.0
2026-01-20 08:00:00,-11.8,,45.0,,좋음,27.0
2026-01-20 09:00:00,-11.5,,46.0,,좋음,24.0
2026-01-20 10:00:00,-10.1,,44.0,,좋음,24.0
2026-01-20 11:00:00,-9.1,,39.0,,좋음,25.0
2026-01-20 12:00:00,-7.3,,37.0,,보통,33.0
2026-01-20 13:00:00,-5.9,,35.0,,보통,34.0
2026-01-20 14:00:00,-5.1,,35.0,,보통,35.0
2026-01-20 15:00:00,-3.8,,34.0,,보통,35.0
2026-01-20 16:00:00,-4.0,,34.0,,보통,36.0
2026-01-20 17:00:00,-4.8,,36.0,,보통,34.0
2026-01-20 18:00:00,-6.1,,41.0,,보통,32.0
2026-01-20 19:00:00,-6.9,,43.0,,보통,31.0
2026-01-20 20:00:00,-7.5,,44.0,,좋음,30.0
2026-01-20 21:00:00,-7.9,,44.0,,좋음,29.0
2026-01-20 22:00:00,-8.4,,48.0,,보통,33.0
2026-01-20 23:00:00,-8.9,,50.0,,좋음,30.0
2026-01-21 00:00:00,-9.4,,54.0,,좋음,29.0
2026-01-21 01:00:00,-9.9,,57.0,,좋음,29.0
2026-01-21 02:00:00,-10.6,,58.0,,좋음,26.0
2026-01-21 03:00:00,-11.1,,58.0,,좋음,26.0
2026-01-21 04:00:00,-11.4,,61.0,,좋음,25.0
2026-01-21 05:00:00,-11.8,,62.0,,좋음,25.0
2026-01-21 06:00:00,-11.9,,61.0,,좋음,22.0
2026-01-21 07:00:00,-12.1,,61.0,,좋음,24.0
2026-01-21 08:00:00,-12.1,,59.0,,좋음,22.0
2026-01-21 09:00:00,-11.6,,57.0,,좋음,22.0
2026-01-21 10:00:00,-10.6,,51.0,,좋음,25.0
2026-01-21 11:00:00,-9.1,,48.0,,좋음,28.0
2026-01-21 12:00:00,-8.1,,42.0,,좋음,29.0
2026-01-21 13:00:00,-7.0,,41.0,,보통,31.0
2026-01-21 14:00:00,-7.0,,39.0,,보통,34.0
2026-01-21 15:00:00,-6.2,,37.0,,보통,39.0
2026-01-21 16:00:00,-5.3,,36.0,,보통,34.0
2026-01-21 17:00:00,-6.3,,38.0,,좋음,30.0
2026-01-21 18:00:00,-7.3,,39.0,,좋음,25.0
2026-01-21 19:00:00,-8.1,,44.0,,좋음,19.0
2026-01-21 20:00:00,-8.9,,46.0,,좋음,18.0
2026-01-21 21:00:00,-9.9,,48.0,,좋음,25.0
2026-01-21 22:00:00,-10.8,,50.0,,좋음,30.0
2026-01-21 23:00:00,-11.4,,52.0,,좋음,26.0
2026-01-22 00:00:00,-11.4,,53.0,,좋음,23.0
2026-01-22 01:00:00,-11.5,,53.0,,좋음,23.0
2026-01-22 02:00:00,-11.6,,52.0,,좋음,22.0
2026-01-22 03:00:00,-12.0,,53.0,,좋음,22.0
2026-01-22 04:00:00,-12.3,,52.0,,좋음,22.0
2026-01-22 05:00:00,-12.4,,52.0,,좋음,23.0
2026-01-22 06:00:00,-12.8,,55.0,,좋음,23.0
2026-01-22 07:00:00,-13.0,,51.0,,좋음,22.0
2026-01-22 08:00:00,-13.1,,51.0,,좋음,21.0
2026-01-22 09:00:00,-12.4,,47.0,,좋음,21.0
2026-01-22 10:00:00,-10.9,,40.0,,좋음,19.0
2026-01-22 11:00:00,-9.1,,38.0,,좋음,21.0
2026-01-22 12:00:00,-8.2,,34.0,,좋음,24.0
2026-01-22 13:00:00,-7.0,,33.0,,좋음,25.0
2026-01-22 14:00:00,-6.0,,32.0,,좋음,28.0
2026-01-22 15:00:00,-5.1,,32.0,,보통,31.0
2026-01-22 16:00:00,-4.4,,35.0,,보통,33.0
2026-01-22 17:00:00,-5.0,,38.0,,보통,35.0
2026-01-22 18:00:00,-5.9,,42.0,,보통,31.0
2026-01-22 19:00:00,-6.2,,46.0,,좋음,28.0
2026-01-22 20:00:00,-6.6,,47.0,,좋음,29.0
2026-01-22 21:00:00,-7.0,,46.0,,좋음,23.0
2026-01-22 22:00:00,-7.8,,45.0,,좋음,23.0
2026-01-22 23:00:00,-8.6,,46.0,,좋음,22.0
2026-01-23 00:00:00,-9.2,,44.0,,좋음,19.0
2026-01-23 01:00:00,-10.0,,43.0,,좋음,19.0
2026-01-23 02:00:00,-10.4,,47.0,,좋음,20.0
2026-01-23 03:00:00,-10.1,,45.0,,좋음,18.0
2026-01-23 04:00:00,-10.7,,51.0,,좋음,16.0
2026-01-23 05:00:00,-10.8,,51.0,,좋음,18.0
2026-01-23 06:00:00,-10.5,,54.0,,좋음,23.0
2026-01-23 07:00:00,-10.9,,56.0,,좋음,29.0
2026-01-23 08:00:00,-11.3,,56.0,,보통,33.0
2026-01-23 09:00:00,-10.4,,56.0,,좋음,30.0
2026-01-23 10:00:00,-7.4,,47.0,,보통,34.0
2026-01-23 11:00:00,-4.5,,35.0,,,
2026-01-23 12:00:00,-2.9,,29.0,,,
2026-01-23 13:00:00,-1.7,,24.0,,보통,47.0
2026-01-23 14:00:00,-0.9,,26.0,,보통,51.0
2026-01-23 15:00:00,-0.6,,28.0,,보통,42.0
2026-01-23 16:00:00,0.2,,32.0,,보통,44.0
2026-01-23 17:00:00,-0.5,,33.0,,보통,41.0
2026-01-23 18:00:00,-1.4,,38.0,,보통,40.0
2026-01-23 19:00:00,-1.3,,53.0,,보통,39.0
2026-01-23 20:00:00,-1.3,,59.0,,보통,41.0
2026-01-23 21:00:00,-1.9,0.1,67.0,0.2,보통,44.0
2026-01-23 22:00:00,-2.1,,84.0,1.6,보통,44.0
2026-01-23 23:00:00,-2.0,,86.0,4.8,보통,39.0
2026-01-24 00:00:00,-1.9,2.1,88.0,4.9,보통,40.0
2026-01-24 01:00:00,-2.4,,87.0,4.8,보통,47.0
2026-01-24 02:00:00,-4.3,,77.0,4.8,보통,46.0
2026-01-24 03:00:00,-5.3,,76.0,4.7,보통,41.0
2026-01-24 04:00:00,-6.2,,72.0,4.7,보통,37.0
2026-01-24 05:00:00,-7.0,,64.0,4.7,보통,41.0
2026-01-24 06:00:00,-7.4,,58.0,4.2,좋음,30.0
2026-01-24 07:00:00,-7.8,,57.0,3.9,좋음,29.0
2026-01-24 08:00:00,-8.7,,51.0,3.7,좋음,24.0
2026-01-24 09:00:00,-8.5,,49.0,3.7,좋음,26.0
2026-01-24 10:00:00,-7.2,,41.0,3.4,좋음,25.0
2026-01-24 11:00:00,-5.8,,36.0,3.0,좋음,23.0
2026-01-24 12:00:00,-4.7,,34.0,2.8,좋음,23.0
2026-01-24 13:00:00,-2.9,,33.0,2.4,좋음,24.0
2026-01-24 14:00:00,-2.6,,29.0,1.8,좋음,22.0
2026-01-24 15:00:00,-1.4,,33.0,1.5,좋음,20.0
2026-01-24 16:00:00,-1.7,,32.0,1.0,좋음,23.0
2026-01-24 17:00:00,-2.5,,37.0,0.9,좋음,28.0
2026-01-24 18:00:00,-3.7,,47.0,0.9,좋음,27.0
2026-01-24 19:00:00,-4.1,,53.0,0.9,좋음,28.0
2026-01-24 20:00:00,-4.3,,55.0,0.9,좋음,26.0
2026-01-24 21:00:00,-4.8,,41.0,0.9,좋음,27.0
2026-01-24 22:00:00,-5.2,,41.0,0.9,좋음,26.0
2026-01-24 23:00:00,-5.9,,42.0,0.9,좋음,26.0
2026-01-25 00:00:00,-6.3,,38.0,0.9,좋음,20.0
2026-01-25 01:00:00,-6.9,,35.0,0.9,좋음,20.0
2026-01-25 02:00:00,-7.4,,37.0,0.9,좋음,19.0
2026-01-25 03:00:00,-8.0,,41.0,0.9,좋음,18.0
2026-01-25 04:00:00,-7.6,,43.0,0.9,좋음,15.0
2026-01-25 05:00:00,-8.3,,46.0,0.9,좋음,16.0
2026-01-25 06:00:00,-8.1,,49.0,0.9,좋음,17.0
2026-01-25 07:00:00,-9.0,,46.0,0.9,좋음,19.0
2026-01-25 08:00:00,-9.0,,46.0,0.9,좋음,20.0
2026-01-25 09:00:00,-8.5,,43.0,0.9,좋음,22.0
2026-01-25 10:00:00,-7.6,,39.0,0.9,좋음,20.0
2026-01-25 11:00:00,-5.9,,36.0,0.8,좋음,27.0
2026-01-25 12:00:00,-4.2,,32.0,0.8,좋음,24.0
2026-01-25 13:00:00,-3.8,,32.0,0.5,좋음,25.0
2026-01-25 14:00:00,-2.5,,30.0,0.2,좋음,22.0
2026-01-25 15:00:00,-2.4,,28.0,0.1,좋음,22.0
2026-01-25 16:00:00,-2.1,,30.0,,좋음,22.0
2026-01-25 17:00:00,-2.8,,30.0,,좋음,24.0
2026-01-25 18:00:00,-4.1,,37.0,,좋음,23.0
2026-01-25 19:00:00,-4.9,,42.0,,좋음,23.0
2026-01-25 20:00:00,-5.3,,46.0,,좋음,24.0
2026-01-25 21:00:00,-5.7,,49.0,,좋음,25.0
2026-01-25 22:00:00,-6.2,,52.0,,좋음,23.0
2026-01-25 23:00:00,-6.4,,50.0,,좋음,23.0
2026-01-26 00:00:00,-6.9,,54.0,,좋음,23.0
2026-01-26 01:00:00,-7.6,,56.0,,좋음,25.0
2026-01-26 02:00:00,-7.8,,57.0,,좋음,23.0
2026-01-26 03:00:00,-7.6,,57.0,,좋음,25.0
2026-01-26 04:00:00,-7.8,,59.0,,좋음,23.0
2026-01-26 05:00:00,-8.0,,60.0,,좋음,24.0
2026-01-26 06:00:00,-7.8,,61.0,,좋음,25.0
2026-01-26 07:00:00,-7.5,,59.0,,보통,31.0
2026-01-26 08:00:00,-7.6,,59.0,,좋음,27.0
2026-01-26 09:00:00,-6.6,,58.0,,보통,31.0
2026-01-26 10:00:00,-5.4,,54.0,,보통,33.0
2026-01-26 11:00:00,-3.7,,53.0,,보통,37.0
2026-01-26 12:00:00,-2.6,,48.0,,보통,36.0
2026-01-26 13:00:00,-2.1,,47.0,,보통,39.0
2026-01-26 14:00:00,-1.3,,44.0,,보통,40.0
2026-01-26 15:00:00,-0.6,,42.0,,보통,49.0
2026-01-26 16:00:00,-0.4,,42.0,,보통,54.0
2026-01-26 17:00:00,-1.2,,40.0,,보통,53.0
2026-01-26 18:00:00,-2.1,,39.0,,보통,37.0
2026-01-26 19:00:00,-2.6,,39.0,,보통,33.0
2026-01-26 20:00:00,-3.0,,43.0,,보통,33.0
2026-01-26 21:00:00,-3.4,,50.0,,보통,32.0
2026-01-26 22:00:00,-3.3,,53.0,,좋음,25.0
2026-01-26 23:00:00,-3.5,,57.0,,좋음,29.0
2026-01-27 00:00:00,-3.2,,59.0,,좋음,30.0
2026-01-27 01:00:00,-3.0,,66.0,,보통,31.0
2026-01-27 02:00:00,-3.9,,64.0,,좋음,29.0
2026-01-27 03:00:00,-4.8,,61.0,,보통,39.0
2026-01-27 04:00:00,-5.7,,62.0,,보통,40.0
2026-01-27 05:00:00,-6.3,,63.0,,보통,42.0
2026-01-27 06:00:00,-6.3,,61.0,,보통,41.0
2026-01-27 07:00:00,-6.4,,64.0,,보통,44.0
2026-01-27 08:00:00,-6.9,,66.0,,보통,41.0
2026-01-27 09:00:00,-6.4,,62.0,,보통,41.0
2026-01-27 10:00:00,-5.4,,52.0,,보통,44.0
2026-01-27 11:00:00,-3.7,,45.0,,보통,42.0
2026-01-27 12:00:00,-2.5,,41.0,,보통,41.0
2026-01-27 13:00:00,-2.0,,34.0,,보통,39.0
2026-01-27 14:00:00,-0.7,,34.0,,보통,43.0
2026-01-27 15:00:00,-0.6,,30.0,,보통,40.0
2026-01-27 16:00:00,-0.4,,29.0,,보통,36.0
2026-01-27 17:00:00,-1.1,,31.0,,보통,33.0
2026-01-27 18:00:00,-2.5,,40.0,,좋음,30.0
2026-01-27 19:00:00,-3.2,,44.0,,좋음,30.0
2026-01-27 20:00:00,-3.8,,40.0,,좋음,26.0
2026-01-27 21:00:00,-4.9,,42.0,,보통,32.0
2026-01-27 22:00:00,-5.9,,44.0,,보통,38.0
2026-01-27 23:00:00,-6.7,,48.0,,보통,43.0
2026-01-28 00:00:00,-7.4,,49.0,,보통,40.0
2026-01-28 01:00:00,-7.8,,48.0,,보통,36.0
2026-01-28 02:00:00,-8.1,,49.0,,좋음,29.0
2026-01-28 03:00:00,-8.5,,50.0,,좋음,23.0
2026-01-28 04:00:00,-8.7,,51.0,,좋음,23.0
2026-01-28 05:00:00,-9.3,,51.0,,좋음,22.0
2026-01-28 06:00:00,-8.9,,50.0,,좋음,25.0
2026-01-28 07:00:00,-9.3,,49.0,,좋음,26.0
2026-01-28 08:00:00,-9.1,,48.0,,좋음,28.0
2026-01-28 09:00:00,-8.4,,49.0,,좋음,28.0
2026-01-28 10:00:00,-6.7,,42.0,,좋음,29.0
2026-01-28 11:00:00,-5.5,,35.0,,보통,33.0
2026-01-28 12:00:00,-4.4,,32.0,,보통,32.0
2026-01-28 13:00:00,-3.2,,30.0,,보통,33.0
2026-01-28 14:00:00,-2.3,,28.0,,보통,32.0
2026-01-28 15:00:00,-1.1,,25.0,,좋음,28.0
2026-01-28 16:00:00,-0.8,,25.0,,보통,31.0
2026-01-28 17:00:00,-1.2,,27.0,,보통,33.0
2026-01-28 18:00:00,-2.5,,31.0,,보통,35.0
2026-01-28 19:00:00,-3.0,,34.0,,보통,35.0
2026-01-28 20:00:00,-3.5,,38.0,,보통,35.0
2026-01-28 21:00:00,-3.8,,39.0,,보통,41.0
2026-01-28 22:00:00,-4.1,,38.0,,보통,39.0
2026-01-28 23:00:00,-4.7,,41.0,,보통,39.0
2026-01-29 00:00:00,-5.4,,46.0,,좋음,30.0
2026-01-29 01:00:00,-6.1,,42.0,,좋음,27.0
2026-01-29 02:00:00,-6.6,,43.0,,좋음,29.0
2026-01-29 03:00:00,-7.2,,44.0,,좋음,24.0
2026-01-29 04:00:00,-7.7,,47.0,,좋음,23.0
2026-01-29 05:00:00,-8.3,,49.0,,좋음,23.0
2026-01-29 06:00:00,-8.2,,51.0,,좋음,26.0
2026-01-29 07:00:00,-8.6,,50.0,,좋음,29.0
2026-01-29 08:00:00,-8.7,,51.0,,좋음,26.0
2026-01-29 09:00:00,-7.3,,50.0,,,
2026-01-29 10:00:00,-5.2,,43.0,,,
2026-01-29 11:00:00,-3.9,,36.0,,,
2026-01-29 12:00:00,-2.7,,30.0,,좋음,30.0
2026-01-29 13:00:00,-2.1,,28.0,,보통,40.0
2026-01-29 14:00:00,-1.2,,24.0,,보통,34.0
2026-01-29 15:00:00,-0.9,,24.0,,좋음,28.0
2026-01-29 16:00:00,-0.4,,23.0,,보통,34.0
2026-01-29 17:00:00,-1.1,,25.0,,보통,32.0
2026-01-29 18:00:00,-2.4,,28.0,,보통,31.0
2026-01-29 19:00:00,-3.4,,26.0,,보통,32.0
2026-01-29 20:00:00,-4.0,,27.0,,좋음,24.0
2026-01-29 21:00:00,-5.3,,37.0,,좋음,21.0
2026-01-29 22:00:00,-6.6,,41.0,,보통,37.0
2026-01-29 23:00:00,-7.3,,42.0,,보통,62.0
2026-01-30 00:00:00,-7.8,,43.0,,보통,42.0
2026-01-30 01:00:00,-8.3,,44.0,,보통,38.0
2026-01-30 02:00:00,-8.9,,45.0,,보통,34.0
2026-01-30 03:00:00,-9.0,,46.0,,보통,33.0
2026-01-30 04:00:00,-8.8,,44.0,,좋음,29.0
2026-01-30 05:00:00,-8.8,,45.0,,좋음,28.0
2026-01-30 06:00:00,-9.0,,47.0,,좋음,29.0
2026-01-30 07:00:00,-9.0,,49.0,,보통,31.0
2026-01-30 08:00:00,-9.1,,47.0,,좋음,30.0
2026-01-30 09:00:00,-8.7,,46.0,,보통,32.0
2026-01-30 10:00:00,-7.5,,42.0,,보통,33.0
2026-01-30 11:00:00,-6.5,,38.0,,보통,34.0
2026-01-30 12:00:00,-5.2,,35.0,,보통,35.0
2026-01-30 13:00:00,-4.3,,33.0,,보통,37.0
2026-01-30 14:00:00,-2.5,,32.0,,보통,36.0
2026-01-30 15:00:00,-2.1,,32.0,,보통,43.0
2026-01-30 16:00:00,-2.7,,32.0,,보통,42.0
2026-01-30 17:00:00,-3.0,,32.0,,보통,43.0
2026-01-30 18:00:00,-4.3,,36.0,,보통,41.0
2026-01-30 19:00:00,-5.0,,39.0,,보통,44.0
2026-01-30 20:00:00,-5.7,,41.0,,보통,45.0
2026-01-30 21:00:00,-6.1,,42.0,,보통,52.0
2026-01-30 22:00:00,-6.4,,42.0,,보통,53.0
2026-01-30 23:00:00,-6.6,,45.0,,보통,51.0
2026-01-31 00:00:00,-7.0,,47.0,,보통,48.0
2026-01-31 01:00:00,-7.8,,47.0,,보통,48.0
2026-01-31 02:00:00,-8.2,,51.0,,보통,45.0
2026-01-31 03:00:00,-8.2,,50.0,,보통,45.0
2026-01-31 04:00:00,-8.8,,50.0,,보통,47.0
2026-01-31 05:00:00,-9.1,,51.0,,보통,47.0
2026-01-31 06:00:00,-9.0,,52.0,,보통,46.0
2026-01-31 07:00:00,-9.3,,56.0,,보통,48.0
2026-01-31 08:00:00,-9.3,,54.0,,보통,46.0
2026-01-31 09:00:00,-8.6,,55.0,,보통,42.0
2026-01-31 10:00:00,-5.7,,46.0,,보통,50.0
2026-01-31 11:00:00,-2.8,,36.0,,보통,55.0
2026-01-31 12:00:00,-1.7,,30.0,,보통,42.0
2026-01-31 13:00:00,-0.1,,25.0,,좋음,27.0
2026-01-31 14:00:00,0.6,,21.0,,좋음,30.0
2026-01-31 15:00:00,1.3,,24.0,,좋음,25.0
2026-01-31 16:00:00,1.3,,26.0,,좋음,21.0
2026-01-31 17:00:00,0.3,,29.0,,좋음,20.0
2026-01-31 18:00:00,-1.4,,32.0,,좋음,23.0
2026-01-31 19:00:00,-2.3,,38.0,,좋음,27.0
2026-01-31 20:00:00,-2.8,,51.0,,좋음,27.0
2026-01-31 21:00:00,-3.0,,61.0,,좋음,29.0
2026-01-31 22:00:00,-2.3,,65.0,,보통,36.0
2026-01-31 23:00:00,-2.3,,61.0,,보통,41.0
2026-02-01 00:00:00,-2.1,0.0,60.0,,보통,48.0
2026-02-01 01:00:00,-2.0,,60.0,,보통,52.0
2026-02-01 02:00:00,-2.6,,56.0,,보통,52.0
2026-02-01 03:00:00,-3.6,0.0,58.0,,보통,51.0
2026-02-01 04:00:00,-4.5,,61.0,,보통,40.0
2026-02-01 05:00:00,-5.1,,61.0,,보통,31.0
2026-02-01 06:00:00,-6.1,,61.0,,좋음,28.0
2026-02-01 07:00:00,-6.8,,61.0,,좋음,24.0
2026-02-01 08:00:00,-7.1,,62.0,,좋음,26.0
2026-02-01 09:00:00,-6.0,,63.0,,좋음,28.0
2026-02-01 10:00:00,-3.3,,57.0,,보통,31.0
2026-02-01 11:00:00,-2.0,,47.0,,보통,35.0
2026-02-01 12:00:00,-0.5,,36.0,,보통,31.0
2026-02-01 13:00:00,0.1,,29.0,,보통,31.0
2026-02-01 14:00:00,0.9,,26.0,,보통,31.0
2026-02-01 15:00:00,1.6,,27.0,,좋음,28.0
2026-02-01 16:00:00,1.8,,30.0,,좋음,28.0
2026-02-01 17:00:00,0.7,,36.0,,좋음,30.0
2026-02-01 18:00:00,-0.4,,41.0,,좋음,27.0
2026-02-01 19:00:00,-0.5,,43.0,,좋음,28.0
2026-02-01 20:00:00,-0.4,,51.0,,보통,32.0
2026-02-01 21:00:00,-0.5,0.0,57.0,,보통,37.0
2026-02-01 22:00:00,-0.5,,54.0,,보통,35.0
2026-02-01 23:00:00,-0.4,,54.0,,보통,32.0
2026-02-02 00:00:00,-0.5,0.0,57.0,,보통,33.0
2026-02-02 01:00:00,-1.1,,86.0,1.4,보통,35.0
2026-02-02 02:00:00,-1.4,,88.0,5.6,보통,38.0
2026-02-02 03:00:00,-1.8,2.1,84.0,6.0,보통,37.0
2026-02-02 04:00:00,-1.9,,85.0,6.2,보통,39.0
2026-02-02 05:00:00,-2.4,,87.0,6.2,보통,43.0
2026-02-02 06:00:00,-3.2,0.3,88.0,6.2,보통,38.0
2026-02-02 07:00:00,-3.3,,90.0,6.0,좋음,29.0
2026-02-02 08:00:00,-3.6,,86.0,5.9,보통,32.0
2026-02-02 09:00:00,-3.8,,80.0,5.7,보통,40.0
2026-02-02 10:00:00,-3.0,,73.0,5.5,보통,46.0
2026-02-02 11:00:00,-1.5,,62.0,5.4,보통,58.0
2026-02-02 12:00:00,-1.3,,47.0,4.0,보통,54.0
2026-02-02 13:00:00,0.1,,49.0,2.5,보통,36.0
2026-02-02 14:00:00,0.0,,39.0,1.5,좋음,30.0
2026-02-02 15:00:00,0.6,,37.0,0.6,좋음,27.0
2026-02-02 16:00:00,0.5,,35.0,0.3,좋음,27.0
2026-02-02 17:00:00,0.5,,35.0,,좋음,28.0
2026-02-02 18:00:00,-1.0,,43.0,,좋음,30.0
2026-02-02 19:00:00,-1.7,,51.0,,보통,35.0
2026-02-02 20:00:00,-2.0,,56.0,,보통,36.0
2026-02-02 21:00:00,-2.3,,57.0,,보통,39.0
2026-02-02 22:00:00,-2.8,,56.0,,보통,34.0
2026-02-02 23:00:00,-3.5,,60.0,,보통,31.0
2026-02-03 00:00:00,-4.3,,59.0,,보통,34.0
2026-02-03 01:00:00,-4.9,,62.0,,보통,35.0
2026-02-03 02:00:00,-5.3,,61.0,,보통,32.0
2026-02-03 03:00:00,-5.9,,60.0,,좋음,30.0
2026-02-03 04:00:00,-6.5,,61.0,,좋음,26.0
2026-02-03 05:00:00,-7.1,,62.0,,좋음,23.0
2026-02-03 06:00:00,-7.5,,64.0,,좋음,27.0
2026-02-03 07:00:00,-7.4,,67.0,,좋음,30.0
2026-02-03 08:00:00,-7.5,,69.0,,좋음,30.0
2026-02-03 09:00:00,-6.2,,70.0,,보통,31.0
2026-02-03 10:00:00,-3.3,,63.0,,보통,34.0
2026-02-03 11:00:00,-0.5,,50.0,,보통,36.0
2026-02-03 12:00:00,2.0,,44.0,,보통,34.0
2026-02-03 13:00:00,3.6,,42.0,,보통,42.0
2026-02-03 14:00:00,4.3,,44.0,,보통,37.0
2026-02-03 15:00:00,5.4,,42.0,,보통,39.0
2026-02-03 16:00:00,5.1,,44.0,,보통,32.0
2026-02-03 17:00:00,4.0,,52.0,,보통,34.0
2026-02-03 18:00:00,2.5,,59.0,,보통,39.0
2026-02-03 19:00:00,1.7,,62.0,,보통,36.0
2026-02-03 20:00:00,1.4,,66.0,,보통,39.0
2026-02-03 21:00:00,1.2,,65.0,,보통,43.0
2026-02-03 22:00:00,1.2,,68.0,,보통,44.0
2026-02-03 23:00:00,1.1,,70.0,,보통,47.0
2026-02-04 00:00:00,1.6,,73.0,,보통,46.0
2026-02-04 01:00:00,1.3,,76.0,,보통,45.0
2026-02-04 02:00:00,1.2,,77.0,,보통,45.0
2026-02-04 03:00:00,1.1,,76.0,,보통,48.0
2026-02-04 04:00:00,1.1,,77.0,,보통,51.0
2026-02-04 05:00:00,1.0,,75.0,,보통,56.0
2026-02-04 06:00:00,1.0,,77.0,,보통,58.0
2026-02-04 07:00:00,1.1,,77.0,,보통,61.0
2026-02-04 08:00:00,1.0,,76.0,,보통,55.0
2026-02-04 09:00:00,1.3,,76.0,,보통,56.0
2026-02-04 10:00:00,2.2,,74.0,,보통,58.0
2026-02-04 11:00:00,3.4,,70.0,,보통,59.0
2026-02-04 12:00:00,4.0,,67.0,,보통,58.0
2026-02-04 13:00:00,4.6,,65.0,,보통,65.0
2026-02-04 14:00:00,5.3,,64.0,,보통,69.0
2026-02-04 15:00:00,5.3,,65.0,,보통,71.0
2026-02-04 16:00:00,5.4,,65.0,,보통,65.0
2026-02-04 17:00:00,5.7,,64.0,,보통,63.0
2026-02-04 18:00:00,5.2,0.0,67.0,,보통,61.0
2026-02-04 19:00:00,4.5,,67.0,,보통,58.0
2026-02-04 20:00:00,3.7,,72.0,,보통,61.0
2026-02-04 21:00:00,3.2,,73.0,,보통,65.0
2026-02-04 22:00:00,2.4,,75.0,,보통,61.0
2026-02-04 23:00:00,1.9,,78.0,,보통,66.0
2026-02-05 00:00:00,1.4,,78.0,,보통,66.0
2026-02-05 01:00:00,1.7,,79.0,,보통,63.0
2026-02-05 02:00:00,1.8,,80.0,,보통,62.0
2026-02-05 03:00:00,2.0,,79.0,,보통,63.0
2026-02-05 04:00:00,2.2,,78.0,,보통,68.0
2026-02-05 05:00:00,2.3,,78.0,,보통,71.0
2026-02-05 06:00:00,2.6,,77.0,,보통,73.0
2026-02-05 07:00:00,2.6,,77.0,,보통,78.0
2026-02-05 08:00:00,2.3,,77.0,,보통,77.0
2026-02-05 09:00:00,3.1,0.0,77.0,,나쁨,81.0
2026-02-05 10:00:00,4.5,,74.0,,,
2026-02-05 11:00:00,5.6,,69.0,,,
2026-02-05 12:00:00,8.2,,66.0,,보통,54.0
2026-02-05 13:00:00,9.9,,62.0,,보통,54.0
2026-02-05 14:00:00,9.4,,64.0,,보통,49.0
2026-02-05 15:00:00,8.9,,68.0,,보통,50.0
2026-02-05 16:00:00,8.3,,69.0,,보통,58.0
2026-02-05 17:00:00,7.3,,71.0,,보통,73.0
2026-02-05 18:00:00,5.3,,80.0,,보통,77.0
2026-02-05 19:00:00,4.2,,73.0,,나쁨,90.0
2026-02-05 20:00:00,3.0,,74.0,,나쁨,121.0
2026-02-05 21:00:00,1.4,,54.0,,나쁨,124.0
2026-02-05 22:00:00,-0.3,,47.0,,나쁨,85.0
2026-02-05 23:00:00,-1.8,,53.0,,보통,67.0
2026-02-06 00:00:00,-2.8,,53.0,,보통,76.0
2026-02-06 01:00:00,-3.5,,50.0,,나쁨,89.0
2026-02-06 02:00:00,-4.3,,46.0,,나쁨,94.0
2026-02-06 03:00:00,-4.9,,44.0,,나쁨,93.0
2026-02-06 04:00:00,-5.4,,39.0,,나쁨,84.0
2026-02-06 05:00:00,-6.2,,38.0,,보통,73.0
2026-02-06 06:00:00,-6.7,,36.0,,보통,67.0
2026-02-06 07:00:00,-7.5,,37.0,,보통,69.0
2026-02-06 08:00:00,-8.0,,37.0,,보통,74.0
2026-02-06 09:00:00,-8.0,,33.0,,나쁨,83.0
2026-02-06 10:00:00,-7.6,,30.0,,나쁨,85.0
2026-02-06 11:00:00,-6.4,,29.0,,나쁨,88.0
2026-02-06 12:00:00,-5.8,,26.0,,나쁨,88.0
2026-02-06 13:00:00,-4.1,,23.0,,나쁨,95.0
2026-02-06 14:00:00,-3.0,,24.0,,나쁨,96.0
2026-02-06 15:00:00,-2.5,,23.0,,나쁨,94.0
2026-02-06 16:00:00,-2.7,,23.0,,나쁨,93.0
2026-02-06 17:00:00,-3.9,,26.0,,나쁨,88.0
2026-02-06 18:00:00,-5.1,,28.0,,나쁨,84.0
2026-02-06 19:00:00,-5.5,,29.0,,보통,80.0
2026-02-06 20:00:00,-6.2,,31.0,,보통,75.0
2026-02-06 21:00:00,-6.8,,32.0,,보통,71.0
2026-02-06 22:00:00,-7.3,,34.0,,보통,65.0
2026-02-06 23:00:00,-7.9,,35.0,,보통,60.0
2026-02-07 00:00:00,-8.3,,35.0,,보통,54.0
2026-02-07 01:00:00,-8.6,,35.0,,보통,52.0
2026-02-07 02:00:00,-8.9,,35.0,,보통,56.0
2026-02-07 03:00:00,-9.5,,37.0,,보통,51.0
2026-02-07 04:00:00,-9.9,,38.0,,보통,50.0
2026-02-07 05:00:00,-10.4,,40.0,,보통,50.0
2026-02-07 06:00:00,-10.2,,39.0,,보통,50.0
2026-02-07 07:00:00,-10.7,,40.0,,보통,47.0
2026-02-07 08:00:00,-10.8,,38.0,,보통,38.0
2026-02-07 09:00:00,-10.3,,41.0,,보통,36.0
2026-02-07 10:00:00,-9.2,,37.0,,보통,33.0
2026-02-07 11:00:00,-7.3,,30.0,,보통,35.0
2026-02-07 12:00:00,-5.4,,29.0,,보통,32.0
2026-02-07 13:00:00,-4.8,,25.0,,보통,31.0
2026-02-07 14:00:00,-5.1,,25.0,,보통,31.0
2026-02-07 15:00:00,-4.2,,26.0,,좋음,29.0
2026-02-07 16:00:00,-4.3,,25.0,,좋음,23.0
2026-02-07 17:00:00,-4.8,,22.0,,좋음,25.0
2026-02-07 18:00:00,-6.1,,22.0,,좋음,20.0
2026-02-07 19:00:00,-6.9,,25.0,,좋음,23.0
2026-02-07 20:00:00,-7.6,,28.0,,좋음,21.0
2026-02-07 21:00:00,-8.7,,37.0,,좋음,21.0
2026-02-07 22:00:00,-9.9,,45.0,,좋음,25.0
2026-02-07 23:00:00,-10.5,,44.0,,보통,33.0
2026-02-08 00:00:00,-10.7,,45.0,,보통,33.0
2026-02-08 01:00:00,-10.6,,44.0,,좋음,30.0
2026-02-08 02:00:00,-10.7,,41.0,,좋음,28.0
2026-02-08 03:00:00,-10.9,,39.0,,좋음,27.0
2026-02-08 04:00:00,-11.3,,40.0,,좋음,25.0
2026-02-08 05:00:00,-11.6,,42.0,,좋음,24.0
2026-02-08 06:00:00,-11.9,,43.0,,좋음,25.0
2026-02-08 07:00:00,-12.2,,42.0,,좋음,25.0
2026-02-08 08:00:00,-12.2,,43.0,,좋음,24.0
2026-02-08 09:00:00,-11.7,,41.0,,좋음,24.0
2026-02-08 10:00:00,-10.4,,37.0,,좋음,25.0
2026-02-08 11:00:00,-9.3,,34.0,,좋음,26.0
2026-02-08 12:00:00,-7.6,,30.0,,좋음,27.0
2026-02-08 13:00:00,-6.3,,29.0,,좋음,29.0
2026-02-08 14:00:00,-5.8,,27.0,,좋음,26.0
2026-02-08 15:00:00,-4.0,,28.0,,좋음,26.0
2026-02-08 16:00:00,-3.6,,28.0,,보통,31.0
2026-02-08 17:00:00,-4.1,,27.0,,좋음,29.0
2026-02-08 18:00:00,-5.3,,38.0,,좋음,25.0
2026-02-08 19:00:00,-5.9,,41.0,,좋음,26.0
2026-02-08 20:00:00,-6.0,,41.0,,좋음,26.0
2026-02-08 21:00:00,-6.3,,33.0,,좋음,24.0
2026-02-08 22:00:00,-7.0,,34.0,,좋음,20.0
2026-02-08 23:00:00,-7.3,,36.0,,좋음,20.0
2026-02-09 00:00:00,-8.1,,43.0,,좋음,25.0
2026-02-09 01:00:00,-8.8,,47.0,,좋음,20.0
2026-02-09 02:00:00,-9.0,,50.0,,좋음,18.0
2026-02-09 03:00:00,-9.7,,53.0,,좋음,19.0
2026-02-09 04:00:00,-9.7,,53.0,,좋음,19.0
2026-02-09 05:00:00,-9.8,,54.0,,좋음,21.0
2026-02-09 06:00:00,-10.0,,52.0,,좋음,23.0
2026-02-09 07:00:00,-9.9,,56.0,,좋음,24.0
2026-02-09 08:00:00,-9.9,,56.0,,좋음,24.0
2026-02-09 09:00:00,-8.2,,54.0,,좋음,27.0
2026-02-09 10:00:00,-4.9,,46.0,,보통,31.0
2026-02-09 11:00:00,-1.7,,35.0,,보통,42.0
2026-02-09 12:00:00,0.2,,33.0,,,
2026-02-09 13:00:00,2.1,,37.0,,,
2026-02-09 14:00:00,2.7,,40.0,,보통,39.0
2026-02-09 15:00:00,3.8,,38.0,,보통,39.0
2026-02-09 16:00:00,4.0,,38.0,,보통,39.0
2026-02-09 17:00:00,3.6,,40.0,,보통,39.0
2026-02-09 18:00:00,2.0,,53.0,,보통,34.0
2026-02-09 19:00:00,0.8,,62.0,,좋음,30.0
2026-02-09 20:00:00,-0.1,,66.0,,보통,31.0
2026-02-09 21:00:00,-0.9,,70.0,,보통,33.0
2026-02-09 22:00:00,-1.3,,71.0,,보통,35.0
2026-02-09 23:00:00,-1.8,,74.0,,보통,37.0
2026-02-10 00:00:00,-2.1,,77.0,,보통,34.0
2026-02-10 01:00:00,-2.3,,77.0,,보통,35.0
2026-02-10 02:00:00,-2.5,,75.0,,보통,32.0
2026-02-10 03:00:00,-2.1,,75.0,,보통,33.0
2026-02-10 04:00:00,-2.1,,75.0,,좋음,29.0
2026-02-10 05:00:00,-1.9,,72.0,,보통,34.0
2026-02-10 06:00:00,-1.4,,71.0,,보통,39.0
2026-02-10 07:00:00,-1.0,,68.0,,보통,43.0
2026-02-10 08:00:00,-0.7,,67.0,,보통,41.0
2026-02-10 09:00:00,-0.3,,65.0,,보통,47.0
2026-02-10 10:00:00,0.3,,63.0,,보통,50.0
2026-02-10 11:00:00,1.3,,58.0,,보통,52.0
2026-02-10 12:00:00,2.2,0.0,54.0,,보통,56.0
2026-02-10 13:00:00,2.8,,62.0,,보통,51.0
2026-02-10 14:00:00,4.2,,66.0,,보통,51.0
2026-02-10 15:00:00,4.8,0.0,67.0,,보통,53.0
2026-02-10 16:00:00,4.2,,75.0,,보통,48.0
2026-02-10 17:00:00,3.6,,83.0,,보통,47.0
2026-02-10 18:00:00,3.2,0.7,85.0,,보통,48.0
2026-02-10 19:00:00,3.1,,85.0,,보통,47.0
2026-02-10 20:00:00,3.1,,87.0,,보통,48.0
2026-02-10 21:00:00,2.9,0.1,88.0,,보통,46.0
2026-02-10 22:00:00,2.7,,87.0,,보통,50.0
2026-02-10 23:00:00,2.5,,88.0,,보통,57.0
2026-02-11 00:00:00,1.9,,84.0,,보통,58.0
2026-02-11 01:00:00,1.4,,90.0,,보통,56.0
2026-02-11 02:00:00,1.6,,91.0,,보통,52.0
2026-02-11 03:00:00,1.5,,90.0,,보통,54.0
2026-02-11 04:00:00,1.7,,91.0,,보통,54.0
2026-02-11 05:00:00,1.7,,89.0,,보통,53.0
2026-02-11 06:00:00,1.8,,89.0,,보통,51.0
2026-02-11 07:00:00,1.9,,90.0,,보통,60.0
2026-02-11 08:00:00,2.0,,92.0,,보통,70.0
2026-02-11 09:00:00,2.2,0.0,90.0,,보통,70.0
2026-02-11 10:00:00,2.6,,88.0,,보통,70.0
2026-02-11 11:00:00,3.3,,84.0,,보통,73.0
2026-02-11 12:00:00,3.2,,84.0,,보통,69.0
2026-02-11 13:00:00,4.0,,75.0,,나쁨,81.0
2026-02-11 14:00:00,5.4,,63.0,,나쁨,96.0
2026-02-11 15:00:00,6.6,,55.0,,나쁨,92.0
2026-02-11 16:00:00,6.8,,52.0,,보통,78.0
2026-02-11 17:00:00,6.2,,57.0,,보통,73.0
2026-02-11 18:00:00,4.3,,65.0,,보통,75.0
2026-02-11 19:00:00,3.1,,69.0,,보통,76.0
2026-02-11 20:00:00,2.2,,74.0,,나쁨,89.0
2026-02-11 21:00:00,1.5,,75.0,,나쁨,113.0
2026-02-11 22:00:00,0.9,,78.0,,나쁨,120.0
2026-02-11 23:00:00,0.3,,82.0,,나쁨,116.0
2026-02-12 00:00:00,0.1,,87.0,,나쁨,103.0
2026-02-12 01:00:00,-0.3,,87.0,,나쁨,101.0
2026-02-12 02:00:00,-0.7,,88.0,,나쁨,87.0
2026-02-12 03:00:00,-1.0,,90.0,,보통,78.0
2026-02-12 04:00:00,-1.8,,89.0,,보통,77.0
2026-02-12 05:00:00,-2.1,,89.0,,나쁨,81.0
2026-02-12 06:00:00,-2.2,,91.0,,보통,71.0
2026-02-12 07:00:00,-2.4,,91.0,,보통,64.0
2026-02-12 08:00:00,-2.5,,93.0,,보통,65.0
2026-02-12 09:00:00,-1.4,,93.0,,보통,64.0
2026-02-12 10:00:00,0.9,,87.0,,보통,61.0
2026-02-12 11:00:00,3.1,,71.0,,보통,51.0
2026-02-12 12:00:00,4.1,,64.0,,보통,39.0
2026-02-12 13:00:00,5.9,,60.0,,보통,40.0
2026-02-12 14:00:00,7.0,,58.0,,보통,49.0
2026-02-12 15:00:00,8.5,,57.0,,보통,53.0
2026-02-12 16:00:00,7.7,,58.0,,보통,49.0
2026-02-12 17:00:00,7.3,,59.0,,보통,45.0
2026-02-12 18:00:00,6.4,,66.0,,보통,42.0
2026-02-12 19:00:00,5.4,,70.0,,보통,41.0
2026-02-12 20:00:00,4.7,,73.0,,보통,45.0
2026-02-12 21:00:00,4.2,,76.0,,보통,49.0
2026-02-12 22:00:00,3.8,,76.0,,보통,47.0
2026-02-12 23:00:00,3.8,,78.0,,보통,47.0
2026-02-13 00:00:00,4.0,,81.0,,보통,44.0
2026-02-13 01:00:00,3.9,,79.0,,보통,46.0
2026-02-13 02:00:00,3.9,,81.0,,보통,51.0
2026-02-13 03:00:00,3.8,,82.0,,보통,57.0
2026-02-13 04:00:00,3.8,,81.0,,보통,59.0
2026-02-13 05:00:00,3.8,,82.0,,보통,59.0
2026-02-13 06:00:00,3.7,,81.0,,보통,63.0
2026-02-13 07:00:00,3.7,,81.0,,보통,72.0
2026-02-13 08:00:00,3.6,,83.0,,보통,79.0
2026-02-13 09:00:00,4.3,,82.0,,나쁨,92.0
2026-02-13 10:00:00,5.4,,80.0,,나쁨,97.0
2026-02-13 11:00:00,6.1,,76.0,,나쁨,103.0
2026-02-13 12:00:00,6.3,,75.0,,나쁨,110.0
2026-02-13 13:00:00,7.2,,72.0,,나쁨,115.0
2026-02-13 14:00:00,7.4,,70.0,,나쁨,116.0
2026-02-13 15:00:00,7.5,,70.0,,나쁨,127.0
2026-02-13 16:00:00,7.8,,70.0,,나쁨,117.0
2026-02-13 17:00:00,7.8,,68.0,,나쁨,111.0
2026-02-13 18:00:00,7.5,,71.0,,나쁨,107.0
2026-02-13 19:00:00,6.7,,73.0,,나쁨,108.0
2026-02-13 20:00:00,5.8,,79.0,,나쁨,115.0
2026-02-13 21:00:00,5.1,,82.0,,나쁨,123.0
2026-02-13 22:00:00,4.6,,86.0,,나쁨,123.0
2026-02-13 23:00:00,4.5,,85.0,,나쁨,121.0
2026-02-14 00:00:00,4.2,,85.0,,나쁨,117.0
2026-02-14 01:00:00,4.7,,85.0,,나쁨,119.0
2026-02-14 02:00:00,4.8,,85.0,,나쁨,116.0
2026-02-14 03:00:00,5.0,,84.0,,나쁨,117.0
2026-02-14 04:00:00,5.1,,83.0,,나쁨,119.0
2026-02-14 05:00:00,5.1,,83.0,,나쁨,124.0
2026-02-14 06:00:00,4.7,,84.0,,나쁨,125.0
2026-02-14 07:00:00,4.6,,86.0,,나쁨,130.0
2026-02-14 08:00:00,4.6,,87.0,,나쁨,124.0
2026-02-14 09:00:00,5.2,,87.0,,나쁨,128.0
2026-02-14 10:00:00,6.4,,81.0,,나쁨,127.0
2026-02-14 11:00:00,8.0,,76.0,,나쁨,131.0
2026-02-14 12:00:00,8.6,,71.0,,나쁨,135.0
2026-02-14 13:00:00,10.7,,63.0,,나쁨,140.0
2026-02-14 14:00:00,12.2,,57.0,,나쁨,126.0
2026-02-14 15:00:00,12.8,,56.0,,나쁨,97.0
2026-02-14 16:00:00,12.1,,59.0,,보통,79.0
2026-02-14 17:00:00,12.0,,60.0,,보통,65.0
2026-02-14 18:00:00,11.0,,64.0,,보통,58.0
2026-02-14 19:00:00,10.0,,70.0,,보통,64.0
2026-02-14 20:00:00,9.3,,75.0,,보통,66.0
2026-02-14 21:00:00,8.5,,78.0,,보통,73.0
2026-02-14 22:00:00,7.8,,79.0,,보통,72.0
2026-02-14 23:00:00,7.2,,83.0,,보통,74.0
2026-02-15 00:00:00,6.8,,85.0,,보통,73.0
2026-02-15 01:00:00,7.4,,84.0,,보통,74.0
2026-02-15 02:00:00,7.5,,83.0,,보통,80.0
2026-02-15 03:00:00,7.5,,83.0,,나쁨,82.0
2026-02-15 04:00:00,7.3,,87.0,,나쁨,81.0
2026-02-15 05:00:00,7.1,,82.0,,나쁨,100.0
2026-02-15 06:00:00,6.8,0.0,80.0,,나쁨,86.0
2026-02-15 07:00:00,6.8,,80.0,,보통,74.0
2026-02-15 08:00:00,6.7,,80.0,,보통,77.0
2026-02-15 09:00:00,6.8,,80.0,,나쁨,83.0
2026-02-15 10:00:00,7.3,,77.0,,나쁨,89.0
2026-02-15 11:00:00,8.0,,71.0,,나쁨,91.0
2026-02-15 12:00:00,9.6,,58.0,,나쁨,88.0
2026-02-15 13:00:00,10.6,,41.0,,보통,75.0
2026-02-15 14:00:00,11.3,,30.0,,보통,54.0
2026-02-15 15:00:00,11.3,,29.0,,보통,47.0
2026-02-15 16:00:00,10.6,,31.0,,보통,48.0
2026-02-15 17:00:00,8.9,,27.0,,보통,40.0
2026-02-15 18:00:00,6.8,,34.0,,보통,35.0
2026-02-15 19:00:00,5.5,,39.0,,보통,39.0
2026-02-15 20:00:00,4.4,,44.0,,보통,44.0
2026-02-15 21:00:00,3.3,,45.0,,보통,47.0
2026-02-15 22:00:00,2.1,,47.0,,보통,42.0
2026-02-15 23:00:00,1.3,,49.0,,보통,41.0
2026-02-16 00:00:00,0.7,,50.0,,보통,34.0
2026-02-16 01:00:00,0.1,,49.0,,보통,32.0
2026-02-16 02:00:00,-0.1,,51.0,,보통,31.0
2026-02-16 03:00:00,-0.1,,50.0,,보통,32.0
2026-02-16 04:00:00,-0.3,,49.0,,보통,31.0
2026-02-16 05:00:00,-0.8,,50.0,,보통,33.0
2026-02-16 06:00:00,-1.1,,52.0,,보통,32.0
2026-02-16 07:00:00,-1.3,,52.0,,보통,33.0
2026-02-16 08:00:00,-1.6,,52.0,,보통,33.0
2026-02-16 09:00:00,-0.8,,49.0,,보통,34.0
2026-02-16 10:00:00,0.9,,44.0,,보통,36.0
2026-02-16 11:00:00,3.2,,40.0,,보통,43.0
2026-02-16 12:00:00,5.2,,37.0,,보통,43.0
2026-02-16 13:00:00,6.1,,36.0,,보통,47.0
2026-02-16 14:00:00,7.2,,36.0,,보통,51.0
2026-02-16 15:00:00,7.7,,34.0,,보통,44.0
2026-02-16 16:00:00,8.4,,34.0,,보통,40.0
2026-02-16 17:00:00,7.5,,37.0,,보통,42.0
2026-02-16 18:00:00,5.5,,38.0,,보통,44.0
2026-02-16 19:00:00,4.1,,38.0,,보통,37.0
2026-02-16 20:00:00,3.6,,39.0,,보통,32.0
2026-02-16 21:00:00,2.7,,40.0,,보통,36.0
2026-02-16 22:00:00,1.6,,44.0,,보통,33.0
2026-02-16 23:00:00,0.7,,46.0,,보통,38.0
2026-02-17 00:00:00,-0.1,,49.0,,보통,38.0
2026-02-17 01:00:00,-0.8,,51.0,,보통,40.0
2026-02-17 02:00:00,-1.2,,53.0,,보통,36.0
2026-02-17 03:00:00,-1.9,,57.0,,보통,34.0
2026-02-17 04:00:00,-1.9,,58.0,,보통,34.0
2026-02-17 05:00:00,-2.2,,59.0,,보통,31.0
2026-02-17 06:00:00,-2.9,,62.0,,보통,31.0
2026-02-17 07:00:00,-3.0,,64.0,,보통,33.0
2026-02-17 08:00:00,-3.1,,63.0,,좋음,29.0
2026-02-17 09:00:00,-1.6,,53.0,,보통,33.0
2026-02-17 10:00:00,0.7,,40.0,,보통,34.0
2026-02-17 11:00:00,3.3,,34.0,,보통,35.0
2026-02-17 12:00:00,5.2,,27.0,,좋음,29.0
2026-02-17 13:00:00,6.6,,25.0,,보통,32.0
2026-02-17 14:00:00,7.5,,20.0,,보통,32.0
2026-02-17 15:00:00,8.7,,21.0,,좋음,25.0
2026-02-17 16:00:00,7.4,,27.0,,좋음,22.0
2026-02-17 17:00:00,6.0,,31.0,,좋음,21.0
2026-02-17 18:00:00,3.7,,43.0,,좋음,22.0
2026-02-17 19:00:00,2.6,,57.0,,좋음,24.0
2026-02-17 20:00:00,2.0,,63.0,,좋음,28.0
2026-02-17 21:00:00,1.4,,68.0,,좋음,25.0
2026-02-17 22:00:00,1.6,,72.0,,좋음,25.0
2026-02-17 23:00:00,1.3,,76.0,,좋음,28.0
2026-02-18 00:00:00,1.1,,79.0,,좋음,23.0
2026-02-18 01:00:00,1.0,,79.0,,좋음,26.0
2026-02-18 02:00:00,0.5,,81.0,,좋음,28.0
2026-02-18 03:00:00,0.1,,80.0,,보통,32.0
2026-02-18 04:00:00,0.2,,84.0,,보통,33.0
2026-02-18 05:00:00,-0.1,,83.0,,보통,38.0
2026-02-18 06:00:00,-0.4,,85.0,,보통,45.0
2026-02-18 07:00:00,-0.7,,86.0,,보통,54.0
2026-02-18 08:00:00,-0.4,,89.0,,보통,61.0
2026-02-18 09:00:00,1.1,,82.0,,보통,69.0
2026-02-18 10:00:00,2.8,,60.0,,보통,76.0
2026-02-18 11:00:00,4.1,,40.0,,보통,58.0
2026-02-18 12:00:00,5.0,,37.0,,보통,44.0
2026-02-18 13:00:00,6.6,,31.0,,보통,38.0
2026-02-18 14:00:00,7.0,,29.0,,좋음,30.0
2026-02-18 15:00:00,6.8,,27.0,,좋음,25.0
2026-02-18 16:00:00,7.0,,27.0,,좋음,27.0
2026-02-18 17:00:00,6.1,,28.0,,좋음,25.0
2026-02-18 18:00:00,4.7,,32.0,,좋음,25.0
2026-02-18 19:00:00,3.5,,41.0,,좋음,25.0
2026-02-18 20:00:00,2.6,,45.0,,좋음,23.0
2026-02-18 21:00:00,1.8,,47.0,,좋음,23.0
2026-02-18 22:00:00,1.3,,47.0,,좋음,22.0
2026-02-18 23:00:00,0.4,,51.0,,좋음,27.0
2026-02-19 00:00:00,-0.3,,55.0,,좋음,27.0
2026-02-19 01:00:00,-0.6,,58.0,,좋음,28.0
2026-02-19 02:00:00,-0.8,,59.0,,좋음,26.0
2026-02-19 03:00:00,-1.3,,61.0,,좋음,27.0
2026-02-19 04:00:00,-2.2,,61.0,,좋음,28.0
2026-02-19 05:00:00,-2.5,,64.0,,좋음,26.0
2026-02-19 06:00:00,-3.2,,65.0,,보통,34.0
2026-02-19 07:00:00,-3.0,,68.0,,보통,34.0
2026-02-19 08:00:00,-2.6,,69.0,,보통,31.0
2026-02-19 09:00:00,-0.7,,66.0,,보통,33.0
2026-02-19 10:00:00,2.3,,58.0,,보통,35.0
2026-02-19 11:00:00,3.9,,46.0,,보통,35.0
2026-02-19 12:00:00,5.8,,40.0,,보통,40.0
2026-02-19 13:00:00,6.3,,34.0,,보통,46.0
2026-02-19 14:00:00,7.7,,33.0,,보통,41.0
2026-02-19 15:00:00,8.0,,28.0,,보통,32.0
2026-02-19 16:00:00,7.2,,34.0,,보통,32.0
2026-02-19 17:00:00,7.1,,30.0,,좋음,25.0
2026-02-19 18:00:00,5.3,,28.0,,좋음,25.0
2026-02-19 19:00:00,4.1,,38.0,,좋음,29.0
2026-02-19 20:00:00,3.3,,42.0,,좋음,24.0
2026-02-19 21:00:00,2.3,,47.0,,좋음,23.0
2026-02-19 22:00:00,1.3,,53.0,,,
2026-02-19 23:00:00,0.8,,56.0,,좋음,27.0
2026-02-20 00:00:00,0.5,,61.0,,좋음,22.0
2026-02-20 01:00:00,0.1,,65.0,,좋음,23.0
2026-02-20 02:00:00,-0.3,,67.0,,좋음,24.0
2026-02-20 03:00:00,-0.9,,68.0,,좋음,22.0
2026-02-20 04:00:00,-0.3,,65.0,,좋음,20.0
2026-02-20 05:00:00,0.8,,63.0,,좋음,22.0
2026-02-20 06:00:00,0.6,,63.0,,좋음,22.0
2026-02-20 07:00:00,0.5,,63.0,,좋음,23.0
2026-02-20 08:00:00,0.6,,63.0,,좋음,26.0
2026-02-20 09:00:00,2.4,,59.0,,좋음,30.0
2026-02-20 10:00:00,4.8,,53.0,,보통,37.0
2026-02-20 11:00:00,6.9,,49.0,,보통,48.0
2026-02-20 12:00:00,9.3,,48.0,,보통,52.0
2026-02-20 13:00:00,11.5,,44.0,,보통,68.0
2026-02-20 14:00:00,13.0,,40.0,,보통,73.0
2026-02-20 15:00:00,13.4,,41.0,,보통,75.0
2026-02-20 16:00:00,13.5,,41.0,,보통,69.0
2026-02-20 17:00:00,12.4,,47.0,,보통,68.0
2026-02-20 18:00:00,11.1,,51.0,,보통,68.0
2026-02-20 19:00:00,10.0,,45.0,,보통,67.0
2026-02-20 20:00:00,9.1,,46.0,,보통,67.0
2026-02-20 21:00:00,8.2,,49.0,,보통,73.0
2026-02-20 22:00:00,7.3,,53.0,,보통,70.0
2026-02-20 23:00:00,6.8,,52.0,,보통,66.0
2026-02-21 00:00:00,6.0,,52.0,,보통,62.0
2026-02-21 01:00:00,5.5,,55.0,,보통,63.0
2026-02-21 02:00:00,5.2,,58.0,,보통,62.0
2026-02-21 03:00:00,4.8,,58.0,,보통,64.0
2026-02-21 04:00:00,4.4,,60.0,,보통,61.0
2026-02-21 05:00:00,4.0,,64.0,,보통,62.0
2026-02-21 06:00:00,3.7,,65.0,,보통,59.0
2026-02-21 07:00:00,3.9,,67.0,,보통,59.0
2026-02-21 08:00:00,4.3,,66.0,,보통,57.0
2026-02-21 09:00:00,6.3,,62.0,,보통,56.0
2026-02-21 10:00:00,9.2,,55.0,,보통,56.0
2026-02-21 11:00:00,13.3,,46.0,,보통,62.0
2026-02-21 12:00:00,14.7,,42.0,,보통,63.0
2026-02-21 13:00:00,16.3,,38.0,,보통,74.0
2026-02-21 14:00:00,17.8,,31.0,,보통,76.0
2026-02-21 15:00:00,17.8,,27.0,,보통,75.0
2026-02-21 16:00:00,18.1,,26.0,,보통,65.0
2026-02-21 17:00:00,16.8,,29.0,,보통,54.0
2026-02-21 18:00:00,15.0,,33.0,,보통,52.0
2026-02-21 19:00:00,13.8,,41.0,,보통,45.0
2026-02-21 20:00:00,13.1,,43.0,,보통,39.0
2026-02-21 21:00:00,12.3,,39.0,,보통,36.0
2026-02-21 22:00:00,12.2,,42.0,,보통,35.0
2026-02-21 23:00:00,11.5,,45.0,,보통,31.0
2026-02-22 00:00:00,11.3,,45.0,,보통,31.0
2026-02-22 01:00:00,10.8,,46.0,,보통,32.0
2026-02-22 02:00:00,12.0,,46.0,,좋음,30.0
2026-02-22 03:00:00,12.1,,45.0,,좋음,30.0
2026-02-22 04:00:00,11.7,,49.0,,좋음,29.0
2026-02-22 05:00:00,12.0,,55.0,,보통,31.0
2026-02-22 06:00:00,12.1,,59.0,,좋음,27.0
2026-02-22 07:00:00,12.2,,64.0,,좋음,29.0
2026-02-22 08:00:00,12.4,,77.0,,보통,33.0
2026-02-22 09:00:00,11.3,,80.0,,보통,35.0
2026-02-22 10:00:00,10.4,,77.0,,보통,59.0
2026-02-22 11:00:00,10.4,,73.0,,나쁨,124.0
2026-02-22 12:00:00,11.1,,64.0,,매우나쁨,244.0
2026-02-22 13:00:00,10.7,,64.0,,매우나쁨,322.0
2026-02-22 14:00:00,10.5,,62.0,,매우나쁨,283.0
2026-02-22 15:00:00,10.6,,48.0,,매우나쁨,191.0
2026-02-22 16:00:00,10.1,,27.0,,매우나쁨,176.0
2026-02-22 17:00:00,8.4,,24.0,,나쁨,87.0
2026-02-22 18:00:00,6.3,,26.0,,보통,43.0
2026-02-22 19:00:00,4.5,,26.0,,보통,31.0
2026-02-22 20:00:00,3.7,,26.0,,좋음,28.0
2026-02-22 21:00:00,2.7,,28.0,,좋음,25.0
2026-02-22 22:00:00,2.0,,30.0,,좋음,22.0
2026-02-22 23:00:00,1.4,,32.0,,좋음,19.0
2026-02-23 00:00:00,0.9,,33.0,,좋음,18.0
2026-02-23 01:00:00,0.4,,33.0,,좋음,20.0
2026-02-23 02:00:00,-0.1,,35.0,,좋음,22.0
2026-02-23 03:00:00,-1.0,,35.0,,좋음,22.0
2026-02-23 04:00:00,-1.2,,37.0,,좋음,22.0
2026-02-23 05:00:00,-1.2,,35.0,,좋음,26.0
2026-02-23 06:00:00,-1.0,,37.0,,좋음,26.0
2026-02-23 07:00:00,-0.8,,38.0,,좋음,30.0
2026-02-23 08:00:00,-0.1,,44.0,,보통,32.0
2026-02-23 09:00:00,1.4,,43.0,,좋음,29.0
2026-02-23 10:00:00,2.1,,27.0,,좋음,28.0
2026-02-23 11:00:00,3.3,,27.0,,보통,38.0
2026-02-23 12:00:00,3.9,,21.0,,보통,40.0
2026-02-23 13:00:00,5.1,,14.0,,보통,47.0
2026-02-23 14:00:00,5.7,,15.0,,보통,44.0
2026-02-23 15:00:00,5.2,,17.0,,보통,35.0
2026-02-23 16:00:00,4.5,,19.0,,좋음,28.0
2026-02-23 17:00:00,3.7,,20.0,,보통,31.0
2026-02-23 18:00:00,2.9,,26.0,,보통,31.0
2026-02-23 19:00:00,2.2,,31.0,,보통,35.0
2026-02-23 20:00:00,1.6,,37.0,,보통,32.0
2026-02-23 21:00:00,1.2,,39.0,,보통,32.0
2026-02-23 22:00:00,1.3,,40.0,,좋음,27.0
2026-02-23 23:00:00,1.4,,39.0,,좋음,24.0
2026-02-24 00:00:00,1.4,,41.0,,좋음,23.0
2026-02-24 01:00:00,1.6,,41.0,,좋음,25.0
2026-02-24 02:00:00,1.4,,40.0,,좋음,23.0
2026-02-24 03:00:00,1.5,,37.0,,좋음,23.0
2026-02-24 04:00:00,1.2,,34.0,,좋음,21.0
2026-02-24 05:00:00,1.2,,31.0,,좋음,22.0
2026-02-24 06:00:00,1.2,,29.0,,좋음,29.0
2026-02-24 07:00:00,1.4,,30.0,,보통,51.0
2026-02-24 08:00:00,1.6,,31.0,,보통,64.0
2026-02-24 09:00:00,2.1,,31.0,,,
2026-02-24 10:00:00,2.7,,30.0,,,
2026-02-24 11:00:00,3.9,,36.0,,보통,58.0
2026-02-24 12:00:00,3.9,,33.0,,보통,69.0
2026-02-24 13:00:00,4.4,,33.0,,보통,66.0
2026-02-24 14:00:00,5.3,,32.0,,보통,62.0
2026-02-24 15:00:00,5.7,,39.0,,보통,59.0
2026-02-24 16:00:00,5.7,,41.0,,보통,59.0
2026-02-24 17:00:00,5.8,,37.0,,보통,69.0
2026-02-24 18:00:00,5.3,,35.0,,보통,61.0
2026-02-24 19:00:00,4.0,,38.0,,보통,58.0
2026-02-24 20:00:00,3.1,,41.0,,보통,60.0
2026-02-24 21:00:00,2.0,,46.0,,보통,61.0
2026-02-24 22:00:00,1.7,,50.0,,보통,57.0
2026-02-24 23:00:00,1.3,,49.0,,보통,53.0
2026-02-25 00:00:00,0.6,,53.0,,보통,45.0
2026-02-25 01:00:00,0.5,,53.0,,보통,44.0
2026-02-25 02:00:00,0.4,,54.0,,보통,42.0
2026-02-25 03:00:00,0.3,,53.0,,보통,43.0
2026-02-25 04:00:00,-0.1,,55.0,,보통,40.0
2026-02-25 05:00:00,-0.6,,56.0,,보통,42.0
2026-02-25 06:00:00,-1.0,,56.0,,보통,43.0
2026-02-25 07:00:00,-1.1,,57.0,,보통,43.0
2026-02-25 08:00:00,-1.0,,57.0,,보통,43.0
2026-02-25 09:00:00,2.6,,46.0,,보통,45.0
2026-02-25 10:00:00,6.8,,31.0,,보통,52.0
2026-02-25 11:00:00,9.3,,25.0,,보통,64.0
2026-02-25 12:00:00,11.4,,22.0,,보통,61.0
2026-02-25 13:00:00,13.3,,19.0,,보통,66.0
2026-02-25 14:00:00,14.2,,17.0,,보통,66.0
2026-02-25 15:00:00,15.7,,16.0,,보통,60.0
2026-02-25 16:00:00,16.0,,17.0,,보통,56.0
2026-02-25 17:00:00,15.4,,18.0,,보통,55.0
2026-02-25 18:00:00,13.9,,23.0,,보통,52.0
2026-02-25 19:00:00,12.0,,26.0,,보통,45.0
2026-02-25 20:00:00,10.7,,28.0,,보통,47.0
2026-02-25 21:00:00,9.2,,32.0,,보통,73.0
2026-02-25 22:00:00,8.5,,38.0,,보통,65.0
2026-02-25 23:00:00,7.3,,43.0,,보통,70.0
2026-02-26 00:00:00,7.1,,51.0,,보통,61.0
2026-02-26 01:00:00,6.8,,54.0,,보통,49.0
2026-02-26 02:00:00,6.5,,56.0,,좋음,29.0
2026-02-26 03:00:00,5.3,,56.0,,좋음,21.0
2026-02-26 04:00:00,4.1,,58.0,,좋음,21.0
2026-02-26 05:00:00,3.7,,63.0,,좋음,26.0
2026-02-26 06:00:00,3.4,,63.0,,좋음,30.0
2026-02-26 07:00:00,3.2,,64.0,,좋음,27.0
2026-02-26 08:00:00,3.4,,63.0,,좋음,28.0
2026-02-26 09:00:00,5.9,,57.0,,좋음,30.0
2026-02-26 10:00:00,8.1,,50.0,,좋음,29.0
2026-02-26 11:00:00,9.3,,47.0,,좋음,30.0
2026-02-26 12:00:00,11.1,,40.0,,좋음,29.0
2026-02-26 13:00:00,12.7,,38.0,,보통,38.0
2026-02-26 14:00:00,13.4,,35.0,,보통,39.0
2026-02-26 15:00:00,13.1,,35.0,,보통,41.0
2026-02-26 16:00:00,12.5,,36.0,,보통,38.0
2026-02-26 17:00:00,12.1,,39.0,,보통,39.0
2026-02-26 18:00:00,11.3,,44.0,,보통,35.0
2026-02-26 19:00:00,10.2,,47.0,,보통,39.0
2026-02-26 20:00:00,9.4,,51.0,,보통,43.0
2026-02-26 21:00:00,8.5,,56.0,,보통,45.0
2026-02-26 22:00:00,8.3,,57.0,,보통,42.0
2026-02-26 23:00:00,8.1,,59.0,,보통,46.0
2026-02-27 00:00:00,8.0,,56.0,,보통,46.0
2026-02-27 01:00:00,7.8,,55.0,,보통,46.0
2026-02-27 02:00:00,7.8,,56.0,,보통,43.0
2026-02-27 03:00:00,7.8,,56.0,,보통,31.0
2026-02-27 04:00:00,7.2,,60.0,,좋음,20.0
2026-02-27 05:00:00,6.5,,64.0,,좋음,17.0
2026-02-27 06:00:00,6.2,,67.0,,좋음,13.0
2026-02-27 07:00:00,6.4,,69.0,,좋음,12.0
2026-02-27 08:00:00,6.6,,68.0,,좋음,11.0
2026-02-27 09:00:00,8.6,,60.0,,좋음,11.0
2026-02-27 10:00:00,9.6,,54.0,,좋음,12.0
2026-02-27 11:00:00,10.8,,50.0,,좋음,14.0
2026-02-27 12:00:00,11.6,,48.0,,좋음,18.0
2026-02-27 13:00:00,13.0,,44.0,,좋음,23.0
2026-02-27 14:00:00,13.9,,42.0,,좋음,20.0
2026-02-27 15:00:00,14.8,,39.0,,좋음,15.0
2026-02-27 16:00:00,14.0,,39.0,,좋음,17.0
2026-02-27 17:00:00,13.9,,39.0,,좋음,16.0
2026-02-27 18:00:00,12.7,,41.0,,좋음,16.0
2026-02-27 19:00:00,11.3,,45.0,,좋음,20.0
2026-02-27 20:00:00,9.8,,49.0,,좋음,18.0
2026-02-27 21:00:00,8.7,,53.0,,좋음,16.0
2026-02-27 22:00:00,7.7,,55.0,,좋음,15.0
2026-02-27 23:00:00,6.8,,56.0,,좋음,13.0
2026-02-28 00:00:00,6.1,,62.0,,좋음,15.0
2026-02-28 01:00:00,5.3,,62.0,,좋음,15.0
2026-02-28 02:00:00,4.6,,64.0,,좋음,13.0
2026-02-28 03:00:00,4.3,,67.0,,좋음,12.0
2026-02-28 04:00:00,3.7,,71.0,,좋음,14.0
2026-02-28 05:00:00,3.3,,69.0,,좋음,25.0
2026-02-28 06:00:00,2.8,,73.0,,좋음,15.0
2026-02-28 07:00:00,2.2,,74.0,,좋음,17.0
2026-02-28 08:00:00,2.4,,75.0,,좋음,18.0
2026-02-28 09:00:00,4.7,,70.0,,좋음,21.0
2026-02-28 10:00:00,7.6,,57.0,,좋음,23.0
2026-02-28 11:00:00,10.0,,49.0,,좋음,24.0
2026-02-28 12:00:00,12.6,,41.0,,좋음,30.0
2026-02-28 13:00:00,14.3,,35.0,,보통,39.0
2026-02-28 14:00:00,15.8,,32.0,,보통,43.0
2026-02-28 15:00:00,16.2,,29.0,,보통,43.0
2026-02-28 16:00:00,16.7,,27.0,,보통,43.0
2026-02-28 17:00:00,16.3,,27.0,,보통,36.0
2026-02-28 18:00:00,15.1,,28.0,,보통,40.0
2026-02-28 19:00:00,12.4,,43.0,,보통,43.0
2026-02-28 20:00:00,11.2,,47.0,,보통,42.0
2026-02-28 21:00:00,10.2,,50.0,,보통,47.0
2026-02-28 22:00:00,9.2,,52.0,,보통,47.0
2026-02-28 23:00:00,8.5,,50.0,,보통,49.0
2026-03-01 00:00:00,8.4,,52.0,,보통,44.0
2026-03-01 01:00:00,8.0,,56.0,,좋음,27.0
2026-03-01 02:00:00,7.5,,59.0,,좋음,25.0
2026-03-01 03:00:00,7.2,,61.0,,좋음,24.0
2026-03-01 04:00:00,6.6,,63.0,,좋음,26.0
2026-03-01 05:00:00,6.4,,64.0,,좋음,29.0
2026-03-01 06:00:00,6.3,,65.0,,좋음,30.0
2026-03-01 07:00:00,5.8,,67.0,,좋음,27.0
2026-03-01 08:00:00,6.1,,67.0,,좋음,26.0
2026-03-01 09:00:00,7.7,,61.0,,좋음,29.0
2026-03-01 10:00:00,10.0,,53.0,,좋음,25.0
2026-03-01 11:00:00,10.9,,48.0,,좋음,26.0
2026-03-01 12:00:00,11.8,,45.0,,좋음,26.0
2026-03-01 13:00:00,11.9,,45.0,,좋음,27.0
2026-03-01 14:00:00,11.8,,44.0,,좋음,25.0
2026-03-01 15:00:00,12.6,,42.0,,좋음,29.0
2026-03-01 16:00:00,12.3,,43.0,,좋음,28.0
2026-03-01 17:00:00,11.9,,46.0,,좋음,25.0
2026-03-01 18:00:00,10.9,0.0,50.0,,좋음,25.0
2026-03-01 19:00:00,10.1,,51.0,,좋음,22.0
2026-03-01 20:00:00,9.5,,52.0,,좋음,18.0
2026-03-01 21:00:00,9.1,0.0,55.0,,좋음,19.0
2026-03-01 22:00:00,8.7,,57.0,,좋음,17.0
2026-03-01 23:00:00,8.2,,59.0,,좋음,16.0
2026-03-02 00:00:00,7.5,,64.0,,좋음,14.0
2026-03-02 01:00:00,7.2,,65.0,,좋음,13.0
2026-03-02 02:00:00,7.0,,63.0,,좋음,12.0
2026-03-02 03:00:00,6.9,,62.0,,좋음,10.0
2026-03-02 04:00:00,6.7,,62.0,,좋음,7.0
2026-03-02 05:00:00,6.7,,62.0,,좋음,6.0
2026-03-02 06:00:00,6.8,,63.0,,좋음,5.0
2026-03-02 07:00:00,6.8,,62.0,,좋음,8.0
2026-03-02 08:00:00,6.8,,64.0,,좋음,6.0
2026-03-02 09:00:00,5.6,0.7,80.0,,좋음,9.0
2026-03-02 10:00:00,5.1,,86.0,,좋음,19.0
2026-03-02 11:00:00,4.7,,88.0,,좋음,21.0
2026-03-02 12:00:00,4.7,3.6,89.0,,좋음,12.0
2026-03-02 13:00:00,4.6,,88.0,,좋음,11.0
2026-03-02 14:00:00,5.0,,89.0,,좋음,11.0
2026-03-02 15:00:00,5.0,2.5,89.0,,좋음,12.0
2026-03-02 16:00:00,5.0,,88.0,,좋음,11.0
2026-03-02 17:00:00,4.6,,87.0,,좋음,10.0
2026-03-02 18:00:00,4.4,1.2,85.0,,좋음,8.0
2026-03-02 19:00:00,3.8,,87.0,,좋음,9.0
2026-03-02 20:00:00,3.3,,89.0,,좋음,7.0
2026-03-02 21:00:00,2.9,2.9,91.0,,좋음,6.0
2026-03-02 22:00:00,2.8,,92.0,,좋음,5.0
2026-03-02 23:00:00,2.9,,90.0,,좋음,5.0
2026-03-03 00:00:00,3.0,1.3,89.0,,좋음,5.0
2026-03-03 01:00:00,2.7,,92.0,,좋음,5.0
2026-03-03 02:00:00,2.5,,91.0,,좋음,5.0
2026-03-03 03:00:00,2.5,0.9,91.0,,좋음,5.0
2026-03-03 04:00:00,2.2,,92.0,,좋음,5.0
2026-03-03 05:00:00,2.0,,92.0,,좋음,6.0
2026-03-03 06:00:00,2.2,0.4,86.0,,좋음,5.0
2026-03-03 07:00:00,2.5,,83.0,,좋음,5.0
2026-03-03 08:00:00,2.6,,79.0,,좋음,5.0
2026-03-03 09:00:00,3.1,,79.0,,좋음,8.0
2026-03-03 10:00:00,4.1,,74.0,,좋음,7.0
2026-03-03 11:00:00,5.5,,70.0,,좋음,13.0
2026-03-03 12:00:00,7.9,,62.0,,좋음,14.0
2026-03-03 13:00:00,9.7,,57.0,,좋음,13.0
2026-03-03 14:00:00,10.4,,47.0,,좋음,15.0
2026-03-03 15:00:00,11.3,,47.0,,좋음,15.0
2026-03-03 16:00:00,11.6,,45.0,,좋음,18.0
2026-03-03 17:00:00,10.7,,48.0,,좋음,11.0
2026-03-03 18:00:00,9.5,,51.0,,좋음,11.0
2026-03-03 19:00:00,8.6,,52.0,,좋음,10.0
2026-03-03 20:00:00,7.4,,54.0,,좋음,8.0
2026-03-03 21:00:00,5.9,,61.0,,좋음,10.0
2026-03-03 22:00:00,5.7,,63.0,,좋음,12.0
2026-03-03 23:00:00,5.3,,63.0,,좋음,11.0
2026-03-04 00:00:00,4.9,,65.0,,좋음,9.0
2026-03-04 01:00:00,4.2,,68.0,,좋음,7.0
2026-03-04 02:00:00,3.3,,69.0,,좋음,8.0
2026-03-04 03:00:00,2.8,,71.0,,좋음,10.0
2026-03-04 04:00:00,2.1,,77.0,,좋음,9.0
2026-03-04 05:00:00,1.4,,78.0,,좋음,10.0
2026-03-04 06:00:00,1.3,,81.0,,좋음,12.0
2026-03-04 07:00:00,0.9,,81.0,,좋음,15.0
2026-03-04 08:00:00,0.9,,80.0,,좋음,15.0
2026-03-04 09:00:00,3.3,,74.0,,좋음,22.0
2026-03-04 10:00:00,5.4,,60.0,,좋음,19.0
2026-03-04 11:00:00,7.3,,54.0,,좋음,21.0
2026-03-04 12:00:00,8.6,,52.0,,좋음,28.0
2026-03-04 13:00:00,9.6,,40.0,,보통,31.0
2026-03-04 14:00:00,10.8,,36.0,,보통,34.0
2026-03-04 15:00:00,11.7,,35.0,,보통,31.0
2026-03-04 16:00:00,11.9,,32.0,,보통,39.0
2026-03-04 17:00:00,11.0,,36.0,,보통,35.0
2026-03-04 18:00:00,9.9,,36.0,,보통,37.0
2026-03-04 19:00:00,7.9,,57.0,,보통,39.0
2026-03-04 20:00:00,6.7,,61.0,,보통,44.0
2026-03-04 21:00:00,6.0,,64.0,,보통,49.0
2026-03-04 22:00:00,5.4,,65.0,,보통,51.0
2026-03-04 23:00:00,5.0,,59.0,,보통,52.0
2026-03-05 00:00:00,4.3,,57.0,,보통,51.0
2026-03-05 01:00:00,3.9,,58.0,,보통,51.0
2026-03-05 02:00:00,3.5,,56.0,,보통,49.0
2026-03-05 03:00:00,3.2,,59.0,,보통,51.0
2026-03-05 04:00:00,2.6,,63.0,,보통,51.0
2026-03-05 05:00:00,1.9,,66.0,,보통,52.0
2026-03-05 06:00:00,1.6,,68.0,,보통,50.0
2026-03-05 07:00:00,1.7,,69.0,,보통,51.0
2026-03-05 08:00:00,2.2,,70.0,,,
2026-03-05 09:00:00,4.6,,61.0,,,
2026-03-05 10:00:00,7.1,,53.0,,보통,54.0
2026-03-05 11:00:00,9.1,,48.0,,보통,70.0
2026-03-05 12:00:00,10.9,,46.0,,보통,70.0
2026-03-05 13:00:00,12.5,,41.0,,보통,69.0
2026-03-05 14:00:00,13.0,,38.0,,보통,63.0
2026-03-05 15:00:00,12.9,,39.0,,보통,55.0
2026-03-05 16:00:00,12.1,,43.0,,보통,51.0
2026-03-05 17:00:00,11.6,,51.0,,보통,63.0
2026-03-05 18:00:00,9.3,1.2,74.0,,보통,63.0
2026-03-05 19:00:00,6.1,,82.0,,보통,55.0
2026-03-05 20:00:00,4.7,,85.0,,보통,49.0
2026-03-05 21:00:00,4.1,9.7,88.0,,보통,52.0
2026-03-05 22:00:00,1.9,,90.0,,보통,38.0
2026-03-05 23:00:00,1.5,,93.0,0.2,좋음,28.0
2026-03-06 00:00:00,1.4,4.6,94.0,0.2,좋음,20.0
2026-03-06 01:00:00,1.4,,94.0,0.2,좋음,17.0
2026-03-06 02:00:00,1.5,,95.0,0.2,좋음,21.0
2026-03-06 03:00:00,1.8,0.0,95.0,,보통,31.0
2026-03-06 04:00:00,1.7,,91.0,,보통,35.0
2026-03-06 05:00:00,1.6,,91.0,,보통,46.0
2026-03-06 06:00:00,1.5,,89.0,,보통,49.0
2026-03-06 07:00:00,1.7,,89.0,,보통,51.0
2026-03-06 08:00:00,1.7,,90.0,,보통,55.0
2026-03-06 09:00:00,2.1,0.0,85.0,,보통,57.0
2026-03-06 10:00:00,2.8,,82.0,,보통,48.0
2026-03-06 11:00:00,3.6,,77.0,,보통,47.0
2026-03-06 12:00:00,3.6,0.0,75.0,,보통,46.0
2026-03-06 13:00:00,3.4,,71.0,,보통,36.0
2026-03-06 14:00:00,3.5,,67.0,,보통,38.0
2026-03-06 15:00:00,2.9,0.0,68.0,,보통,44.0
2026-03-06 16:00:00,2.8,,70.0,,보통,47.0
2026-03-06 17:00:00,2.9,,63.0,,보통,49.0
2026-03-06 18:00:00,2.6,,66.0,,보통,46.0
2026-03-06 19:00:00,2.1,,67.0,,보통,45.0
2026-03-06 20:00:00,1.3,,66.0,,보통,46.0
2026-03-06 21:00:00,0.7,,63.0,,보통,49.0
2026-03-06 22:00:00,0.0,,61.0,,보통,47.0
2026-03-06 23:00:00,0.0,,62.0,,보통,45.0
2026-03-07 00:00:00,-0.4,,62.0,,보통,39.0
2026-03-07 01:00:00,-0.9,,65.0,,보통,39.0
2026-03-07 02:00:00,-1.1,,64.0,,보통,35.0
2026-03-07 03:00:00,-1.5,,66.0,,보통,35.0
2026-03-07 04:00:00,-2.1,,69.0,,보통,33.0
2026-03-07 05:00:00,-2.4,,71.0,,보통,33.0
2026-03-07 06:00:00,-2.5,,71.0,,보통,31.0
2026-03-07 07:00:00,-2.8,,65.0,,보통,31.0
2026-03-07 08:00:00,-2.6,,62.0,,좋음,28.0
2026-03-07 09:00:00,-0.9,,55.0,,좋음,28.0
2026-03-07 10:00:00,0.4,,43.0,,좋음,29.0
2026-03-07 11:00:00,1.7,,40.0,,좋음,27.0
2026-03-07 12:00:00,3.1,,34.0,,보통,31.0
2026-03-07 13:00:00,3.6,,29.0,,보통,37.0
2026-03-07 14:00:00,3.9,,30.0,,보통,35.0
2026-03-07 15:00:00,5.2,,28.0,,좋음,30.0
2026-03-07 16:00:00,5.9,,25.0,,좋음,30.0
2026-03-07 17:00:00,4.8,,29.0,,좋음,25.0
2026-03-07 18:00:00,4.0,,31.0,,좋음,26.0
2026-03-07 19:00:00,2.6,,36.0,,좋음,25.0
2026-03-07 20:00:00,1.7,,40.0,,좋음,27.0
2026-03-07 21:00:00,1.4,,42.0,,보통,31.0
2026-03-07 22:00:00,0.5,,48.0,,보통,33.0
2026-03-07 23:00:00,-0.4,,52.0,,보통,39.0
2026-03-08 00:00:00,-0.9,,54.0,,보통,37.0
2026-03-08 01:00:00,-1.4,,55.0,,보통,37.0
2026-03-08 02:00:00,-2.0,,57.0,,보통,37.0
2026-03-08 03:00:00,-2.5,,59.0,,보통,37.0
2026-03-08 04:00:00,-2.9,,60.0,,보통,38.0
2026-03-08 05:00:00,-2.9,,60.0,,보통,36.0
2026-03-08 06:00:00,-3.0,,62.0,,보통,37.0
2026-03-08 07:00:00,-3.4,,64.0,,보통,38.0
2026-03-08 08:00:00,-2.3,,65.0,,보통,39.0
2026-03-08 09:00:00,0.1,,60.0,,보통,41.0
2026-03-08 10:00:00,1.9,,48.0,,보통,45.0
2026-03-08 11:00:00,3.7,,38.0,,보통,47.0
2026-03-08 12:00:00,5.0,,30.0,,보통,41.0
2026-03-08 13:00:00,6.6,,27.0,,보통,35.0
2026-03-08 14:00:00,6.9,,25.0,,보통,31.0
2026-03-08 15:00:00,7.2,,26.0,,보통,33.0
2026-03-08 16:00:00,6.7,,31.0,,좋음,30.0
2026-03-08 17:00:00,6.7,,32.0,,좋음,29.0
2026-03-08 18:00:00,5.2,,32.0,,좋음,24.0
2026-03-08 19:00:00,3.4,,45.0,,좋음,27.0
2026-03-08 20:00:00,2.4,,54.0,,좋음,29.0
2026-03-08 21:00:00,2.0,,59.0,,보통,32.0
2026-03-08 22:00:00,1.8,,69.0,,좋음,30.0
2026-03-08 23:00:00,1.6,,71.0,,보통,34.0
2026-03-09 00:00:00,2.0,,72.0,,보통,33.0
2026-03-09 01:00:00,2.2,,72.0,,보통,32.0
2026-03-09 02:00:00,2.5,,76.0,,보통,32.0
2026-03-09 03:00:00,2.6,,74.0,,보통,32.0
2026-03-09 04:00:00,2.6,,72.0,,보통,35.0
2026-03-09 05:00:00,2.6,,71.0,,보통,40.0
2026-03-09 06:00:00,2.7,,69.0,,보통,44.0
2026-03-09 07:00:00,2.6,,71.0,,보통,51.0
2026-03-09 08:00:00,2.3,,72.0,,보통,53.0
2026-03-09 09:00:00,3.3,,68.0,,보통,60.0
2026-03-09 10:00:00,4.2,,65.0,,보통,61.0
2026-03-09 11:00:00,5.2,,54.0,,보통,67.0
2026-03-09 12:00:00,6.2,,47.0,,보통,68.0
2026-03-09 13:00:00,6.8,,43.0,,보통,68.0
2026-03-09 14:00:00,7.6,,43.0,,보통,58.0
2026-03-09 15:00:00,7.2,,43.0,,보통,53.0
2026-03-09 16:00:00,7.5,,43.0,,보통,56.0
2026-03-09 17:00:00,7.1,,43.0,,보통,60.0
2026-03-09 18:00:00,6.6,,45.0,,보통,65.0
2026-03-09 19:00:00,5.7,,47.0,,보통,72.0
2026-03-09 20:00:00,4.8,,50.0,,보통,77.0
2026-03-09 21:00:00,4.6,,53.0,,나쁨,82.0
2026-03-09 22:00:00,3.8,,56.0,,보통,79.0
2026-03-09 23:00:00,3.2,,56.0,,보통,72.0
2026-03-10 00:00:00,2.7,,56.0,,보통,63.0
2026-03-10 01:00:00,1.9,,59.0,,보통,58.0
2026-03-10 02:00:00,1.1,,61.0,,보통,49.0
2026-03-10 03:00:00,0.6,,64.0,,보통,47.0
2026-03-10 04:00:00,0.1,,66.0,,보통,46.0
2026-03-10 05:00:00,-0.1,,65.0,,보통,54.0
2026-03-10 06:00:00,-0.3,,68.0,,보통,54.0
2026-03-10 07:00:00,-0.5,,69.0,,보통,54.0
2026-03-10 08:00:00,-0.1,,70.0,,보통,55.0
2026-03-10 09:00:00,1.9,,65.0,,보통,61.0
2026-03-10 10:00:00,4.8,,51.0,,보통,59.0
2026-03-10 11:00:00,7.0,,41.0,,보통,58.0
2026-03-10 12:00:00,8.0,,34.0,,보통,55.0
2026-03-10 13:00:00,9.0,,36.0,,보통,49.0
2026-03-10 14:00:00,9.3,,32.0,,보통,41.0
2026-03-10 15:00:00,9.4,,31.0,,보통,35.0
2026-03-10 16:00:00,9.1,,31.0,,보통,41.0
2026-03-10 17:00:00,8.9,,29.0,,보통,42.0
2026-03-10 18:00:00,7.3,,36.0,,보통,44.0
2026-03-10 19:00:00,5.5,,44.0,,보통,46.0
2026-03-10 20:00:00,4.3,,44.0,,보통,44.0
2026-03-10 21:00:00,3.2,,44.0,,보통,44.0
2026-03-10 22:00:00,2.4,,44.0,,보통,43.0
2026-03-10 23:00:00,1.8,,47.0,,보통,46.0
2026-03-11 00:00:00,1.0,,55.0,,보통,44.0
2026-03-11 01:00:00,0.4,,58.0,,보통,40.0
2026-03-11 02:00:00,0.3,,57.0,,보통,38.0
2026-03-11 03:00:00,0.3,,59.0,,보통,45.0
2026-03-11 04:00:00,0.6,,61.0,,보통,47.0
2026-03-11 05:00:00,0.4,,65.0,,보통,45.0
2026-03-11 06:00:00,0.1,,61.0,,보통,47.0
2026-03-11 07:00:00,0.4,,60.0,,보통,49.0
2026-03-11 08:00:00,0.8,,60.0,,보통,51.0
2026-03-11 09:00:00,3.3,,56.0,,보통,54.0
2026-03-11 10:00:00,4.7,,50.0,,보통,57.0
2026-03-11 11:00:00,6.8,,43.0,,보통,59.0
2026-03-11 12:00:00,6.1,,48.0,,보통,52.0
2026-03-11 13:00:00,7.4,,42.0,,보통,48.0
2026-03-11 14:00:00,9.0,,37.0,,보통,50.0
2026-03-11 15:00:00,9.9,,33.0,,보통,42.0
2026-03-11 16:00:00,9.4,,37.0,,보통,40.0
2026-03-11 17:00:00,8.8,,46.0,,보통,40.0
2026-03-11 18:00:00,7.8,,50.0,,보통,41.0
2026-03-11 19:00:00,6.4,,53.0,,보통,42.0
2026-03-11 20:00:00,5.4,,57.0,,보통,40.0
2026-03-11 21:00:00,4.9,,69.0,,보통,44.0
2026-03-11 22:00:00,4.5,,72.0,,보통,49.0
2026-03-11 23:00:00,3.9,,75.0,,보통,55.0
2026-03-12 00:00:00,3.8,,79.0,,보통,58.0
2026-03-12 01:00:00,3.2,,79.0,,보통,61.0
2026-03-12 02:00:00,2.6,,82.0,,보통,62.0
2026-03-12 03:00:00,2.1,,84.0,,보통,63.0
2026-03-12 04:00:00,1.7,,85.0,,보통,64.0
2026-03-12 05:00:00,1.4,,85.0,,보통,69.0
2026-03-12 06:00:00,1.0,,84.0,,보통,74.0
2026-03-12 07:00:00,0.7,,85.0,,보통,80.0
2026-03-12 08:00:00,1.2,,85.0,,나쁨,81.0
2026-03-12 09:00:00,3.4,,79.0,,나쁨,87.0
2026-03-12 10:00:00,6.5,,63.0,,나쁨,89.0
2026-03-12 11:00:00,10.0,,50.0,,나쁨,93.0
2026-03-12 12:00:00,11.4,,44.0,,보통,79.0
2026-03-12 13:00:00,12.3,,36.0,,보통,66.0
2026-03-12 14:00:00,13.1,,36.0,,보통,63.0
2026-03-12 15:00:00,13.6,,33.0,,보통,63.0
2026-03-12 16:00:00,13.0,,27.0,,보통,68.0
2026-03-12 17:00:00,13.0,,27.0,,보통,58.0
2026-03-12 18:00:00,11.7,,29.0,,보통,47.0
2026-03-12 19:00:00,10.1,,36.0,,보통,45.0
2026-03-12 20:00:00,8.7,,45.0,,보통,44.0
2026-03-12 21:00:00,7.9,,47.0,,보통,40.0
2026-03-12 22:00:00,7.0,,49.0,,좋음,30.0
2026-03-12 23:00:00,6.2,,54.0,,좋음,25.0
2026-03-13 00:00:00,5.5,,53.0,,좋음,24.0
2026-03-13 01:00:00,4.9,,54.0,,좋음,25.0
2026-03-13 02:00:00,3.9,,57.0,,보통,31.0
2026-03-13 03:00:00,3.1,,62.0,,보통,32.0
2026-03-13 04:00:00,3.1,,64.0,,좋음,30.0
2026-03-13 05:00:00,2.9,,65.0,,좋음,28.0
2026-03-13 06:00:00,2.3,,68.0,,좋음,26.0
2026-03-13 07:00:00,2.4,,68.0,,좋음,30.0
2026-03-13 08:00:00,3.5,,56.0,,좋음,30.0
2026-03-13 09:00:00,5.7,,46.0,,보통,38.0
2026-03-13 10:00:00,7.7,,39.0,,보통,39.0
2026-03-13 11:00:00,9.5,,33.0,,,
2026-03-13 12:00:00,10.9,,31.0,,,
2026-03-13 13:00:00,11.6,,27.0,,좋음,22.0
2026-03-13 14:00:00,12.5,,26.0,,좋음,29.0
2026-03-13 15:00:00,13.2,,24.0,,좋음,27.0
2026-03-13 16:00:00,13.4,,22.0,,좋음,30.0
2026-03-13 17:00:00,13.1,,25.0,,좋음,25.0
2026-03-13 18:00:00,11.8,,25.0,,좋음,27.0
2026-03-13 19:00:00,10.1,,29.0,,보통,34.0
2026-03-13 20:00:00,8.9,,42.0,,보통,46.0
2026-03-13 21:00:00,7.8,,50.0,,보통,49.0
2026-03-13 22:00:00,7.5,,51.0,,보통,46.0
2026-03-13 23:00:00,6.5,,51.0,,보통,38.0
2026-03-14 00:00:00,5.6,,48.0,,보통,41.0
2026-03-14 01:00:00,5.5,,49.0,,보통,50.0
2026-03-14 02:00:00,5.2,,50.0,,보통,45.0
2026-03-14 03:00:00,5.4,,51.0,,보통,35.0
2026-03-14 04:00:00,5.2,,51.0,,좋음,21.0
2026-03-14 05:00:00,4.9,,53.0,,좋음,20.0
2026-03-14 06:00:00,5.0,,53.0,,좋음,22.0
2026-03-14 07:00:00,5.1,,54.0,,좋음,23.0
2026-03-14 08:00:00,5.6,,55.0,,좋음,25.0
2026-03-14 09:00:00,6.8,,52.0,,좋음,24.0
2026-03-14 10:00:00,8.8,,46.0,,좋음,24.0
2026-03-14 11:00:00,10.3,,41.0,,좋음,26.0
2026-03-14 12:00:00,12.3,,36.0,,보통,31.0
2026-03-14 13:00:00,12.7,,32.0,,보통,35.0
2026-03-14 14:00:00,12.8,,33.0,,보통,37.0
2026-03-14 15:00:00,11.8,,36.0,,보통,46.0
2026-03-14 16:00:00,10.4,,36.0,,보통,40.0
2026-03-14 17:00:00,9.6,,39.0,,보통,44.0
2026-03-14 18:00:00,8.8,,40.0,,보통,37.0
2026-03-14 19:00:00,8.0,,41.0,,보통,34.0
2026-03-14 20:00:00,7.5,,43.0,,보통,33.0
2026-03-14 21:00:00,7.4,,47.0,,보통,35.0
2026-03-14 22:00:00,7.3,,47.0,,보통,35.0
2026-03-14 23:00:00,7.2,,50.0,,보통,35.0
2026-03-15 00:00:00,7.1,,56.0,,보통,32.0
2026-03-15 01:00:00,7.0,,61.0,,보통,34.0
2026-03-15 02:00:00,6.8,,68.0,,보통,41.0
2026-03-15 03:00:00,6.7,,69.0,,보통,45.0
2026-03-15 04:00:00,6.5,,67.0,,보통,45.0
2026-03-15 05:00:00,6.4,,66.0,,보통,48.0
2026-03-15 06:00:00,6.4,,64.0,,보통,48.0
2026-03-15 07:00:00,6.3,,65.0,,보통,49.0
2026-03-15 08:00:00,6.8,,68.0,,보통,51.0
2026-03-15 09:00:00,7.5,,70.0,,보통,55.0
2026-03-15 10:00:00,7.8,,62.0,,보통,59.0
2026-03-15 11:00:00,7.7,,72.0,,보통,56.0
2026-03-15 12:00:00,7.7,0.1,75.0,,보통,56.0
2026-03-15 13:00:00,8.3,,70.0,,보통,56.0
2026-03-15 14:00:00,10.2,,60.0,,보통,58.0
2026-03-15 15:00:00,10.9,0.0,57.0,,보통,67.0
2026-03-15 16:00:00,10.7,,51.0,,보통,69.0
2026-03-15 17:00:00,10.7,,50.0,,보통,64.0
2026-03-15 18:00:00,9.7,,54.0,,보통,58.0
2026-03-15 19:00:00,8.0,,59.0,,보통,54.0
2026-03-15 20:00:00,6.9,,62.0,,보통,49.0
2026-03-15 21:00:00,6.1,,60.0,,보통,58.0
2026-03-15 22:00:00,5.6,,61.0,,보통,66.0
2026-03-15 23:00:00,4.9,,65.0,,보통,77.0
2026-03-16 00:00:00,4.2,,68.0,,보통,79.0
2026-03-16 01:00:00,3.6,,71.0,,보통,75.0
2026-03-16 02:00:00,3.3,,74.0,,보통,70.0
2026-03-16 03:00:00,3.2,,75.0,,보통,78.0
2026-03-16 04:00:00,3.1,,75.0,,보통,80.0
2026-03-16 05:00:00,2.8,,77.0,,나쁨,84.0
2026-03-16 06:00:00,2.1,,78.0,,보통,80.0
2026-03-16 07:00:00,1.9,,80.0,,나쁨,85.0
2026-03-16 08:00:00,2.7,,80.0,,나쁨,84.0
2026-03-16 09:00:00,4.9,,73.0,,나쁨,92.0
2026-03-16 10:00:00,7.7,,61.0,,나쁨,97.0
2026-03-16 11:00:00,9.8,,51.0,,나쁨,109.0
2026-03-16 12:00:00,11.9,,39.0,,나쁨,99.0
2026-03-16 13:00:00,12.9,,37.0,,나쁨,82.0
2026-03-16 14:00:00,12.9,,37.0,,보통,78.0
2026-03-16 15:00:00,13.2,,33.0,,나쁨,94.0
2026-03-16 16:00:00,13.6,,36.0,,나쁨,106.0
2026-03-16 17:00:00,13.2,,36.0,,나쁨,106.0
2026-03-16 18:00:00,11.3,,39.0,,보통,75.0
2026-03-16 19:00:00,9.4,,38.0,,보통,52.0
2026-03-16 20:00:00,8.5,,43.0,,보통,54.0
2026-03-16 21:00:00,7.3,,46.0,,보통,64.0
2026-03-16 22:00:00,6.8,,51.0,,보통,68.0
2026-03-16 23:00:00,5.9,,54.0,,보통,75.0
2026-03-17 00:00:00,5.0,,51.0,,보통,77.0
2026-03-17 01:00:00,4.3,,53.0,,나쁨,81.0
2026-03-17 02:00:00,4.1,,57.0,,나쁨,83.0
2026-03-17 03:00:00,3.6,,62.0,,나쁨,87.0
2026-03-17 04:00:00,3.1,,65.0,,나쁨,84.0
2026-03-17 05:00:00,2.8,,64.0,,나쁨,91.0
2026-03-17 06:00:00,2.6,,67.0,,나쁨,92.0
2026-03-17 07:00:00,2.3,,70.0,,나쁨,100.0
2026-03-17 08:00:00,3.0,,69.0,,나쁨,96.0
2026-03-17 09:00:00,6.0,,64.0,,나쁨,108.0
2026-03-17 10:00:00,8.8,,53.0,,나쁨,112.0
2026-03-17 11:00:00,10.8,,44.0,,나쁨,110.0
2026-03-17 12:00:00,13.0,,38.0,,나쁨,99.0
2026-03-17 13:00:00,14.1,,30.0,,나쁨,107.0
2026-03-17 14:00:00,15.1,,23.0,,나쁨,85.0
2026-03-17 15:00:00,15.3,,23.0,,나쁨,104.0
2026-03-17 16:00:00,15.5,,27.0,,나쁨,120.0
2026-03-17 17:00:00,15.0,,27.0,,나쁨,116.0
2026-03-17 18:00:00,13.7,,33.0,,나쁨,91.0
2026-03-17 19:00:00,11.4,,35.0,,나쁨,85.0
2026-03-17 20:00:00,10.0,,35.0,,보통,77.0
2026-03-17 21:00:00,8.9,,32.0,,나쁨,94.0
2026-03-17 22:00:00,7.7,,35.0,,나쁨,94.0
2026-03-17 23:00:00,7.3,,40.0,,나쁨,91.0
2026-03-18 00:00:00,7.1,,46.0,,보통,75.0
2026-03-18 01:00:00,7.2,,47.0,,보통,76.0
2026-03-18 02:00:00,7.5,,47.0,,보통,79.0
2026-03-18 03:00:00,8.0,,47.0,,보통,78.0
2026-03-18 04:00:00,8.0,,48.0,,보통,71.0
2026-03-18 05:00:00,8.0,,46.0,,보통,77.0
2026-03-18 06:00:00,8.0,0.3,66.0,,나쁨,84.0
2026-03-18 07:00:00,7.4,,75.0,,나쁨,83.0
2026-03-18 08:00:00,7.1,,83.0,,보통,78.0
2026-03-18 09:00:00,7.0,1.8,87.0,,보통,72.0
2026-03-18 10:00:00,6.2,,82.0,,보통,52.0
2026-03-18 11:00:00,5.4,,85.0,,보통,41.0
2026-03-18 12:00:00,5.2,2.3,88.0,,보통,44.0
2026-03-18 13:00:00,5.3,,88.0,,,
2026-03-18 14:00:00,6.0,,85.0,,,
2026-03-18 15:00:00,8.1,0.4,75.0,,,
2026-03-18 16:00:00,9.1,,66.0,,보통,34.0
2026-03-18 17:00:00,8.8,,65.0,,보통,37.0
2026-03-18 18:00:00,8.4,,64.0,,보통,47.0
2026-03-18 19:00:00,7.7,,68.0,,보통,56.0
2026-03-18 20:00:00,6.6,,72.0,,보통,57.0
2026-03-18 21:00:00,5.7,,73.0,,보통,62.0
2026-03-18 22:00:00,5.0,,74.0,,보통,58.0
2026-03-18 23:00:00,4.4,,76.0,,보통,54.0
2026-03-19 00:00:00,4.2,,69.0,,보통,49.0
2026-03-19 01:00:00,3.7,,65.0,,보통,36.0
2026-03-19 02:00:00,2.8,,62.0,,좋음,26.0
2026-03-19 03:00:00,2.4,,62.0,,좋음,23.0
2026-03-19 04:00:00,1.9,,61.0,,좋음,23.0
2026-03-19 05:00:00,2.1,,62.0,,좋음,26.0
2026-03-19 06:00:00,1.4,,64.0,,좋음,27.0
2026-03-19 07:00:00,1.4,,63.0,,보통,33.0
2026-03-19 08:00:00,2.1,,57.0,,보통,31.0
2026-03-19 09:00:00,4.2,,44.0,,보통,36.0
2026-03-19 10:00:00,6.3,,40.0,,보통,38.0
2026-03-19 11:00:00,8.5,,33.0,,보통,42.0
2026-03-19 12:00:00,10.7,,25.0,,보통,41.0
2026-03-19 13:00:00,11.0,,22.0,,보통,42.0
2026-03-19 14:00:00,12.4,,20.0,,보통,44.0
2026-03-19 15:00:00,12.5,,25.0,,보통,39.0
2026-03-19 16:00:00,11.3,,26.0,,보통,39.0
2026-03-19 17:00:00,9.5,,28.0,,보통,41.0
2026-03-19 18:00:00,8.4,,34.0,,보통,39.0
2026-03-19 19:00:00,6.5,,48.0,,보통,40.0
2026-03-19 20:00:00,5.7,,57.0,,보통,37.0
2026-03-19 21:00:00,5.1,,60.0,,보통,31.0
2026-03-19 22:00:00,4.7,,66.0,,좋음,30.0
2026-03-19 23:00:00,4.1,,68.0,,보통,32.0
2026-03-20 00:00:00,3.8,,68.0,,좋음,29.0
2026-03-20 01:00:00,3.5,,71.0,,좋음,28.0
2026-03-20 02:00:00,3.4,,78.0,,좋음,29.0
2026-03-20 03:00:00,3.4,,80.0,,좋음,30.0
2026-03-20 04:00:00,2.8,,81.0,,좋음,27.0
2026-03-20 05:00:00,2.7,,86.0,,좋음,27.0
2026-03-20 06:00:00,2.7,,87.0,,좋음,30.0
2026-03-20 07:00:00,2.8,,87.0,,보통,33.0
2026-03-20 08:00:00,3.5,,84.0,,보통,36.0
2026-03-20 09:00:00,5.6,,78.0,,보통,37.0
2026-03-20 10:00:00,6.9,,73.0,,보통,37.0
2026-03-20 11:00:00,8.5,,65.0,,보통,38.0
2026-03-20 12:00:00,11.0,,57.0,,보통,37.0
2026-03-20 13:00:00,11.7,,49.0,,보통,45.0
2026-03-20 14:00:00,12.9,,39.0,,보통,49.0
2026-03-20 15:00:00,13.7,,41.0,,보통,42.0
2026-03-20 16:00:00,13.3,,43.0,,보통,48.0
2026-03-20 17:00:00,12.7,,40.0,,보통,48.0
2026-03-20 18:00:00,11.4,,40.0,,보통,51.0
2026-03-20 19:00:00,9.4,,46.0,,보통,58.0
2026-03-20 20:00:00,8.0,,54.0,,보통,55.0
2026-03-20 21:00:00,7.1,,53.0,,보통,56.0
2026-03-20 22:00:00,6.4,,56.0,,보통,56.0
2026-03-20 23:00:00,5.7,,59.0,,보통,55.0
2026-03-21 00:00:00,5.0,,61.0,,보통,57.0
2026-03-21 01:00:00,4.6,,65.0,,보통,61.0
2026-03-21 02:00:00,4.0,,67.0,,보통,62.0
2026-03-21 03:00:00,3.5,,70.0,,보통,60.0
2026-03-21 04:00:00,3.3,,73.0,,보통,56.0
2026-03-21 05:00:00,2.7,,75.0,,보통,57.0
2026-03-21 06:00:00,2.5,,73.0,,보통,59.0
2026-03-21 07:00:00,2.0,,76.0,,보통,64.0
2026-03-21 08:00:00,3.0,,77.0,,보통,64.0
2026-03-21 09:00:00,5.9,,67.0,,보통,72.0
2026-03-21 10:00:00,8.7,,57.0,,나쁨,82.0
2026-03-21 11:00:00,11.0,,43.0,,나쁨,86.0
2026-03-21 12:00:00,12.5,,35.0,,보통,78.0
2026-03-21 13:00:00,14.2,,25.0,,보통,76.0
2026-03-21 14:00:00,14.9,,22.0,,보통,62.0
2026-03-21 15:00:00,15.4,,17.0,,보통,51.0
2026-03-21 16:00:00,15.2,,18.0,,보통,52.0
2026-03-21 17:00:00,14.8,,23.0,,보통,46.0
2026-03-21 18:00:00,13.0,,19.0,,보통,42.0
2026-03-21 19:00:00,10.6,,20.0,,보통,40.0
2026-03-21 20:00:00,9.2,,31.0,,보통,41.0
2026-03-21 21:00:00,8.1,,31.0,,보통,47.0
2026-03-21 22:00:00,7.0,,32.0,,보통,48.0
2026-03-21 23:00:00,6.6,,35.0,,보통,53.0
2026-03-22 00:00:00,6.1,,35.0,,보통,55.0
2026-03-22 01:00:00,5.7,,36.0,,보통,59.0
2026-03-22 02:00:00,6.0,,34.0,,보통,57.0
2026-03-22 03:00:00,5.8,,37.0,,보통,53.0
2026-03-22 04:00:00,5.7,,40.0,,보통,49.0
2026-03-22 05:00:00,5.5,,41.0,,보통,48.0
2026-03-22 06:00:00,5.7,,42.0,,보통,48.0
2026-03-22 07:00:00,5.8,,42.0,,보통,50.0
2026-03-22 08:00:00,6.2,,43.0,,보통,55.0
2026-03-22 09:00:00,8.2,,38.0,,보통,58.0
2026-03-22 10:00:00,10.9,,31.0,,보통,64.0
2026-03-22 11:00:00,13.8,,27.0,,보통,64.0
2026-03-22 12:00:00,15.6,,25.0,,보통,61.0
2026-03-22 13:00:00,17.2,,20.0,,보통,68.0
2026-03-22 14:00:00,18.0,,15.0,,보통,58.0
2026-03-22 15:00:00,18.0,,17.0,,보통,42.0
2026-03-22 16:00:00,18.0,,19.0,,보통,44.0
2026-03-22 17:00:00,17.0,,17.0,,보통,38.0
2026-03-22 18:00:00,15.4,,22.0,,보통,38.0
2026-03-22 19:00:00,13.1,,24.0,,보통,40.0
2026-03-22 20:00:00,11.7,,28.0,,보통,33.0
2026-03-22 21:00:00,10.3,,32.0,,보통,41.0
2026-03-22 22:00:00,9.1,,35.0,,보통,47.0
2026-03-22 23:00:00,8.7,,36.0,,보통,51.0
2026-03-23 00:00:00,8.6,,36.0,,보통,53.0
2026-03-23 01:00:00,8.3,,35.0,,보통,48.0
2026-03-23 02:00:00,7.3,,33.0,,보통,43.0
2026-03-23 03:00:00,6.4,,35.0,,보통,50.0
2026-03-23 04:00:00,5.9,,38.0,,보통,51.0
2026-03-23 05:00:00,5.5,,40.0,,보통,53.0
2026-03-23 06:00:00,4.8,,43.0,,보통,60.0
2026-03-23 07:00:00,4.5,,46.0,,보통,64.0
2026-03-23 08:00:00,5.8,,45.0,,보통,72.0
2026-03-23 09:00:00,8.7,,37.0,,나쁨,84.0
2026-03-23 10:00:00,12.2,,28.0,,나쁨,84.0
2026-03-23 11:00:00,14.8,,24.0,,보통,78.0
2026-03-23 12:00:00,16.3,,24.0,,,
2026-03-23 13:00:00,18.0,,24.0,,,
2026-03-23 14:00:00,18.8,,22.0,,,
2026-03-23 15:00:00,19.6,,24.0,,,
2026-03-23 16:00:00,19.8,,21.0,,보통,58.0
2026-03-23 17:00:00,19.8,,21.0,,보통,78.0
2026-03-23 18:00:00,17.5,,30.0,,나쁨,83.0
2026-03-23 19:00:00,15.1,,35.0,,나쁨,85.0
2026-03-23 20:00:00,13.6,,40.0,,나쁨,81.0
2026-03-23 21:00:00,12.3,,39.0,,나쁨,95.0
2026-03-23 22:00:00,11.2,,47.0,,,
2026-03-23 23:00:00,10.5,,50.0,,나쁨,94.0
2026-03-24 00:00:00,9.8,,51.0,,나쁨,89.0
2026-03-24 01:00:00,9.5,,51.0,,나쁨,94.0
2026-03-24 02:00:00,9.7,,49.0,,나쁨,89.0
2026-03-24 03:00:00,9.2,,50.0,,나쁨,84.0
2026-03-24 04:00:00,8.7,,51.0,,보통,79.0
2026-03-24 05:00:00,8.7,,52.0,,보통,72.0
2026-03-24 06:00:00,8.5,,52.0,,보통,69.0
2026-03-24 07:00:00,8.2,,51.0,,보통,62.0
2026-03-24 08:00:00,9.7,,45.0,,보통,63.0
2026-03-24 09:00:00,12.0,,39.0,,보통,65.0
2026-03-24 10:00:00,14.2,,35.0,,보통,67.0
2026-03-24 11:00:00,16.2,,35.0,,보통,61.0
2026-03-24 12:00:00,16.7,,35.0,,보통,56.0
2026-03-24 13:00:00,17.9,,32.0,,보통,53.0
2026-03-24 14:00:00,17.6,,30.0,,보통,44.0
2026-03-24 15:00:00,18.0,,29.0,,보통,46.0
2026-03-24 16:00:00,16.6,,32.0,,보통,49.0
2026-03-24 17:00:00,15.7,,42.0,,보통,46.0
2026-03-24 18:00:00,14.6,,51.0,,보통,51.0
2026-03-24 19:00:00,13.7,,54.0,,보통,51.0
2026-03-24 20:00:00,13.0,,55.0,,보통,48.0
2026-03-24 21:00:00,12.6,,60.0,,보통,48.0
2026-03-24 22:00:00,12.1,,60.0,,보통,58.0
2026-03-24 23:00:00,11.6,,62.0,,보통,60.0
2026-03-25 00:00:00,11.2,,63.0,,보통,56.0
2026-03-25 01:00:00,11.0,,63.0,,보통,57.0
2026-03-25 02:00:00,10.7,,65.0,,보통,52.0
2026-03-25 03:00:00,10.2,,68.0,,보통,54.0
2026-03-25 04:00:00,10.1,,68.0,,보통,53.0
2026-03-25 05:00:00,9.6,,69.0,,보통,54.0
2026-03-25 06:00:00,9.0,,72.0,,보통,58.0
2026-03-25 07:00:00,8.8,,72.0,,보통,63.0
2026-03-25 08:00:00,9.9,,72.0,,보통,63.0
2026-03-25 09:00:00,12.2,,67.0,,보통,60.0
2026-03-25 10:00:00,13.8,,59.0,,,
2026-03-25 11:00:00,14.7,,53.0,,보통,45.0
2026-03-25 12:00:00,16.8,,50.0,,보통,46.0
2026-03-25 13:00:00,18.1,,41.0,,보통,45.0
2026-03-25 14:00:00,19.1,,32.0,,보통,40.0
2026-03-25 15:00:00,19.1,,34.0,,보통,45.0
2026-03-25 16:00:00,18.8,,36.0,,보통,61.0
2026-03-25 17:00:00,17.0,,44.0,,보통,56.0
2026-03-25 18:00:00,15.5,,42.0,,보통,49.0
2026-03-25 19:00:00,13.4,,48.0,,보통,45.0
2026-03-25 20:00:00,11.6,,56.0,,보통,46.0
2026-03-25 21:00:00,10.5,,61.0,,보통,50.0
2026-03-25 22:00:00,10.0,,63.0,,보통,53.0
2026-03-25 23:00:00,9.6,,62.0,,보통,53.0
2026-03-26 00:00:00,9.2,,67.0,,보통,54.0
2026-03-26 01:00:00,9.0,,71.0,,보통,53.0
2026-03-26 02:00:00,8.7,,79.0,,보통,54.0
2026-03-26 03:00:00,8.2,,82.0,,보통,53.0
2026-03-26 04:00:00,7.7,,82.0,,보통,57.0
2026-03-26 05:00:00,7.3,,86.0,,보통,50.0
2026-03-26 06:00:00,6.8,,83.0,,보통,45.0
2026-03-26 07:00:00,6.7,,86.0,,보통,47.0
2026-03-26 08:00:00,7.5,,85.0,,보통,52.0
2026-03-26 09:00:00,10.0,,75.0,,보통,60.0
2026-03-26 10:00:00,12.4,,65.0,,,
2026-03-26 11:00:00,14.7,,54.0,,,
2026-03-26 12:00:00,16.4,,43.0,,,
2026-03-26 13:00:00,17.6,,41.0,,,
2026-03-26 14:00:00,18.7,,41.0,,,
2026-03-26 15:00:00,19.2,,37.0,,,
2026-03-26 16:00:00,19.2,,32.0,,,
2026-03-26 17:00:00,18.2,,36.0,,,
2026-03-26 18:00:00,16.6,,41.0,,보통,72.0
2026-03-26 19:00:00,14.6,,46.0,,보통,71.0
2026-03-26 20:00:00,12.8,,54.0,,보통,56.0
2026-03-26 21:00:00,11.3,,61.0,,보통,53.0
2026-03-26 22:00:00,10.0,,69.0,,보통,48.0
2026-03-26 23:00:00,9.0,,72.0,,보통,43.0
2026-03-27 00:00:00,8.2,,77.0,,보통,45.0
2026-03-27 01:00:00,7.7,,80.0,,보통,46.0
2026-03-27 02:00:00,7.4,,84.0,,보통,50.0
2026-03-27 03:00:00,6.9,,83.0,,보통,67.0
2026-03-27 04:00:00,6.4,,83.0,,보통,74.0
2026-03-27 05:00:00,6.3,,86.0,,보통,80.0
2026-03-27 06:00:00,6.0,,86.0,,나쁨,85.0
2026-03-27 07:00:00,5.9,,86.0,,나쁨,96.0
2026-03-27 08:00:00,6.9,,87.0,,나쁨,98.0
2026-03-27 09:00:00,8.9,,82.0,,나쁨,103.0
2026-03-27 10:00:00,11.7,,70.0,,나쁨,112.0
2026-03-27 11:00:00,13.4,,63.0,,나쁨,117.0
2026-03-27 12:00:00,15.2,,58.0,,나쁨,118.0
2026-03-27 13:00:00,16.3,,54.0,,나쁨,124.0
2026-03-27 14:00:00,17.5,,49.0,,나쁨,106.0
2026-03-27 15:00:00,18.0,,45.0,,나쁨,86.0
2026-03-27 16:00:00,17.8,,45.0,,보통,73.0
2026-03-27 17:00:00,17.3,,44.0,,보통,66.0
2026-03-27 18:00:00,16.0,,48.0,,보통,60.0
2026-03-27 19:00:00,14.0,,51.0,,보통,63.0
2026-03-27 20:00:00,12.7,,57.0,,보통,57.0
2026-03-27 21:00:00,11.4,,65.0,,보통,61.0
2026-03-27 22:00:00,10.6,,71.0,,보통,62.0
2026-03-27 23:00:00,10.0,,74.0,,보통,64.0
2026-03-28 00:00:00,8.7,,82.0,,보통,60.0
2026-03-28 01:00:00,7.3,,90.0,,보통,55.0
2026-03-28 02:00:00,7.2,,92.0,,보통,50.0
2026-03-28 03:00:00,7.1,,91.0,,보통,46.0
2026-03-28 04:00:00,7.1,,91.0,,보통,41.0
2026-03-28 05:00:00,7.0,,90.0,,보통,42.0
2026-03-28 06:00:00,6.3,,89.0,,보통,49.0
2026-03-28 07:00:00,6.3,,92.0,,보통,56.0
2026-03-28 08:00:00,7.1,,88.0,,보통,62.0
2026-03-28 09:00:00,8.7,,82.0,,보통,68.0
2026-03-28 10:00:00,11.8,,67.0,,보통,73.0
2026-03-28 11:00:00,14.0,,57.0,,나쁨,81.0
2026-03-28 12:00:00,16.1,,45.0,,나쁨,82.0
2026-03-28 13:00:00,17.7,,34.0,,나쁨,85.0
2026-03-28 14:00:00,19.3,,30.0,,보통,79.0
2026-03-28 15:00:00,20.0,,27.0,,나쁨,83.0
2026-03-28 16:00:00,19.7,,31.0,,나쁨,87.0
2026-03-28 17:00:00,19.8,,27.0,,나쁨,83.0
2026-03-28 18:00:00,18.5,,31.0,,보통,67.0
2026-03-28 19:00:00,16.3,,41.0,,보통,61.0
2026-03-28 20:00:00,13.8,,46.0,,보통,56.0
2026-03-28 21:00:00,11.8,,52.0,,보통,58.0
2026-03-28 22:00:00,11.0,,47.0,,보통,57.0
2026-03-28 23:00:00,10.1,,53.0,,보통,58.0
2026-03-29 00:00:00,9.2,,55.0,,보통,58.0
2026-03-29 01:00:00,8.9,,57.0,,보통,57.0
2026-03-29 02:00:00,8.6,,60.0,,보통,57.0
2026-03-29 03:00:00,8.3,,62.0,,보통,58.0
2026-03-29 04:00:00,8.0,,63.0,,보통,58.0
2026-03-29 05:00:00,8.0,,62.0,,보통,63.0
2026-03-29 06:00:00,8.0,,65.0,,보통,64.0
2026-03-29 07:00:00,7.6,,66.0,,보통,67.0
2026-03-29 08:00:00,9.2,,63.0,,보통,60.0
2026-03-29 09:00:00,12.2,,50.0,,보통,64.0
2026-03-29 10:00:00,14.8,,38.0,,보통,65.0
2026-03-29 11:00:00,17.5,,31.0,,보통,68.0
2026-03-29 12:00:00,18.6,,28.0,,보통,63.0
2026-03-29 13:00:00,20.1,,25.0,,보통,44.0
2026-03-29 14:00:00,20.5,,25.0,,보통,39.0
2026-03-29 15:00:00,19.2,,27.0,,보통,52.0
2026-03-29 16:00:00,18.2,,30.0,,보통,54.0
2026-03-29 17:00:00,18.7,,23.0,,보통,46.0
2026-03-29 18:00:00,17.6,,25.0,,보통,43.0
2026-03-29 19:00:00,15.9,,28.0,,보통,44.0
2026-03-29 20:00:00,14.2,,31.0,,보통,49.0
2026-03-29 21:00:00,13.7,,32.0,,보통,52.0
2026-03-29 22:00:00,12.1,,36.0,,보통,58.0
2026-03-29 23:00:00,11.4,,34.0,,보통,64.0
2026-03-30 00:00:00,11.4,,33.0,,보통,55.0
2026-03-30 01:00:00,11.9,,37.0,,보통,49.0
2026-03-30 02:00:00,12.3,,39.0,,보통,48.0
2026-03-30 03:00:00,12.2,,36.0,,보통,45.0
2026-03-30 04:00:00,11.7,,39.0,,보통,43.0
2026-03-30 05:00:00,11.3,,41.0,,보통,47.0
2026-03-30 06:00:00,11.2,,43.0,,보통,51.0
2026-03-30 07:00:00,11.0,,46.0,,보통,54.0
2026-03-30 08:00:00,12.1,,42.0,,보통,59.0
2026-03-30 09:00:00,13.5,,38.0,,보통,67.0
2026-03-30 10:00:00,14.5,,36.0,,보통,68.0
2026-03-30 11:00:00,15.3,,35.0,,보통,70.0
2026-03-30 12:00:00,17.3,,30.0,,보통,74.0
2026-03-30 13:00:00,19.4,,28.0,,보통,70.0
2026-03-30 14:00:00,20.1,,31.0,,보통,66.0
2026-03-30 15:00:00,20.9,,31.0,,보통,69.0
2026-03-30 16:00:00,20.7,,32.0,,보통,62.0
2026-03-30 17:00:00,20.0,,32.0,,보통,65.0
2026-03-30 18:00:00,19.4,,34.0,,보통,65.0
2026-03-30 19:00:00,18.9,,34.0,,보통,60.0
2026-03-30 20:00:00,18.4,,36.0,,보통,65.0
2026-03-30 21:00:00,17.5,0.0,47.0,,보통,66.0
2026-03-30 22:00:00,16.6,,49.0,,보통,62.0
2026-03-30 23:00:00,14.7,,68.0,,보통,56.0
2026-03-31 00:00:00,13.2,1.8,79.0,,보통,48.0
2026-03-31 01:00:00,12.9,,83.0,,보통,46.0
2026-03-31 02:00:00,12.1,,83.0,,보통,47.0
2026-03-31 03:00:00,11.9,5.6,86.0,,보통,51.0
2026-03-31 04:00:00,11.7,,86.0,,보통,51.0
2026-03-31 05:00:00,11.4,,86.0,,보통,63.0
2026-03-31 06:00:00,11.0,2.3,85.0,,보통,60.0
2026-03-31 07:00:00,10.8,,88.0,,보통,54.0
2026-03-31 08:00:00,11.3,,86.0,,보통,42.0
2026-03-31 09:00:00,12.7,0.3,79.0,,보통,42.0
2026-03-31 10:00:00,15.8,,64.0,,보통,34.0
2026-03-31 11:00:00,16.7,,57.0,,보통,39.0
2026-03-31 12:00:00,16.8,,57.0,,보통,37.0
2026-03-31 13:00:00,17.6,,54.0,,보통,39.0
2026-03-31 14:00:00,18.2,,50.0,,보통,35.0
2026-03-31 15:00:00,18.4,,49.0,,좋음,25.0
2026-03-31 16:00:00,17.8,,50.0,,좋음,27.0
2026-03-31 17:00:00,17.1,,51.0,,좋음,21.0
2026-03-31 18:00:00,16.5,,52.0,,좋음,18.0
2026-03-31 19:00:00,15.8,,56.0,,좋음,20.0
2026-03-31 20:00:00,14.8,,58.0,,좋음,18.0
2026-03-31 21:00:00,14.0,,61.0,,좋음,15.0
2026-03-31 22:00:00,13.7,,63.0,,좋음,14.0
2026-03-31 23:00:00,13.2,,64.0,,좋음,13.0
2026-04-01 00:00:00,12.4,,65.0,,좋음,11.0
2026-04-01 01:00:00,12.0,,67.0,,좋음,10.0
2026-04-01 02:00:00,11.6,,69.0,,좋음,11.0
2026-04-01 03:00:00,11.6,,70.0,,좋음,12.0
2026-04-01 04:00:00,11.3,,70.0,,좋음,11.0
2026-04-01 05:00:00,11.0,,72.0,,좋음,16.0
2026-04-01 06:00:00,10.6,,73.0,,좋음,16.0
2026-04-01 07:00:00,11.0,,74.0,,좋음,22.0
2026-04-01 08:00:00,12.2,,70.0,,좋음,23.0
2026-04-01 09:00:00,13.9,,66.0,,좋음,28.0
2026-04-01 10:00:00,15.8,,61.0,,보통,36.0
2026-04-01 11:00:00,16.8,,58.0,,보통,41.0
2026-04-01 12:00:00,16.7,,57.0,,보통,58.0
2026-04-01 13:00:00,16.8,,57.0,,보통,58.0
2026-04-01 14:00:00,17.5,,56.0,,보통,51.0
2026-04-01 15:00:00,17.3,,55.0,,보통,41.0
2026-04-01 16:00:00,17.0,,49.0,,보통,36.0
2026-04-01 17:00:00,16.1,,36.0,,보통,36.0
2026-04-01 18:00:00,15.1,,34.0,,좋음,29.0
2026-04-01 19:00:00,13.6,,37.0,,좋음,21.0
2026-04-01 20:00:00,12.1,,39.0,,보통,36.0
2026-04-01 21:00:00,11.6,,45.0,,보통,59.0
2026-04-01 22:00:00,10.9,,52.0,,보통,58.0
2026-04-01 23:00:00,10.1,,57.0,,보통,56.0
2026-04-02 00:00:00,9.3,,61.0,,보통,54.0
2026-04-02 01:00:00,8.5,,63.0,,보통,56.0
2026-04-02 02:00:00,8.1,,66.0,,보통,55.0
2026-04-02 03:00:00,7.6,,70.0,,보통,54.0
2026-04-02 04:00:00,7.3,,72.0,,보통,52.0
2026-04-02 05:00:00,6.8,,74.0,,보통,52.0
2026-04-02 06:00:00,6.7,,76.0,,보통,54.0
2026-04-02 07:00:00,6.6,,77.0,,보통,60.0
2026-04-02 08:00:00,8.0,,75.0,,보통,62.0
2026-04-02 09:00:00,10.1,,65.0,,보통,64.0
2026-04-02 10:00:00,12.1,,54.0,,보통,66.0
2026-04-02 11:00:00,13.8,,51.0,,보통,67.0
2026-04-02 12:00:00,15.6,,44.0,,보통,77.0
2026-04-02 13:00:00,16.8,,37.0,,나쁨,96.0
2026-04-02 14:00:00,17.8,,33.0,,나쁨,102.0
2026-04-02 15:00:00,17.4,,32.0,,나쁨,107.0
2026-04-02 16:00:00,16.8,,29.0,,나쁨,96.0
2026-04-02 17:00:00,16.3,,30.0,,나쁨,82.0
2026-04-02 18:00:00,14.9,,32.0,,나쁨,85.0
2026-04-02 19:00:00,12.7,,37.0,,나쁨,82.0
2026-04-02 20:00:00,11.5,,42.0,,나쁨,84.0
2026-04-02 21:00:00,10.8,,49.0,,보통,80.0
2026-04-02 22:00:00,10.1,,51.0,,보통,68.0
2026-04-02 23:00:00,9.6,,53.0,,보통,65.0
2026-04-03 00:00:00,9.3,,58.0,,보통,60.0
2026-04-03 01:00:00,8.7,,67.0,,보통,56.0
2026-04-03 02:00:00,8.0,,76.0,,보통,59.0
2026-04-03 03:00:00,7.7,,79.0,,보통,70.0
2026-04-03 04:00:00,7.4,,80.0,,보통,76.0
2026-04-03 05:00:00,7.3,,80.0,,나쁨,84.0
2026-04-03 06:00:00,7.5,,78.0,,나쁨,94.0
2026-04-03 07:00:00,7.5,,78.0,,나쁨,100.0
2026-04-03 08:00:00,9.1,,74.0,,나쁨,100.0
2026-04-03 09:00:00,11.3,,66.0,,나쁨,111.0
2026-04-03 10:00:00,13.8,,56.0,,나쁨,112.0
2026-04-03 11:00:00,16.3,,49.0,,나쁨,103.0
2026-04-03 12:00:00,18.3,,45.0,,나쁨,87.0
2026-04-03 13:00:00,19.5,,36.0,,보통,73.0
2026-04-03 14:00:00,20.6,,32.0,,보통,62.0
2026-04-03 15:00:00,22.1,,29.0,,보통,54.0
2026-04-03 16:00:00,21.9,,30.0,,보통,52.0
2026-04-03 17:00:00,20.7,,33.0,,보통,55.0
2026-04-03 18:00:00,19.6,,37.0,,보통,51.0
2026-04-03 19:00:00,17.8,,36.0,,보통,53.0
2026-04-03 20:00:00,16.5,,39.0,,보통,51.0
2026-04-03 21:00:00,16.0,,41.0,,보통,58.0
2026-04-03 22:00:00,15.7,,45.0,,보통,55.0
2026-04-03 23:00:00,15.3,,51.0,,보통,57.0
2026-04-04 00:00:00,15.0,,55.0,,보통,60.0
2026-04-04 01:00:00,14.7,0.0,58.0,,보통,66.0
2026-04-04 02:00:00,14.3,0.0,56.0,,보통,43.0
2026-04-04 03:00:00,13.8,0.0,60.0,,좋음,23.0
2026-04-04 04:00:00,13.5,0.0,62.0,,좋음,17.0
2026-04-04 05:00:00,13.3,0.0,62.0,,좋음,21.0
2026-04-04 06:00:00,13.0,0.0,65.0,,좋음,21.0
2026-04-04 07:00:00,12.8,0.0,68.0,,좋음,24.0
2026-04-04 08:00:00,12.9,0.0,71.0,,좋음,20.0
2026-04-04 09:00:00,13.8,,68.0,,좋음,20.0
2026-04-04 10:00:00,15.5,,61.0,,보통,31.0
2026-04-04 11:00:00,17.2,,57.0,,보통,40.0
2026-04-04 12:00:00,18.9,,55.0,,보통,41.0
2026-04-04 13:00:00,20.0,,46.0,,보통,35.0
2026-04-04 14:00:00,20.7,,44.0,,보통,31.0
2026-04-04 15:00:00,19.4,,48.0,,보통,34.0
2026-04-04 16:00:00,19.4,,54.0,,보통,39.0
2026-04-04 17:00:00,17.4,,58.0,,보통,35.0
2026-04-04 18:00:00,16.1,,62.0,,좋음,29.0
2026-04-04 19:00:00,14.0,,65.0,,보통,33.0
2026-04-04 20:00:00,11.7,,68.0,,보통,40.0
2026-04-04 21:00:00,10.5,,71.0,,보통,44.0
2026-04-04 22:00:00,9.6,,74.0,,보통,44.0
2026-04-04 23:00:00,9.2,,74.0,,보통,47.0
2026-04-05 00:00:00,8.5,,78.0,,보통,46.0
2026-04-05 01:00:00,8.3,,78.0,,보통,45.0
2026-04-05 02:00:00,8.0,,79.0,,보통,46.0
2026-04-05 03:00:00,7.8,,79.0,,보통,50.0
2026-04-05 04:00:00,7.6,,79.0,,보통,47.0
2026-04-05 05:00:00,7.3,,79.0,,보통,47.0
2026-04-05 06:00:00,7.3,,79.0,,보통,45.0
2026-04-05 07:00:00,7.4,,78.0,,보통,43.0
2026-04-05 08:00:00,8.0,,75.0,,보통,49.0
2026-04-05 09:00:00,8.8,,70.0,,보통,49.0
2026-04-05 10:00:00,10.0,,63.0,,보통,51.0
2026-04-05 11:00:00,12.1,,56.0,,보통,58.0
2026-04-05 12:00:00,13.0,,53.0,,보통,55.0
2026-04-05 13:00:00,14.4,,50.0,,보통,54.0
2026-04-05 14:00:00,15.6,,42.0,,보통,54.0
2026-04-05 15:00:00,16.7,,41.0,,보통,47.0
2026-04-05 16:00:00,17.0,,27.0,,보통,45.0
2026-04-05 17:00:00,16.9,,25.0,,보통,41.0
2026-04-05 18:00:00,16.0,,29.0,,보통,32.0
2026-04-05 19:00:00,14.4,,39.0,,보통,37.0
2026-04-05 20:00:00,13.5,,51.0,,보통,33.0
2026-04-05 21:00:00,12.8,0.0,54.0,,보통,31.0
2026-04-05 22:00:00,12.3,0.1,56.0,,보통,38.0
2026-04-05 23:00:00,9.7,1.7,76.0,,보통,39.0
2026-04-06 00:00:00,9.7,0.3,74.0,,보통,32.0
2026-04-06 01:00:00,9.6,,78.0,,좋음,27.0
2026-04-06 02:00:00,9.7,,79.0,,좋음,24.0
2026-04-06 03:00:00,9.9,,78.0,,좋음,27.0
2026-04-06 04:00:00,10.0,,82.0,,보통,36.0
2026-04-06 05:00:00,10.1,,83.0,,보통,37.0
2026-04-06 06:00:00,10.3,0.0,85.0,,보통,39.0
2026-04-06 07:00:00,10.2,0.1,86.0,,보통,42.0
2026-04-06 08:00:00,10.5,0.0,81.0,,보통,34.0
2026-04-06 09:00:00,10.8,0.0,80.0,,보통,41.0
2026-04-06 10:00:00,10.7,0.1,78.0,,보통,48.0
2026-04-06 11:00:00,9.8,0.4,81.0,,보통,53.0
2026-04-06 12:00:00,10.2,0.6,80.0,,보통,45.0
2026-04-06 13:00:00,10.9,0.0,74.0,,보통,41.0
2026-04-06 14:00:00,11.7,0.0,67.0,,보통,34.0
2026-04-06 15:00:00,12.2,0.0,61.0,,좋음,29.0
2026-04-06 16:00:00,13.2,0.0,61.0,,보통,34.0
2026-04-06 17:00:00,13.9,,49.0,,보통,39.0
2026-04-06 18:00:00,13.5,,31.0,,보통,31.0
2026-04-06 19:00:00,11.8,,37.0,,좋음,23.0
2026-04-06 20:00:00,10.3,,40.0,,좋음,22.0
2026-04-06 21:00:00,9.1,,26.0,,좋음,19.0
2026-04-06 22:00:00,7.5,,27.0,,좋음,18.0
2026-04-06 23:00:00,6.3,,30.0,,좋음,19.0
2026-04-07 00:00:00,5.5,,32.0,,좋음,19.0
2026-04-07 01:00:00,5.5,,36.0,,좋음,18.0
2026-04-07 02:00:00,4.8,,41.0,,좋음,14.0
2026-04-07 03:00:00,4.4,,42.0,,좋음,14.0
2026-04-07 04:00:00,3.9,,49.0,,좋음,15.0
2026-04-07 05:00:00,3.6,,54.0,,좋음,17.0
2026-04-07 06:00:00,3.4,,57.0,,좋음,22.0
2026-04-07 07:00:00,3.5,,57.0,,좋음,29.0
2026-04-07 08:00:00,5.0,,50.0,,좋음,26.0
2026-04-07 09:00:00,7.2,,41.0,,좋음,25.0
2026-04-07 10:00:00,9.1,,32.0,,,
2026-04-07 11:00:00,10.3,,23.0,,,
2026-04-07 12:00:00,10.7,,22.0,,좋음,11.0
2026-04-07 13:00:00,12.2,,20.0,,보통,40.0
2026-04-07 14:00:00,12.9,,25.0,,보통,41.0
2026-04-07 15:00:00,13.7,,27.0,,보통,33.0
2026-04-07 16:00:00,13.1,,27.0,,보통,36.0
2026-04-07 17:00:00,12.9,,32.0,,좋음,29.0
2026-04-07 18:00:00,11.6,,35.0,,보통,31.0
2026-04-07 19:00:00,9.8,,41.0,,보통,40.0
2026-04-07 20:00:00,8.5,,57.0,,보통,40.0
2026-04-07 21:00:00,7.8,,61.0,,보통,36.0
2026-04-07 22:00:00,7.3,,62.0,,보통,34.0
2026-04-07 23:00:00,6.8,,65.0,,보통,33.0
2026-04-08 00:00:00,6.4,,67.0,,보통,35.0
2026-04-08 01:00:00,5.8,,70.0,,보통,34.0
2026-04-08 02:00:00,5.3,,72.0,,보통,33.0
2026-04-08 03:00:00,5.2,,73.0,,좋음,30.0
2026-04-08 04:00:00,4.7,,74.0,,보통,31.0
2026-04-08 05:00:00,4.2,,77.0,,보통,33.0
2026-04-08 06:00:00,3.9,,80.0,,보통,32.0
2026-04-08 07:00:00,3.6,,80.0,,보통,36.0
2026-04-08 08:00:00,6.0,,76.0,,보통,43.0
2026-04-08 09:00:00,8.3,,66.0,,보통,45.0
2026-04-08 10:00:00,10.0,,54.0,,보통,45.0
2026-04-08 11:00:00,12.0,,44.0,,보통,47.0
2026-04-08 12:00:00,13.6,,39.0,,보통,44.0
2026-04-08 13:00:00,14.4,,38.0,,보통,45.0
2026-04-08 14:00:00,15.6,,35.0,,보통,51.0
2026-04-08 15:00:00,16.5,,33.0,,보통,45.0
2026-04-08 16:00:00,16.4,,29.0,,보통,34.0
2026-04-08 17:00:00,15.9,,25.0,,보통,33.0
2026-04-08 18:00:00,15.1,,26.0,,보통,36.0
2026-04-08 19:00:00,13.2,,32.0,,좋음,29.0
2026-04-08 20:00:00,11.8,,38.0,,좋음,29.0
2026-04-08 21:00:00,10.8,,43.0,,좋음,28.0
2026-04-08 22:00:00,10.0,,44.0,,보통,39.0
2026-04-08 23:00:00,9.5,,48.0,,보통,40.0
2026-04-09 00:00:00,8.9,,51.0,,보통,41.0
2026-04-09 01:00:00,8.8,,52.0,,보통,41.0
2026-04-09 02:00:00,8.8,,48.0,,보통,36.0
2026-04-09 03:00:00,9.3,,46.0,,좋음,30.0
2026-04-09 04:00:00,9.2,,49.0,,좋음,27.0
2026-04-09 05:00:00,9.2,,53.0,,좋음,27.0
2026-04-09 06:00:00,9.3,,55.0,,좋음,30.0
2026-04-09 07:00:00,9.7,,55.0,,좋음,30.0
2026-04-09 08:00:00,10.6,,55.0,,좋음,30.0
2026-04-09 09:00:00,11.3,0.0,55.0,,보통,33.0
2026-04-09 10:00:00,11.2,0.1,58.0,,좋음,30.0
2026-04-09 11:00:00,11.8,0.0,58.0,,보통,31.0
2026-04-09 12:00:00,10.8,0.5,74.0,,보통,31.0
2026-04-09 13:00:00,9.8,2.5,86.0,,보통,34.0
2026-04-09 14:00:00,9.4,3.6,91.0,,좋음,27.0
2026-04-09 15:00:00,9.6,2.1,94.0,,좋음,18.0
2026-04-09 16:00:00,10.0,1.4,95.0,,좋음,15.0
2026-04-09 17:00:00,10.4,1.5,96.0,,좋음,14.0
2026-04-09 18:00:00,10.8,1.2,96.0,,좋음,16.0
2026-04-09 19:00:00,11.1,0.7,96.0,,좋음,14.0
2026-04-09 20:00:00,11.4,0.6,96.0,,좋음,17.0
2026-04-09 21:00:00,11.7,0.8,97.0,,좋음,16.0
2026-04-09 22:00:00,12.0,1.5,96.0,,좋음,14.0
2026-04-09 23:00:00,12.2,1.3,96.0,,좋음,17.0
2026-04-10 00:00:00,12.3,1.1,95.0,,좋음,14.0
2026-04-10 01:00:00,12.7,1.0,96.0,,좋음,6.0
2026-04-10 02:00:00,12.4,0.4,95.0,,좋음,6.0
2026-04-10 03:00:00,12.1,0.5,95.0,,좋음,5.0
2026-04-10 04:00:00,11.7,0.6,94.0,,좋음,9.0
2026-04-10 05:00:00,11.4,0.3,94.0,,좋음,11.0
2026-04-10 06:00:00,10.8,0.4,94.0,,좋음,7.0
2026-04-10 07:00:00,10.2,0.1,93.0,,좋음,8.0
2026-04-10 08:00:00,10.0,0.8,95.0,,좋음,9.0
2026-04-10 09:00:00,10.1,0.3,95.0,,좋음,7.0
2026-04-10 10:00:00,10.2,0.4,96.0,,좋음,7.0
2026-04-10 11:00:00,9.7,0.2,94.0,,좋음,14.0
2026-04-10 12:00:00,9.6,0.1,95.0,,좋음,23.0
2026-04-10 13:00:00,9.7,,94.0,,좋음,23.0
2026-04-10 14:00:00,10.1,,91.0,,좋음,29.0
2026-04-10 15:00:00,10.9,,85.0,,보통,39.0
2026-04-10 16:00:00,11.1,,81.0,,보통,55.0
2026-04-10 17:00:00,10.9,,82.0,,보통,60.0
2026-04-10 18:00:00,10.6,,84.0,,보통,57.0
2026-04-10 19:00:00,9.9,,84.0,,보통,48.0
2026-04-10 20:00:00,9.8,,86.0,,보통,48.0
2026-04-10 21:00:00,9.8,,85.0,,보통,37.0
2026-04-10 22:00:00,9.7,,85.0,,좋음,26.0
2026-04-10 23:00:00,9.0,,86.0,,좋음,18.0
2026-04-11 00:00:00,8.8,,86.0,,좋음,18.0
2026-04-11 01:00:00,8.8,,87.0,,좋음,23.0
2026-04-11 02:00:00,8.6,0.0,89.0,,좋음,27.0
2026-04-11 03:00:00,8.4,0.0,89.0,,좋음,26.0
2026-04-11 04:00:00,8.4,,90.0,,좋음,26.0
2026-04-11 05:00:00,8.3,,86.0,,보통,31.0
2026-04-11 06:00:00,8.3,,87.0,,보통,36.0
2026-04-11 07:00:00,8.3,,86.0,,보통,32.0
2026-04-11 08:00:00,8.5,,86.0,,보통,41.0
2026-04-11 09:00:00,9.2,,84.0,,보통,44.0
2026-04-11 10:00:00,10.0,,84.0,,보통,46.0
2026-04-11 11:00:00,11.3,,80.0,,보통,55.0
2026-04-11 12:00:00,11.9,,80.0,,보통,68.0
2026-04-11 13:00:00,14.4,,67.0,,보통,73.0
2026-04-11 14:00:00,15.1,,64.0,,보통,65.0
2026-04-11 15:00:00,15.7,,59.0,,보통,47.0
2026-04-11 16:00:00,15.8,,58.0,,보통,48.0
2026-04-11 17:00:00,15.4,,54.0,,보통,50.0
2026-04-11 18:00:00,14.6,,57.0,,보통,53.0
2026-04-11 19:00:00,12.9,,65.0,,보통,52.0
2026-04-11 20:00:00,11.5,,75.0,,보통,52.0
2026-04-11 21:00:00,10.3,,80.0,,보통,54.0
2026-04-11 22:00:00,9.8,,82.0,,보통,65.0
2026-04-11 23:00:00,9.2,,85.0,,보통,66.0
2026-04-12 00:00:00,8.7,,87.0,,보통,65.0
2026-04-12 01:00:00,8.4,,88.0,,보통,62.0
2026-04-12 02:00:00,7.8,,87.0,,보통,60.0
2026-04-12 03:00:00,7.4,,89.0,,보통,67.0
2026-04-12 04:00:00,7.0,,90.0,,보통,67.0
2026-04-12 05:00:00,6.7,,91.0,,보통,61.0
2026-04-12 06:00:00,6.3,,91.0,,보통,66.0
2026-04-12 07:00:00,6.4,,92.0,,보통,65.0
2026-04-12 08:00:00,8.7,,90.0,,보통,63.0
2026-04-12 09:00:00,11.2,,76.0,,보통,76.0
2026-04-12 10:00:00,14.1,,60.0,,나쁨,81.0
2026-04-12 11:00:00,16.2,,51.0,,나쁨,81.0
2026-04-12 12:00:00,18.8,,42.0,,보통,76.0
2026-04-12 13:00:00,20.5,,32.0,,보통,57.0
2026-04-12 14:00:00,21.8,,28.0,,보통,40.0
2026-04-12 15:00:00,22.6,,21.0,,보통,41.0
2026-04-12 16:00:00,23.7,,21.0,,보통,55.0
2026-04-12 17:00:00,23.2,,25.0,,보통,50.0
2026-04-12 18:00:00,21.8,,26.0,,보통,46.0
2026-04-12 19:00:00,19.9,,37.0,,보통,56.0
2026-04-12 20:00:00,18.0,,41.0,,보통,48.0
2026-04-12 21:00:00,16.8,,41.0,,보통,49.0
2026-04-12 22:00:00,15.8,,46.0,,보통,50.0
2026-04-12 23:00:00,14.9,,45.0,,보통,50.0
2026-04-13 00:00:00,14.3,,41.0,,보통,45.0
2026-04-13 01:00:00,13.5,,44.0,,보통,45.0
2026-04-13 02:00:00,12.2,,47.0,,보통,41.0
2026-04-13 03:00:00,11.3,,50.0,,보통,40.0
2026-04-13 04:00:00,10.8,,52.0,,보통,41.0
2026-04-13 05:00:00,9.9,,53.0,,보통,44.0
2026-04-13 06:00:00,9.7,,54.0,,보통,45.0
2026-04-13 07:00:00,10.0,,56.0,,보통,57.0
2026-04-13 08:00:00,12.2,,56.0,,보통,64.0
2026-04-13 09:00:00,14.9,,50.0,,보통,68.0
2026-04-13 10:00:00,18.0,,41.0,,보통,76.0
2026-04-13 11:00:00,20.5,,36.0,,보통,77.0
2026-04-13 12:00:00,22.8,,29.0,,보통,76.0
2026-04-13 13:00:00,24.7,,25.0,,보통,73.0
2026-04-13 14:00:00,26.2,,22.0,,보통,62.0
2026-04-13 15:00:00,26.9,,20.0,,보통,54.0
2026-04-13 16:00:00,27.1,,19.0,,보통,66.0
2026-04-13 17:00:00,26.7,,20.0,,보통,56.0
2026-04-13 18:00:00,25.5,,24.0,,보통,57.0
2026-04-13 19:00:00,23.6,,27.0,,보통,58.0
2026-04-13 20:00:00,21.9,,30.0,,보통,59.0
2026-04-13 21:00:00,20.7,,31.0,,보통,70.0
2026-04-13 22:00:00,19.4,,36.0,,보통,60.0
2026-04-13 23:00:00,18.3,,39.0,,보통,67.0
2026-04-14 00:00:00,17.6,,44.0,,보통,72.0
2026-04-14 01:00:00,16.9,,44.0,,보통,72.0
2026-04-14 02:00:00,16.3,,47.0,,보통,68.0
2026-04-14 03:00:00,15.8,,48.0,,보통,70.0
2026-04-14 04:00:00,15.5,,49.0,,보통,66.0
2026-04-14 05:00:00,15.2,,51.0,,보통,62.0
2026-04-14 06:00:00,14.6,,52.0,,보통,66.0
2026-04-14 07:00:00,14.5,,51.0,,보통,63.0
2026-04-14 08:00:00,16.5,,46.0,,보통,57.0
2026-04-14 09:00:00,19.2,,36.0,,보통,61.0
2026-04-14 10:00:00,21.8,,32.0,,보통,57.0
2026-04-14 11:00:00,23.7,,28.0,,보통,58.0
2026-04-14 12:00:00,24.8,,23.0,,보통,54.0
2026-04-14 13:00:00,26.3,,22.0,,보통,53.0
2026-04-14 14:00:00,26.9,,22.0,,보통,57.0
2026-04-14 15:00:00,27.8,,23.0,,보통,56.0
2026-04-14 16:00:00,27.7,,21.0,,보통,59.0
2026-04-14 17:00:00,27.5,,21.0,,보통,73.0
2026-04-14 18:00:00,25.7,,25.0,,보통,78.0
2026-04-14 19:00:00,23.3,,31.0,,보통,80.0
2026-04-14 20:00:00,21.3,,34.0,,나쁨,87.0
2026-04-14 21:00:00,20.2,,34.0,,나쁨,86.0
2026-04-14 22:00:00,19.0,,35.0,,나쁨,84.0
2026-04-14 23:00:00,18.2,,38.0,,나쁨,85.0
2026-04-15 00:00:00,17.3,,41.0,,나쁨,87.0
2026-04-15 01:00:00,16.6,,47.0,,나쁨,95.0
2026-04-15 02:00:00,16.0,,47.0,,나쁨,92.0
2026-04-15 03:00:00,15.7,,48.0,,나쁨,86.0
2026-04-15 04:00:00,14.9,,54.0,,나쁨,83.0
2026-04-15 05:00:00,14.3,,52.0,,나쁨,86.0
2026-04-15 06:00:00,13.7,,56.0,,나쁨,93.0
2026-04-15 07:00:00,13.5,,61.0,,나쁨,107.0
2026-04-15 08:00:00,15.5,,59.0,,나쁨,109.0
2026-04-15 09:00:00,18.0,,52.0,,나쁨,110.0
2026-04-15 10:00:00,20.5,,40.0,,나쁨,101.0
2026-04-15 11:00:00,22.1,,39.0,,,
2026-04-15 12:00:00,23.8,,35.0,,나쁨,95.0
2026-04-15 13:00:00,25.1,,34.0,,보통,79.0
2026-04-15 14:00:00,25.6,,35.0,,보통,70.0
2026-04-15 15:00:00,26.1,,34.0,,보통,49.0
2026-04-15 16:00:00,26.3,,33.0,,보통,58.0
2026-04-15 17:00:00,24.9,,35.0,,보통,62.0
2026-04-15 18:00:00,23.3,,37.0,,보통,69.0
2026-04-15 19:00:00,21.7,,40.0,,보통,74.0
2026-04-15 20:00:00,20.4,,43.0,,보통,66.0
2026-04-15 21:00:00,19.5,,47.0,,보통,66.0
2026-04-15 22:00:00,18.4,,51.0,,보통,68.0
2026-04-15 23:00:00,17.3,,53.0,,보통,74.0
2026-04-16 00:00:00,17.7,,41.0,,보통,68.0
2026-04-16 01:00:00,16.9,,44.0,,보통,51.0
2026-04-16 02:00:00,15.8,,49.0,,좋음,30.0
2026-04-16 03:00:00,14.8,,55.0,,좋음,27.0
2026-04-16 04:00:00,14.3,,57.0,,좋음,28.0
2026-04-16 05:00:00,13.7,,58.0,,좋음,25.0
2026-04-16 06:00:00,13.0,,60.0,,좋음,29.0
2026-04-16 07:00:00,13.3,,58.0,,보통,33.0
2026-04-16 08:00:00,15.5,,50.0,,보통,34.0
2026-04-16 09:00:00,17.8,,43.0,,보통,36.0
2026-04-16 10:00:00,19.7,,39.0,,보통,37.0
2026-04-16 11:00:00,21.3,,35.0,,보통,34.0
2026-04-16 12:00:00,23.6,,30.0,,보통,39.0
2026-04-16 13:00:00,24.9,,24.0,,보통,40.0
2026-04-16 14:00:00,26.1,,23.0,,보통,40.0
2026-04-16 15:00:00,27.2,,18.0,,보통,31.0
2026-04-16 16:00:00,27.2,,16.0,,보통,31.0
2026-04-16 17:00:00,26.3,,26.0,,보통,39.0
2026-04-16 18:00:00,24.2,,31.0,,보통,51.0
2026-04-16 19:00:00,22.1,,35.0,,보통,53.0
2026-04-16 20:00:00,20.8,,38.0,,보통,49.0
2026-04-16 21:00:00,19.9,,38.0,,보통,72.0
2026-04-16 22:00:00,19.1,,41.0,,보통,67.0
2026-04-16 23:00:00,18.6,,45.0,,보통,54.0
2026-04-17 00:00:00,18.1,,45.0,,보통,55.0
2026-04-17 01:00:00,17.5,,47.0,,보통,50.0
2026-04-17 02:00:00,17.0,,44.0,,보통,43.0
2026-04-17 03:00:00,17.1,,30.0,,보통,34.0
2026-04-17 04:00:00,16.7,,33.0,,좋음,27.0
2026-04-17 05:00:00,16.4,,27.0,,좋음,22.0
2026-04-17 06:00:00,16.2,,35.0,,보통,43.0
2026-04-17 07:00:00,16.0,,33.0,,보통,48.0
2026-04-17 08:00:00,16.3,,36.0,,보통,39.0
2026-04-17 09:00:00,17.7,,39.0,,보통,42.0
2026-04-17 10:00:00,18.5,,39.0,,보통,49.0
2026-04-17 11:00:00,19.1,,42.0,,보통,57.0
2026-04-17 12:00:00,19.1,,46.0,,보통,61.0
2026-04-17 13:00:00,20.0,,49.0,,보통,54.0
2026-04-17 14:00:00,22.2,,41.0,,보통,54.0
2026-04-17 15:00:00,21.5,,42.0,,보통,55.0
2026-04-17 16:00:00,21.0,,47.0,,보통,47.0
2026-04-17 17:00:00,19.6,,45.0,,보통,44.0
2026-04-17 18:00:00,18.8,,44.0,,보통,42.0
2026-04-17 19:00:00,17.3,,47.0,,보통,37.0
2026-04-17 20:00:00,16.0,,52.0,,보통,34.0
2026-04-17 21:00:00,15.4,,56.0,,보통,40.0
2026-04-17 22:00:00,14.7,,61.0,,보통,41.0
2026-04-17 23:00:00,13.9,,64.0,,보통,42.0
2026-04-18 00:00:00,13.3,,68.0,,보통,43.0
2026-04-18 01:00:00,12.8,,70.0,,보통,42.0
2026-04-18 02:00:00,12.5,,71.0,,보통,42.0
2026-04-18 03:00:00,12.2,,74.0,,보통,43.0
2026-04-18 04:00:00,11.9,,73.0,,보통,42.0
2026-04-18 05:00:00,11.7,,74.0,,보통,39.0
2026-04-18 06:00:00,11.1,,76.0,,보통,41.0
2026-04-18 07:00:00,11.2,,77.0,,보통,47.0
2026-04-18 08:00:00,13.8,,70.0,,보통,46.0
2026-04-18 09:00:00,16.7,,59.0,,보통,54.0
2026-04-18 10:00:00,19.4,,50.0,,보통,52.0
2026-04-18 11:00:00,20.9,,45.0,,보통,49.0
2026-04-18 12:00:00,23.1,,39.0,,보통,38.0
2026-04-18 13:00:00,24.3,,35.0,,보통,41.0
2026-04-18 14:00:00,25.5,,32.0,,보통,40.0
2026-04-18 15:00:00,26.7,,31.0,,보통,48.0
2026-04-18 16:00:00,27.1,,27.0,,보통,63.0
2026-04-18 17:00:00,26.6,,26.0,,보통,75.0
2026-04-18 18:00:00,25.6,,32.0,,보통,73.0
2026-04-18 19:00:00,23.3,,44.0,,보통,51.0
2026-04-18 20:00:00,21.3,,48.0,,보통,56.0
2026-04-18 21:00:00,20.1,,52.0,,보통,52.0
2026-04-18 22:00:00,19.2,,55.0,,보통,49.0
2026-04-18 23:00:00,18.5,,58.0,,보통,46.0
2026-04-19 00:00:00,17.7,,58.0,,보통,46.0
2026-04-19 01:00:00,17.2,,60.0,,보통,44.0
2026-04-19 02:00:00,16.8,,63.0,,보통,42.0
2026-04-19 03:00:00,16.3,,63.0,,보통,48.0
2026-04-19 04:00:00,15.7,,63.0,,보통,46.0
2026-04-19 05:00:00,15.2,,67.0,,보통,48.0
2026-04-19 06:00:00,14.8,,69.0,,보통,46.0
2026-04-19 07:00:00,14.7,,71.0,,보통,52.0
2026-04-19 08:00:00,17.1,,67.0,,보통,55.0
2026-04-19 09:00:00,20.3,,53.0,,보통,58.0
2026-04-19 10:00:00,22.9,,44.0,,보통,62.0
2026-04-19 11:00:00,25.6,,35.0,,보통,67.0
2026-04-19 12:00:00,27.5,,28.0,,보통,65.0
2026-04-19 13:00:00,28.8,,21.0,,보통,73.0
2026-04-19 14:00:00,29.2,,25.0,,보통,73.0
2026-04-19 15:00:00,28.8,,31.0,,나쁨,81.0
2026-04-19 16:00:00,28.6,,25.0,,보통,72.0
2026-04-19 17:00:00,27.8,,26.0,,보통,68.0
2026-04-19 18:00:00,26.3,,27.0,,보통,63.0
2026-04-19 19:00:00,23.9,,27.0,,보통,61.0
2026-04-19 20:00:00,22.3,,32.0,,보통,62.0
2026-04-19 21:00:00,21.2,,35.0,,보통,79.0
2026-04-19 22:00:00,20.3,,38.0,,나쁨,86.0
2026-04-19 23:00:00,18.6,,52.0,,나쁨,86.0
2026-04-20 00:00:00,17.8,,57.0,,보통,80.0
2026-04-20 01:00:00,16.9,,60.0,,보통,73.0
2026-04-20 02:00:00,15.9,,63.0,,보통,69.0
2026-04-20 03:00:00,15.1,,65.0,,보통,65.0
2026-04-20 04:00:00,14.6,,67.0,,보통,49.0
2026-04-20 05:00:00,14.1,,69.0,,보통,40.0
2026-04-20 06:00:00,13.7,,70.0,,보통,38.0
2026-04-20 07:00:00,14.6,,67.0,,보통,39.0
2026-04-20 08:00:00,15.1,,66.0,,보통,52.0
2026-04-20 09:00:00,15.8,,60.0,,보통,53.0
2026-04-20 10:00:00,16.4,,61.0,,보통,37.0
2026-04-20 11:00:00,17.5,,64.0,,보통,37.0
2026-04-20 12:00:00,15.9,0.0,74.0,,보통,31.0
2026-04-20 13:00:00,14.8,0.0,78.0,,보통,36.0
2026-04-20 14:00:00,13.9,0.8,82.0,,보통,43.0
2026-04-20 15:00:00,13.2,0.0,79.0,,보통,59.0
2026-04-20 16:00:00,13.5,0.0,68.0,,나쁨,92.0
2026-04-20 17:00:00,14.3,,58.0,,나쁨,86.0
2026-04-20 18:00:00,13.9,,43.0,,나쁨,112.0
2026-04-20 19:00:00,12.6,,37.0,,매우나쁨,167.0
2026-04-20 20:00:00,11.4,,37.0,,매우나쁨,194.0
2026-04-20 21:00:00,10.8,,30.0,,매우나쁨,193.0
2026-04-20 22:00:00,9.9,,36.0,,매우나쁨,176.0
2026-04-20 23:00:00,9.5,,39.0,,매우나쁨,160.0
2026-04-21 00:00:00,9.1,,57.0,,매우나쁨,173.0
2026-04-21 01:00:00,8.7,,60.0,,매우나쁨,180.0
2026-04-21 02:00:00,8.2,,59.0,,매우나쁨,165.0
2026-04-21 03:00:00,7.7,,61.0,,매우나쁨,152.0
2026-04-21 04:00:00,7.3,,65.0,,나쁨,143.0
2026-04-21 05:00:00,7.2,,69.0,,나쁨,140.0
2026-04-21 06:00:00,7.3,,75.0,,나쁨,139.0
2026-04-21 07:00:00,7.6,,71.0,,나쁨,148.0
2026-04-21 08:00:00,9.3,,65.0,,나쁨,147.0
2026-04-21 09:00:00,11.5,,53.0,,나쁨,148.0
2026-04-21 10:00:00,13.2,,42.0,,나쁨,145.0
2026-04-21 11:00:00,15.4,,38.0,,나쁨,128.0
2026-04-21 12:00:00,16.4,,35.0,,나쁨,117.0
2026-04-21 13:00:00,16.7,,33.0,,나쁨,106.0
2026-04-21 14:00:00,17.5,,29.0,,나쁨,100.0
2026-04-21 15:00:00,17.6,,28.0,,나쁨,91.0
2026-04-21 16:00:00,16.9,,28.0,,나쁨,85.0
2026-04-21 17:00:00,15.4,,35.0,,나쁨,95.0
2026-04-21 18:00:00,14.0,,44.0,,나쁨,108.0
2026-04-21 19:00:00,13.1,,45.0,,나쁨,100.0
2026-04-21 20:00:00,12.6,,46.0,,나쁨,101.0
2026-04-21 21:00:00,12.1,,50.0,,나쁨,106.0
2026-04-21 22:00:00,11.6,,56.0,,나쁨,109.0
2026-04-21 23:00:00,11.1,,59.0,,나쁨,104.0
2026-04-22 00:00:00,10.8,,62.0,,나쁨,100.0
2026-04-22 01:00:00,10.7,,62.0,,나쁨,97.0
2026-04-22 02:00:00,10.6,,65.0,,나쁨,90.0
2026-04-22 03:00:00,10.5,,59.0,,나쁨,84.0
2026-04-22 04:00:00,10.3,,62.0,,보통,79.0
2026-04-22 05:00:00,10.1,,63.0,,보통,78.0
2026-04-22 06:00:00,9.9,,63.0,,보통,80.0
2026-04-22 07:00:00,10.0,,65.0,,보통,80.0
2026-04-22 08:00:00,11.1,,60.0,,나쁨,88.0
2026-04-22 09:00:00,12.4,,52.0,,나쁨,88.0
2026-04-22 10:00:00,13.5,,42.0,,나쁨,85.0
2026-04-22 11:00:00,15.1,,37.0,,나쁨,89.0
2026-04-22 12:00:00,16.4,,28.0,,나쁨,96.0
2026-04-22 13:00:00,17.7,,28.0,,,
2026-04-22 14:00:00,18.9,,25.0,,,
2026-04-22 15:00:00,19.9,,28.0,,보통,53.0
2026-04-22 16:00:00,19.9,,24.0,,보통,67.0
2026-04-22 17:00:00,19.2,,24.0,,보통,74.0
2026-04-22 18:00:00,17.9,,27.0,,보통,69.0
2026-04-22 19:00:00,16.4,,33.0,,보통,57.0
2026-04-22 20:00:00,15.1,,39.0,,보통,54.0
2026-04-22 21:00:00,14.1,,46.0,,보통,58.0
2026-04-22 22:00:00,13.4,,50.0,,보통,61.0
2026-04-22 23:00:00,12.9,,54.0,,보통,58.0
2026-04-23 00:00:00,12.4,,56.0,,보통,58.0
2026-04-23 01:00:00,11.8,,57.0,,보통,58.0
2026-04-23 02:00:00,11.5,,58.0,,보통,58.0
2026-04-23 03:00:00,11.4,,59.0,,보통,47.0
2026-04-23 04:00:00,10.8,,60.0,,보통,42.0
2026-04-23 05:00:00,10.2,,63.0,,보통,47.0
2026-04-23 06:00:00,10.1,,64.0,,보통,56.0
2026-04-23 07:00:00,11.1,,62.0,,보통,52.0
2026-04-23 08:00:00,13.5,,54.0,,보통,58.0
2026-04-23 09:00:00,15.6,,45.0,,보통,67.0
2026-04-23 10:00:00,17.8,,34.0,,보통,72.0
2026-04-23 11:00:00,19.7,,29.0,,보통,59.0
2026-04-23 12:00:00,21.3,,25.0,,보통,57.0
2026-04-23 13:00:00,22.4,,21.0,,보통,44.0
2026-04-23 14:00:00,23.9,,22.0,,보통,46.0
2026-04-23 15:00:00,24.2,,18.0,,보통,48.0
2026-04-23 16:00:00,24.1,,17.0,,보통,50.0
2026-04-23 17:00:00,23.4,,19.0,,보통,45.0
2026-04-23 18:00:00,21.9,,20.0,,보통,56.0
2026-04-23 19:00:00,20.6,,20.0,,보통,42.0
2026-04-23 20:00:00,19.1,,22.0,,보통,43.0
2026-04-23 21:00:00,17.6,,25.0,,보통,34.0
2026-04-23 22:00:00,16.6,,26.0,,보통,32.0
2026-04-23 23:00:00,15.2,,29.0,,좋음,29.0
2026-04-24 00:00:00,14.1,,30.0,,보통,31.0
2026-04-24 01:00:00,13.5,,32.0,,보통,32.0
2026-04-24 02:00:00,12.5,,35.0,,좋음,29.0
2026-04-24 03:00:00,11.4,,37.0,,좋음,25.0
2026-04-24 04:00:00,10.5,,40.0,,좋음,23.0
2026-04-24 05:00:00,10.4,,43.0,,좋음,27.0
2026-04-24 06:00:00,9.5,,47.0,,좋음,30.0
2026-04-24 07:00:00,10.5,,45.0,,보통,33.0
2026-04-24 08:00:00,13.6,,39.0,,보통,39.0
2026-04-24 09:00:00,16.2,,33.0,,보통,39.0
2026-04-24 10:00:00,18.8,,27.0,,보통,39.0
2026-04-24 11:00:00,20.4,,26.0,,보통,40.0
2026-04-24 12:00:00,22.5,,22.0,,보통,47.0
2026-04-24 13:00:00,23.8,,18.0,,보통,43.0
2026-04-24 14:00:00,25.3,,14.0,,보통,35.0
2026-04-24 15:00:00,26.3,,11.0,,보통,33.0
2026-04-24 16:00:00,26.8,,12.0,,보통,31.0
2026-04-24 17:00:00,26.1,,17.0,,보통,49.0
2026-04-24 18:00:00,24.5,,21.0,,보통,50.0
2026-04-24 19:00:00,21.9,,24.0,,보통,37.0
2026-04-24 20:00:00,19.8,,21.0,,보통,40.0
2026-04-24 21:00:00,18.3,,32.0,,보통,47.0
2026-04-24 22:00:00,17.3,,37.0,,보통,46.0
2026-04-24 23:00:00,16.2,,40.0,,보통,49.0
2026-04-25 00:00:00,15.3,,39.0,,보통,41.0
2026-04-25 01:00:00,14.1,,45.0,,보통,51.0
2026-04-25 02:00:00,13.6,,48.0,,보통,51.0
2026-04-25 03:00:00,12.9,,50.0,,보통,46.0
2026-04-25 04:00:00,12.2,,53.0,,보통,47.0
2026-04-25 05:00:00,11.7,,57.0,,보통,50.0
2026-04-25 06:00:00,11.3,,60.0,,보통,48.0
2026-04-25 07:00:00,11.7,,60.0,,보통,47.0
2026-04-25 08:00:00,14.7,,53.0,,보통,59.0
2026-04-25 09:00:00,17.8,,44.0,,,
2026-04-25 10:00:00,20.1,,36.0,,,
2026-04-25 11:00:00,22.3,,24.0,,,
2026-04-25 12:00:00,24.0,,21.0,,보통,44.0
2026-04-25 13:00:00,25.4,,22.0,,보통,44.0
2026-04-25 14:00:00,26.0,,19.0,,보통,41.0
2026-04-25 15:00:00,25.7,,15.0,,보통,33.0
2026-04-25 16:00:00,24.7,,18.0,,좋음,27.0
2026-04-25 17:00:00,24.1,,15.0,,좋음,26.0
2026-04-25 18:00:00,22.6,,19.0,,좋음,25.0
2026-04-25 19:00:00,20.6,,28.0,,좋음,28.0
2026-04-25 20:00:00,18.8,,34.0,,좋음,26.0
2026-04-25 21:00:00,17.4,,39.0,,보통,31.0
2026-04-25 22:00:00,15.8,,41.0,,보통,37.0
2026-04-25 23:00:00,15.1,,42.0,,보통,42.0
2026-04-26 00:00:00,14.2,,38.0,,보통,43.0
2026-04-26 01:00:00,13.4,,41.0,,보통,49.0
2026-04-26 02:00:00,13.2,,41.0,,보통,48.0
2026-04-26 03:00:00,12.8,,41.0,,보통,42.0
2026-04-26 04:00:00,12.3,,43.0,,보통,38.0
2026-04-26 05:00:00,11.8,,45.0,,보통,36.0
2026-04-26 06:00:00,11.3,,47.0,,보통,37.0
2026-04-26 07:00:00,11.6,,46.0,,보통,38.0
2026-04-26 08:00:00,14.0,,43.0,,보통,45.0
2026-04-26 09:00:00,17.3,,32.0,,보통,45.0
2026-04-26 10:00:00,19.5,,27.0,,보통,43.0
2026-04-26 11:00:00,21.3,,20.0,,보통,39.0
2026-04-26 12:00:00,22.2,,19.0,,좋음,26.0
2026-04-26 13:00:00,23.4,,20.0,,좋음,30.0
2026-04-26 14:00:00,25.1,,22.0,,좋음,30.0
2026-04-26 15:00:00,24.9,,20.0,,좋음,30.0
2026-04-26 16:00:00,23.8,,19.0,,좋음,23.0
2026-04-26 17:00:00,23.0,,21.0,,좋음,30.0
2026-04-26 18:00:00,21.8,,22.0,,보통,33.0
2026-04-26 19:00:00,19.7,,25.0,,좋음,22.0
2026-04-26 20:00:00,18.0,,29.0,,좋음,25.0
2026-04-26 21:00:00,16.9,,31.0,,좋음,24.0
2026-04-26 22:00:00,16.1,,32.0,,좋음,28.0
2026-04-26 23:00:00,15.6,,31.0,,보통,35.0
2026-04-27 00:00:00,14.8,,34.0,,보통,32.0
2026-04-27 01:00:00,13.7,,37.0,,좋음,30.0
2026-04-27 02:00:00,12.9,,42.0,,보통,35.0
2026-04-27 03:00:00,13.2,,44.0,,보통,36.0
2026-04-27 04:00:00,13.4,,46.0,,보통,36.0
2026-04-27 05:00:00,13.8,,47.0,,보통,38.0
2026-04-27 06:00:00,13.7,,51.0,,보통,43.0
2026-04-27 07:00:00,14.0,,55.0,,보통,44.0
2026-04-27 08:00:00,15.2,,53.0,,보통,48.0
2026-04-27 09:00:00,17.7,,48.0,,보통,54.0
2026-04-27 10:00:00,20.1,,46.0,,보통,53.0
2026-04-27 11:00:00,21.3,,43.0,,보통,51.0
2026-04-27 12:00:00,23.0,,40.0,,보통,51.0
2026-04-27 13:00:00,21.5,,36.0,,보통,50.0
2026-04-27 14:00:00,20.6,,37.0,,보통,43.0
2026-04-27 15:00:00,19.5,,29.0,,보통,33.0
2026-04-27 16:00:00,18.9,,28.0,,보통,31.0
2026-04-27 17:00:00,18.5,0.0,29.0,,보통,36.0
2026-04-27 18:00:00,16.4,0.0,43.0,,보통,38.0
2026-04-27 19:00:00,14.5,0.3,66.0,,보통,38.0
2026-04-27 20:00:00,14.3,0.0,70.0,,좋음,30.0
2026-04-27 21:00:00,13.3,0.7,71.0,,좋음,24.0
2026-04-27 22:00:00,12.8,0.5,79.0,,보통,32.0
2026-04-27 23:00:00,12.7,0.0,79.0,,보통,32.0
2026-04-28 00:00:00,13.0,,74.0,,좋음,29.0
2026-04-28 01:00:00,13.6,0.0,61.0,,좋음,26.0
2026-04-28 02:00:00,13.3,0.0,69.0,,보통,31.0
2026-04-28 03:00:00,12.9,,79.0,,보통,49.0
2026-04-28 04:00:00,12.3,0.0,82.0,,보통,60.0
2026-04-28 05:00:00,11.8,0.1,86.0,,보통,44.0
2026-04-28 06:00:00,11.8,0.1,86.0,,보통,34.0
2026-04-28 07:00:00,11.8,,81.0,,좋음,29.0
2026-04-28 08:00:00,11.9,,79.0,,좋음,25.0
2026-04-28 09:00:00,12.1,,76.0,,좋음,23.0
2026-04-28 10:00:00,12.9,,71.0,,좋음,19.0
2026-04-28 11:00:00,13.8,,66.0,,좋음,16.0
2026-04-28 12:00:00,14.1,,63.0,,좋음,15.0
2026-04-28 13:00:00,14.7,,60.0,,,
2026-04-28 14:00:00,15.5,,54.0,,,
2026-04-28 15:00:00,15.6,,54.0,,좋음,10.0
2026-04-28 16:00:00,16.0,,51.0,,좋음,23.0
2026-04-28 17:00:00,15.9,,52.0,,좋음,22.0
2026-04-28 18:00:00,15.5,,52.0,,좋음,20.0
2026-04-28 19:00:00,14.9,,55.0,,좋음,26.0
2026-04-28 20:00:00,14.3,,54.0,,보통,34.0
2026-04-28 21:00:00,13.1,,60.0,,보통,38.0
2026-04-28 22:00:00,12.2,,65.0,,보통,36.0
2026-04-28 23:00:00,11.8,,66.0,,보통,32.0
2026-04-29 00:00:00,11.4,,66.0,,좋음,23.0
2026-04-29 01:00:00,10.8,,71.0,,보통,31.0
2026-04-29 02:00:00,10.4,,74.0,,좋음,28.0
2026-04-29 03:00:00,9.7,,74.0,,좋음,25.0
2026-04-29 04:00:00,9.3,,77.0,,좋음,28.0
2026-04-29 05:00:00,9.1,,80.0,,좋음,23.0
2026-04-29 06:00:00,8.7,,83.0,,좋음,23.0
2026-04-29 07:00:00,9.1,,83.0,,좋음,30.0
2026-04-29 08:00:00,11.7,,73.0,,보통,43.0
2026-04-29 09:00:00,13.5,,62.0,,보통,49.0
2026-04-29 10:00:00,15.8,,54.0,,보통,46.0
2026-04-29 11:00:00,18.1,,47.0,,보통,40.0
2026-04-29 12:00:00,19.2,,39.0,,좋음,30.0
2026-04-29 13:00:00,19.9,,34.0,,보통,35.0
2026-04-29 14:00:00,21.0,,28.0,,보통,38.0
2026-04-29 15:00:00,21.2,,26.0,,보통,33.0
2026-04-29 16:00:00,21.0,,29.0,,좋음,23.0
2026-04-29 17:00:00,20.9,,27.0,,좋음,28.0
2026-04-29 18:00:00,18.7,,33.0,,좋음,30.0
2026-04-29 19:00:00,16.5,,33.0,,보통,32.0
2026-04-29 20:00:00,15.3,,36.0,,좋음,29.0
2026-04-29 21:00:00,14.6,,41.0,,보통,31.0
2026-04-29 22:00:00,14.1,,42.0,,좋음,30.0
2026-04-29 23:00:00,13.6,,45.0,,보통,31.0
2026-04-30 00:00:00,13.3,,49.0,,보통,32.0
2026-04-30 01:00:00,13.0,,52.0,,보통,31.0
2026-04-30 02:00:00,12.6,,53.0,,좋음,30.0
2026-04-30 03:00:00,12.0,,55.0,,보통,33.0
2026-04-30 04:00:00,12.0,,56.0,,좋음,30.0
2026-04-30 05:00:00,11.5,,57.0,,보통,31.0
2026-04-30 06:00:00,11.1,,57.0,,보통,38.0
2026-04-30 07:00:00,11.1,,60.0,,보통,45.0
2026-04-30 08:00:00,14.0,,52.0,,보통,48.0
2026-04-30 09:00:00,16.7,,42.0,,보통,52.0
2026-04-30 10:00:00,18.8,,36.0,,보통,53.0
2026-04-30 11:00:00,21.2,,28.0,,보통,52.0
2026-04-30 12:00:00,21.9,,29.0,,보통,46.0
2026-04-30 13:00:00,23.0,,27.0,,보통,37.0
2026-04-30 14:00:00,23.3,,26.0,,보통,37.0
2026-04-30 15:00:00,24.2,,25.0,,보통,47.0
2026-04-30 16:00:00,22.9,,28.0,,보통,44.0
2026-04-30 17:00:00,21.9,,28.0,,보통,34.0
2026-04-30 18:00:00,20.7,,27.0,,좋음,27.0
2026-04-30 19:00:00,18.3,,32.0,,좋음,25.0
2026-04-30 20:00:00,17.2,,31.0,,좋음,22.0
2026-04-30 21:00:00,16.8,,32.0,,좋음,23.0
2026-04-30 22:00:00,16.4,,35.0,,좋음,22.0
2026-04-30 23:00:00,16.1,,36.0,,좋음,21.0
2026-05-01 00:00:00,15.8,,37.0,,좋음,19.0
2026-05-01 01:00:00,15.6,,38.0,,좋음,19.0
2026-05-01 02:00:00,15.0,,45.0,,좋음,23.0
2026-05-01 03:00:00,14.7,0.0,45.0,,좋음,23.0
2026-05-01 04:00:00,14.3,0.0,43.0,,좋음,20.0
2026-05-01 05:00:00,13.9,,50.0,,좋음,24.0
2026-05-01 06:00:00,13.6,,52.0,,좋음,29.0
2026-05-01 07:00:00,13.6,,57.0,,보통,31.0
2026-05-01 08:00:00,14.1,,51.0,,보통,35.0
2026-05-01 09:00:00,15.9,,41.0,,보통,35.0
2026-05-01 10:00:00,18.4,,32.0,,좋음,23.0
2026-05-01 11:00:00,19.5,,30.0,,좋음,26.0
2026-05-01 12:00:00,21.8,,31.0,,좋음,30.0
2026-05-01 13:00:00,22.7,,34.0,,보통,35.0
2026-05-01 14:00:00,22.9,,37.0,,보통,38.0
2026-05-01 15:00:00,23.8,,34.0,,보통,33.0
2026-05-01 16:00:00,24.1,,34.0,,보통,48.0
2026-05-01 17:00:00,23.8,,32.0,,보통,51.0
2026-05-01 18:00:00,21.3,,35.0,,보통,51.0
2026-05-01 19:00:00,18.8,,40.0,,보통,38.0
2026-05-01 20:00:00,17.9,,43.0,,보통,39.0
2026-05-01 21:00:00,16.5,,50.0,,보통,42.0
2026-05-01 22:00:00,15.8,,55.0,,보통,46.0
2026-05-01 23:00:00,15.2,,59.0,,보통,56.0
2026-05-02 00:00:00,14.6,,60.0,,보통,69.0
2026-05-02 01:00:00,14.2,,64.0,,보통,65.0
2026-05-02 02:00:00,14.0,,67.0,,보통,63.0
2026-05-02 03:00:00,13.8,,68.0,,보통,68.0
2026-05-02 04:00:00,13.4,,72.0,,보통,69.0
2026-05-02 05:00:00,13.1,,75.0,,보통,70.0
2026-05-02 06:00:00,12.8,,76.0,,보통,76.0
2026-05-02 07:00:00,13.6,,74.0,,나쁨,82.0
2026-05-02 08:00:00,15.1,,71.0,,나쁨,81.0
2026-05-02 09:00:00,16.9,,65.0,,보통,75.0
2026-05-02 10:00:00,17.6,,63.0,,보통,79.0
2026-05-02 11:00:00,19.4,,60.0,,보통,78.0
2026-05-02 12:00:00,20.3,,56.0,,보통,79.0
2026-05-02 13:00:00,21.0,,54.0,,나쁨,85.0
2026-05-02 14:00:00,22.1,,52.0,,나쁨,86.0
2026-05-02 15:00:00,21.9,,54.0,,보통,77.0
2026-05-02 16:00:00,20.6,0.0,61.0,,보통,68.0
2026-05-02 17:00:00,20.3,,61.0,,보통,64.0
2026-05-02 18:00:00,19.7,,60.0,,보통,57.0
2026-05-02 19:00:00,17.9,,61.0,,보통,58.0
2026-05-02 20:00:00,17.5,,63.0,,보통,63.0
2026-05-02 21:00:00,17.2,0.0,62.0,,보통,57.0
2026-05-02 22:00:00,16.9,0.1,64.0,,보통,57.0
2026-05-02 23:00:00,16.0,0.2,74.0,,보통,57.0
2026-05-03 00:00:00,15.5,0.5,80.0,,보통,54.0
2026-05-03 01:00:00,14.9,0.3,82.0,,보통,49.0
2026-05-03 02:00:00,14.1,1.0,83.0,,보통,38.0
2026-05-03 03:00:00,13.6,1.3,87.0,,좋음,22.0
2026-05-03 04:00:00,13.1,2.4,89.0,,보통,33.0
2026-05-03 05:00:00,12.8,1.6,90.0,,좋음,30.0
2026-05-03 06:00:00,12.6,1.1,90.0,,좋음,21.0
2026-05-03 07:00:00,12.6,1.0,89.0,,좋음,17.0
2026-05-03 08:00:00,12.6,0.3,90.0,,좋음,17.0
2026-05-03 09:00:00,12.9,0.2,89.0,,좋음,18.0
2026-05-03 10:00:00,13.1,0.1,87.0,,좋음,19.0
2026-05-03 11:00:00,13.4,0.1,86.0,,좋음,22.0
2026-05-03 12:00:00,13.4,0.0,86.0,,좋음,18.0
2026-05-03 13:00:00,13.5,0.3,87.0,,좋음,15.0
2026-05-03 14:00:00,14.0,0.1,85.0,,좋음,15.0
2026-05-03 15:00:00,14.4,0.0,83.0,,좋음,12.0
2026-05-03 16:00:00,14.8,0.0,78.0,,좋음,13.0
2026-05-03 17:00:00,14.5,0.0,79.0,,좋음,17.0
2026-05-03 18:00:00,13.1,0.0,84.0,,좋음,17.0
2026-05-03 19:00:00,12.8,0.0,85.0,,좋음,21.0
2026-05-03 20:00:00,12.0,0.2,89.0,,좋음,23.0
2026-05-03 21:00:00,12.1,0.0,88.0,,좋음,25.0
2026-05-03 22:00:00,12.2,0.5,89.0,,좋음,30.0
2026-05-03 23:00:00,11.8,1.0,92.0,,좋음,25.0
2026-05-04 00:00:00,11.7,3.3,93.0,,좋음,16.0
2026-05-04 01:00:00,10.6,1.8,88.0,,좋음,10.0
2026-05-04 02:00:00,9.8,0.0,86.0,,좋음,7.0
2026-05-04 03:00:00,9.6,,79.0,,좋음,10.0
2026-05-04 04:00:00,9.2,,78.0,,좋음,10.0
2026-05-04 05:00:00,8.7,,80.0,,좋음,11.0
2026-05-04 06:00:00,8.3,,83.0,,좋음,12.0
2026-05-04 07:00:00,8.6,,82.0,,좋음,19.0
2026-05-04 08:00:00,10.7,,75.0,,좋음,23.0
2026-05-04 09:00:00,12.7,,69.0,,좋음,20.0
2026-05-04 10:00:00,14.6,,56.0,,좋음,20.0
2026-05-04 11:00:00,17.4,,46.0,,좋음,29.0
2026-05-04 12:00:00,17.3,,37.0,,좋음,28.0
2026-05-04 13:00:00,18.4,,35.0,,보통,33.0
2026-05-04 14:00:00,19.1,,30.0,,좋음,29.0
2026-05-04 15:00:00,19.1,,28.0,,좋음,29.0
2026-05-04 16:00:00,19.5,,35.0,,좋음,25.0
2026-05-04 17:00:00,19.2,,32.0,,보통,31.0
2026-05-04 18:00:00,18.1,,33.0,,좋음,29.0
2026-05-04 19:00:00,16.5,,38.0,,좋음,26.0
2026-05-04 20:00:00,14.9,,42.0,,보통,36.0
2026-05-04 21:00:00,13.7,,51.0,,보통,34.0
2026-05-04 22:00:00,12.7,,58.0,,보통,33.0
2026-05-04 23:00:00,11.9,,63.0,,보통,36.0
2026-05-05 00:00:00,11.1,,69.0,,보통,35.0
2026-05-05 01:00:00,10.6,,71.0,,보통,33.0
2026-05-05 02:00:00,10.0,,71.0,,보통,31.0
2026-05-05 03:00:00,9.8,,75.0,,보통,34.0
2026-05-05 04:00:00,9.3,,78.0,,보통,34.0
2026-05-05 05:00:00,8.7,,83.0,,보통,36.0
2026-05-05 06:00:00,8.4,,83.0,,보통,36.0
2026-05-05 07:00:00,8.9,,83.0,,보통,40.0
2026-05-05 08:00:00,11.7,,73.0,,보통,43.0
2026-05-05 09:00:00,13.8,,65.0,,보통,42.0
2026-05-05 10:00:00,15.7,,49.0,,보통,38.0
2026-05-05 11:00:00,17.6,,40.0,,좋음,29.0
2026-05-05 12:00:00,18.7,,34.0,,좋음,29.0
2026-05-05 13:00:00,19.6,,28.0,,좋음,30.0
2026-05-05 14:00:00,19.9,,24.0,,좋음,24.0
2026-05-05 15:00:00,20.6,,29.0,,좋음,17.0
2026-05-05 16:00:00,20.8,,31.0,,좋음,23.0
2026-05-05 17:00:00,20.1,,30.0,,좋음,23.0
2026-05-05 18:00:00,19.0,,28.0,,좋음,22.0
2026-05-05 19:00:00,16.9,,31.0,,좋음,14.0
2026-05-05 20:00:00,15.2,,34.0,,좋음,20.0
2026-05-05 21:00:00,13.8,,41.0,,좋음,16.0
2026-05-05 22:00:00,12.8,,43.0,,좋음,18.0
2026-05-05 23:00:00,12.0,,50.0,,좋음,25.0
2026-05-06 00:00:00,11.8,,43.0,,좋음,26.0
2026-05-06 01:00:00,11.3,,49.0,,좋음,23.0
2026-05-06 02:00:00,10.5,,56.0,,좋음,21.0
2026-05-06 03:00:00,10.0,,57.0,,좋음,20.0
2026-05-06 04:00:00,9.5,,63.0,,좋음,19.0
2026-05-06 05:00:00,9.3,,65.0,,좋음,20.0
2026-05-06 06:00:00,9.3,,65.0,,좋음,30.0
2026-05-06 07:00:00,10.5,,65.0,,좋음,26.0
2026-05-06 08:00:00,12.9,,56.0,,좋음,29.0
2026-05-06 09:00:00,15.7,,50.0,,좋음,29.0
2026-05-06 10:00:00,17.8,,51.0,,좋음,29.0
2026-05-06 11:00:00,20.0,,51.0,,좋음,28.0
2026-05-06 12:00:00,21.2,,45.0,,좋음,30.0
2026-05-06 13:00:00,23.1,,40.0,,보통,32.0
2026-05-06 14:00:00,23.1,,36.0,,보통,32.0
2026-05-06 15:00:00,23.7,,39.0,,좋음,24.0
2026-05-06 16:00:00,22.9,,36.0,,좋음,29.0
2026-05-06 17:00:00,22.1,,37.0,,보통,37.0
2026-05-06 18:00:00,21.3,,37.0,,좋음,25.0
2026-05-06 19:00:00,19.6,,41.0,,좋음,27.0
2026-05-06 20:00:00,18.4,,45.0,,좋음,26.0
2026-05-06 21:00:00,17.4,,47.0,,좋음,26.0
2026-05-06 22:00:00,16.6,,51.0,,보통,35.0
2026-05-06 23:00:00,16.4,,55.0,,보통,32.0
2026-05-07 00:00:00,16.2,,53.0,,좋음,28.0
2026-05-07 01:00:00,15.8,,55.0,,좋음,25.0
2026-05-07 02:00:00,15.1,,54.0,,좋음,20.0
2026-05-07 03:00:00,14.6,,57.0,,좋음,18.0
2026-05-07 04:00:00,14.1,,58.0,,좋음,23.0
2026-05-07 05:00:00,13.5,,63.0,,좋음,26.0
2026-05-07 06:00:00,13.1,,62.0,,좋음,30.0
2026-05-07 07:00:00,13.7,,64.0,,좋음,29.0
2026-05-07 08:00:00,15.9,,58.0,,좋음,30.0
2026-05-07 09:00:00,17.1,,57.0,,보통,31.0
2026-05-07 10:00:00,18.2,,56.0,,좋음,29.0
2026-05-07 11:00:00,20.0,,55.0,,보통,32.0
2026-05-07 12:00:00,19.9,,56.0,,보통,34.0
2026-05-07 13:00:00,19.0,,60.0,,보통,32.0
2026-05-07 14:00:00,17.8,,65.0,,,
2026-05-07 15:00:00,17.0,0.0,71.0,,,
2026-05-07 16:00:00,15.3,0.5,85.0,,좋음,12.0
2026-05-07 17:00:00,15.0,2.0,90.0,,좋음,23.0
2026-05-07 18:00:00,14.5,0.2,89.0,,좋음,15.0
2026-05-07 19:00:00,14.0,,89.0,,좋음,11.0
2026-05-07 20:00:00,13.8,,88.0,,좋음,11.0
2026-05-07 21:00:00,13.7,,87.0,,좋음,16.0
2026-05-07 22:00:00,13.6,,88.0,,좋음,18.0
2026-05-07 23:00:00,13.6,,89.0,,좋음,23.0
2026-05-08 00:00:00,13.3,,88.0,,좋음,30.0
2026-05-08 01:00:00,12.8,,87.0,,보통,32.0
2026-05-08 02:00:00,11.9,,84.0,,좋음,29.0
2026-05-08 03:00:00,11.4,,83.0,,좋음,25.0
2026-05-08 04:00:00,10.9,,79.0,,좋음,23.0
2026-05-08 05:00:00,10.2,,80.0,,좋음,19.0
2026-05-08 06:00:00,10.0,,81.0,,좋음,22.0
2026-05-08 07:00:00,10.2,,77.0,,좋음,25.0
2026-05-08 08:00:00,12.2,,70.0,,좋음,19.0
2026-05-08 09:00:00,14.1,,56.0,,좋음,18.0
2026-05-08 10:00:00,15.9,,44.0,,좋음,19.0
2026-05-08 11:00:00,17.4,,37.0,,좋음,23.0
2026-05-08 12:00:00,17.6,,34.0,,좋음,27.0
2026-05-08 13:00:00,19.3,,27.0,,좋음,30.0
2026-05-08 14:00:00,20.2,,23.0,,좋음,30.0
2026-05-08 15:00:00,19.8,,26.0,,좋음,21.0
2026-05-08 16:00:00,19.0,,26.0,,좋음,20.0
2026-05-08 17:00:00,19.5,,28.0,,좋음,24.0
2026-05-08 18:00:00,19.4,,30.0,,좋음,19.0
2026-05-08 19:00:00,17.9,,34.0,,좋음,23.0
2026-05-08 20:00:00,16.6,,39.0,,좋음,22.0
2026-05-08 21:00:00,15.9,,44.0,,좋음,28.0
2026-05-08 22:00:00,14.9,,47.0,,좋음,23.0
2026-05-08 23:00:00,14.1,,48.0,,좋음,30.0
2026-05-09 00:00:00,13.3,,53.0,,좋음,30.0
2026-05-09 01:00:00,12.8,,57.0,,보통,32.0
2026-05-09 02:00:00,12.4,,57.0,,좋음,25.0
2026-05-09 03:00:00,11.9,,54.0,,좋음,23.0
2026-05-09 04:00:00,10.8,,59.0,,좋음,28.0
2026-05-09 05:00:00,10.3,,62.0,,좋음,28.0
2026-05-09 06:00:00,9.8,,64.0,,보통,35.0
2026-05-09 07:00:00,10.7,,65.0,,보통,39.0
2026-05-09 08:00:00,13.3,,59.0,,보통,40.0
2026-05-09 09:00:00,16.2,,44.0,,보통,35.0
2026-05-09 10:00:00,18.0,,33.0,,보통,32.0
2026-05-09 11:00:00,19.7,,30.0,,좋음,29.0
2026-05-09 12:00:00,21.0,,26.0,,좋음,30.0
2026-05-09 13:00:00,22.4,,25.0,,좋음,23.0
2026-05-09 14:00:00,22.3,,26.0,,좋음,19.0
2026-05-09 15:00:00,21.9,,26.0,,좋음,16.0
2026-05-09 16:00:00,20.4,,24.0,,좋음,20.0
2026-05-09 17:00:00,19.8,,25.0,,좋음,22.0
2026-05-09 18:00:00,19.0,,28.0,,좋음,15.0
2026-05-09 19:00:00,18.2,,30.0,,좋음,12.0
2026-05-09 20:00:00,16.4,,38.0,,좋음,20.0
2026-05-09 21:00:00,15.1,,39.0,,좋음,18.0
2026-05-09 22:00:00,14.3,,39.0,,좋음,19.0
2026-05-09 23:00:00,13.3,,40.0,,좋음,22.0
2026-05-10 00:00:00,12.4,,43.0,,좋음,25.0
2026-05-10 01:00:00,12.1,,45.0,,좋음,27.0
2026-05-10 02:00:00,11.5,,50.0,,좋음,23.0
2026-05-10 03:00:00,11.2,,50.0,,좋음,20.0
2026-05-10 04:00:00,10.7,,53.0,,좋음,20.0
2026-05-10 05:00:00,10.3,,55.0,,좋음,19.0
2026-05-10 06:00:00,10.2,,59.0,,좋음,22.0
2026-05-10 07:00:00,11.1,,59.0,,좋음,26.0
2026-05-10 08:00:00,13.9,,52.0,,좋음,28.0
2026-05-10 09:00:00,16.6,,44.0,,좋음,24.0
2026-05-10 10:00:00,19.2,,37.0,,보통,32.0
2026-05-10 11:00:00,21.0,,34.0,,좋음,28.0
2026-05-10 12:00:00,22.3,,32.0,,좋음,27.0
2026-05-10 13:00:00,23.5,,26.0,,좋음,27.0
2026-05-10 14:00:00,24.2,,19.0,,좋음,19.0
2026-05-10 15:00:00,24.1,,17.0,,좋음,22.0
2026-05-10 16:00:00,23.8,,17.0,,좋음,17.0
2026-05-10 17:00:00,23.3,,21.0,,좋음,26.0
2026-05-10 18:00:00,21.6,,25.0,,보통,75.0
2026-05-10 19:00:00,19.8,,27.0,,좋음,22.0
2026-05-10 20:00:00,17.9,,29.0,,좋음,21.0
2026-05-10 21:00:00,16.4,,38.0,,좋음,16.0
2026-05-10 22:00:00,15.2,,49.0,,좋음,17.0
2026-05-10 23:00:00,14.6,,53.0,,좋음,17.0
2026-05-11 00:00:00,14.7,,62.0,,좋음,23.0
2026-05-11 01:00:00,14.4,,68.0,,좋음,23.0
2026-05-11 02:00:00,14.0,,71.0,,좋음,24.0
2026-05-11 03:00:00,13.8,,68.0,,좋음,22.0
2026-05-11 04:00:00,13.3,,73.0,,좋음,21.0
2026-05-11 05:00:00,13.0,,71.0,,좋음,24.0
2026-05-11 06:00:00,13.6,,69.0,,좋음,24.0
2026-05-11 07:00:00,14.5,,67.0,,좋음,28.0
2026-05-11 08:00:00,15.4,,66.0,,보통,31.0
2026-05-11 09:00:00,15.8,,67.0,,보통,35.0
2026-05-11 10:00:00,16.7,0.0,68.0,,보통,35.0
2026-05-11 11:00:00,18.2,,65.0,,보통,39.0
2026-05-11 12:00:00,19.1,,62.0,,보통,36.0
2026-05-11 13:00:00,20.8,,61.0,,보통,39.0
2026-05-11 14:00:00,20.7,0.0,64.0,,보통,37.0
2026-05-11 15:00:00,20.5,0.0,67.0,,좋음,29.0
2026-05-11 16:00:00,18.7,0.5,81.0,,좋음,29.0
2026-05-11 17:00:00,18.6,0.4,79.0,,좋음,26.0
2026-05-11 18:00:00,18.2,,78.0,,좋음,17.0
2026-05-11 19:00:00,18.0,,78.0,,좋음,18.0
2026-05-11 20:00:00,17.9,0.0,79.0,,좋음,23.0
2026-05-11 21:00:00,17.6,,81.0,,좋음,24.0
2026-05-11 22:00:00,17.2,,79.0,,좋음,20.0
2026-05-11 23:00:00,16.8,,80.0,,좋음,24.0
2026-05-12 00:00:00,16.1,,83.0,,좋음,28.0
2026-05-12 01:00:00,15.7,,85.0,,좋음,25.0
2026-05-12 02:00:00,16.1,,85.0,,좋음,26.0
2026-05-12 03:00:00,16.0,4.9,92.0,,좋음,26.0
2026-05-12 04:00:00,15.4,12.7,94.0,,좋음,19.0
2026-05-12 05:00:00,15.4,0.0,94.0,,좋음,19.0
2026-05-12 06:00:00,15.5,0.5,93.0,,좋음,21.0
2026-05-12 07:00:00,15.7,,94.0,,좋음,20.0
2026-05-12 08:00:00,15.9,,92.0,,좋음,26.0
2026-05-12 09:00:00,17.1,,90.0,,보통,31.0
2026-05-12 10:00:00,18.2,,83.0,,보통,40.0
2026-05-12 11:00:00,19.1,,76.0,,보통,52.0
2026-05-12 12:00:00,20.8,,70.0,,보통,36.0
2026-05-12 13:00:00,22.3,,64.0,,좋음,26.0
2026-05-12 14:00:00,22.8,,60.0,,보통,35.0
2026-05-12 15:00:00,23.9,,55.0,,보통,37.0
2026-05-12 16:00:00,24.5,,52.0,,좋음,24.0
2026-05-12 17:00:00,24.3,,49.0,,좋음,29.0
2026-05-12 18:00:00,23.6,,50.0,,좋음,22.0
2026-05-12 19:00:00,21.8,,56.0,,좋음,29.0
2026-05-12 20:00:00,20.4,,61.0,,좋음,22.0
2026-05-12 21:00:00,19.3,,68.0,,좋음,24.0
2026-05-12 22:00:00,18.0,,67.0,,좋음,19.0
2026-05-12 23:00:00,17.3,,70.0,,좋음,19.0
2026-05-13 00:00:00,16.6,,75.0,,좋음,16.0
2026-05-13 01:00:00,16.1,,78.0,,좋음,17.0
2026-05-13 02:00:00,15.4,,78.0,,좋음,12.0
2026-05-13 03:00:00,14.7,,80.0,,좋음,16.0
2026-05-13 04:00:00,14.1,,84.0,,좋음,21.0
2026-05-13 05:00:00,13.7,,86.0,,좋음,20.0
2026-05-13 06:00:00,13.4,,87.0,,좋음,27.0
2026-05-13 07:00:00,14.2,,88.0,,보통,36.0
2026-05-13 08:00:00,16.2,,80.0,,보통,36.0
2026-05-13 09:00:00,19.1,,66.0,,보통,40.0
2026-05-13 10:00:00,21.2,,59.0,,보통,38.0
2026-05-13 11:00:00,23.3,,52.0,,좋음,24.0
2026-05-13 12:00:00,24.2,,49.0,,좋음,24.0
2026-05-13 13:00:00,24.6,,43.0,,좋음,30.0
2026-05-13 14:00:00,25.7,,45.0,,보통,45.0
2026-05-13 15:00:00,25.6,,46.0,,좋음,30.0
2026-05-13 16:00:00,23.7,,52.0,,좋음,19.0
2026-05-13 17:00:00,23.5,,52.0,,좋음,30.0
2026-05-13 18:00:00,22.9,,51.0,,좋음,24.0
2026-05-13 19:00:00,21.5,,56.0,,좋음,20.0
2026-05-13 20:00:00,20.6,,54.0,,좋음,19.0
2026-05-13 21:00:00,19.9,,60.0,,좋음,25.0
2026-05-13 22:00:00,19.3,0.0,66.0,,좋음,29.0
2026-05-13 23:00:00,18.5,,71.0,,좋음,26.0
2026-05-14 00:00:00,17.9,,73.0,,좋음,18.0
2026-05-14 01:00:00,17.0,,75.0,,좋음,14.0
2026-05-14 02:00:00,16.3,,76.0,,좋음,16.0
2026-05-14 03:00:00,15.8,,78.0,,좋음,14.0
2026-05-14 04:00:00,15.4,,81.0,,좋음,18.0
2026-05-14 05:00:00,15.3,,79.0,,좋음,19.0
2026-05-14 06:00:00,15.3,,80.0,,좋음,23.0
2026-05-14 07:00:00,15.8,,79.0,,좋음,27.0
2026-05-14 08:00:00,19.1,,69.0,,좋음,30.0
2026-05-14 09:00:00,21.9,,57.0,,보통,34.0
2026-05-14 10:00:00,24.1,,48.0,,보통,43.0
2026-05-14 11:00:00,26.2,,45.0,,보통,44.0
2026-05-14 12:00:00,27.9,,38.0,,보통,40.0
2026-05-14 13:00:00,29.2,,33.0,,보통,45.0
2026-05-14 14:00:00,30.3,,32.0,,보통,36.0
2026-05-14 15:00:00,31.0,,29.0,,좋음,30.0
2026-05-14 16:00:00,31.3,,29.0,,보통,37.0
2026-05-14 17:00:00,30.2,,28.0,,보통,35.0
2026-05-14 18:00:00,28.9,,39.0,,보통,48.0
2026-05-14 19:00:00,27.1,,46.0,,보통,61.0
2026-05-14 20:00:00,25.6,,51.0,,보통,49.0
2026-05-14 21:00:00,24.5,,52.0,,보통,58.0
2026-05-14 22:00:00,23.8,,55.0,,보통,56.0
2026-05-14 23:00:00,23.1,,56.0,,보통,59.0
2026-05-15 00:00:00,22.3,,59.0,,보통,58.0
2026-05-15 01:00:00,21.7,,60.0,,보통,59.0
2026-05-15 02:00:00,21.6,,58.0,,보통,59.0
2026-05-15 03:00:00,20.6,,66.0,,보통,55.0
2026-05-15 04:00:00,19.6,,67.0,,보통,67.0
2026-05-15 05:00:00,18.9,,70.0,,보통,67.0
2026-05-15 06:00:00,18.3,,71.0,,보통,64.0
2026-05-15 07:00:00,18.7,,72.0,,보통,73.0
2026-05-15 08:00:00,21.2,,67.0,,보통,72.0
2026-05-15 09:00:00,23.5,,55.0,,보통,57.0
2026-05-15 10:00:00,24.9,,46.0,,보통,34.0
2026-05-15 11:00:00,26.8,,41.0,,보통,36.0
2026-05-15 12:00:00,28.2,,37.0,,보통,38.0
2026-05-15 13:00:00,29.1,,36.0,,보통,49.0
2026-05-15 14:00:00,30.6,,37.0,,보통,46.0
2026-05-15 15:00:00,30.9,,30.0,,보통,43.0
2026-05-15 16:00:00,29.9,,40.0,,,
2026-05-15 17:00:00,28.8,,44.0,,,
2026-05-15 18:00:00,27.8,,46.0,,보통,33.0
2026-05-15 19:00:00,25.9,,47.0,,보통,35.0
2026-05-15 20:00:00,24.2,,49.0,,좋음,30.0
2026-05-15 21:00:00,23.1,,53.0,,보통,33.0
2026-05-15 22:00:00,22.2,,58.0,,보통,33.0
2026-05-15 23:00:00,21.6,,61.0,,보통,40.0
2026-05-16 00:00:00,21.0,,63.0,,보통,40.0
2026-05-16 01:00:00,20.2,,65.0,,보통,34.0
2026-05-16 02:00:00,19.7,,69.0,,보통,41.0
2026-05-16 03:00:00,19.1,,71.0,,보통,38.0
2026-05-16 04:00:00,18.4,,72.0,,보통,39.0
2026-05-16 05:00:00,17.9,,73.0,,보통,34.0
2026-05-16 06:00:00,17.6,,78.0,,보통,33.0
2026-05-16 07:00:00,18.2,,76.0,,보통,38.0
2026-05-16 08:00:00,21.0,,68.0,,보통,40.0
2026-05-16 09:00:00,23.4,,62.0,,보통,40.0
2026-05-16 10:00:00,25.2,,54.0,,보통,44.0
2026-05-16 11:00:00,26.5,,45.0,,보통,43.0
2026-05-16 12:00:00,27.7,,40.0,,보통,44.0
2026-05-16 13:00:00,29.0,,32.0,,보통,49.0
2026-05-16 14:00:00,29.1,,34.0,,보통,45.0
2026-05-16 15:00:00,29.6,,30.0,,보통,32.0
2026-05-16 16:00:00,29.5,,29.0,,보통,33.0
2026-05-16 17:00:00,28.4,,32.0,,좋음,28.0
2026-05-16 18:00:00,26.9,,33.0,,좋음,22.0
2026-05-16 19:00:00,25.0,,35.0,,좋음,24.0
2026-05-16 20:00:00,22.8,,41.0,,보통,31.0
2026-05-16 21:00:00,21.5,,43.0,,좋음,22.0
2026-05-16 22:00:00,21.1,,43.0,,좋음,28.0
2026-05-16 23:00:00,20.1,,49.0,,좋음,30.0
2026-05-17 00:00:00,19.3,,55.0,,보통,39.0
2026-05-17 01:00:00,18.4,,58.0,,보통,39.0
2026-05-17 02:00:00,17.8,,60.0,,보통,40.0
2026-05-17 03:00:00,17.5,,61.0,,보통,41.0
2026-05-17 04:00:00,17.1,,64.0,,보통,33.0
2026-05-17 05:00:00,16.5,,66.0,,보통,31.0
2026-05-17 06:00:00,16.2,,68.0,,보통,35.0
2026-05-17 07:00:00,17.5,,69.0,,보통,37.0
2026-05-17 08:00:00,19.9,,63.0,,보통,33.0
2026-05-17 09:00:00,22.2,,56.0,,좋음,30.0
2026-05-17 10:00:00,24.0,,46.0,,보통,40.0
2026-05-17 11:00:00,25.8,,40.0,,보통,40.0
2026-05-17 12:00:00,26.6,,36.0,,보통,35.0
2026-05-17 13:00:00,27.9,,32.0,,보통,32.0
2026-05-17 14:00:00,28.3,,30.0,,좋음,28.0
2026-05-17 15:00:00,29.1,,30.0,,좋음,26.0
2026-05-17 16:00:00,28.8,,29.0,,보통,32.0
2026-05-17 17:00:00,28.4,,30.0,,좋음,30.0
2026-05-17 18:00:00,27.1,,31.0,,보통,32.0
2026-05-17 19:00:00,25.0,,33.0,,좋음,26.0
2026-05-17 20:00:00,22.8,,38.0,,좋음,30.0
2026-05-17 21:00:00,21.6,,40.0,,좋음,28.0
2026-05-17 22:00:00,20.6,,44.0,,좋음,25.0
2026-05-17 23:00:00,19.3,,48.0,,좋음,23.0
2026-05-18 00:00:00,18.7,,53.0,,좋음,27.0
2026-05-18 01:00:00,18.1,,55.0,,보통,31.0
2026-05-18 02:00:00,17.4,,57.0,,좋음,30.0
2026-05-18 03:00:00,16.5,,59.0,,좋음,29.0
2026-05-18 04:00:00,16.9,,59.0,,좋음,27.0
2026-05-18 05:00:00,16.3,,61.0,,좋음,26.0
2026-05-18 06:00:00,15.8,,63.0,,좋음,29.0
2026-05-18 07:00:00,16.8,,63.0,,보통,35.0
2026-05-18 08:00:00,20.5,,52.0,,보통,34.0
2026-05-18 09:00:00,23.3,,44.0,,보통,38.0
2026-05-18 10:00:00,25.7,,37.0,,보통,33.0
2026-05-18 11:00:00,27.5,,35.0,,좋음,28.0
2026-05-18 12:00:00,28.7,,28.0,,보통,34.0
2026-05-18 13:00:00,29.7,,25.0,,좋음,30.0
2026-05-18 14:00:00,29.7,,23.0,,보통,37.0
2026-05-18 15:00:00,29.6,,22.0,,좋음,23.0
2026-05-18 16:00:00,29.2,,24.0,,좋음,29.0
2026-05-18 17:00:00,28.3,,27.0,,좋음,30.0
2026-05-18 18:00:00,26.7,,30.0,,좋음,25.0
2026-05-18 19:00:00,24.7,,36.0,,좋음,23.0
2026-05-18 20:00:00,23.2,,40.0,,좋음,28.0
2026-05-18 21:00:00,22.3,,40.0,,좋음,30.0
2026-05-18 22:00:00,21.8,,42.0,,좋음,30.0
2026-05-18 23:00:00,21.4,,43.0,,좋음,27.0
2026-05-19 00:00:00,21.1,,45.0,,보통,32.0
2026-05-19 01:00:00,20.8,,47.0,,보통,38.0
2026-05-19 02:00:00,20.6,,49.0,,보통,31.0
2026-05-19 03:00:00,20.6,,51.0,,보통,36.0
2026-05-19 04:00:00,20.5,,52.0,,보통,36.0
2026-05-19 05:00:00,20.4,,54.0,,보통,34.0
2026-05-19 06:00:00,20.1,,58.0,,보통,43.0
2026-05-19 07:00:00,19.9,,57.0,,보통,45.0
2026-05-19 08:00:00,20.8,,56.0,,보통,44.0
2026-05-19 09:00:00,21.7,,53.0,,보통,50.0
2026-05-19 10:00:00,23.4,,49.0,,보통,47.0
2026-05-19 11:00:00,24.3,,42.0,,보통,45.0
2026-05-19 12:00:00,25.1,,40.0,,보통,53.0
2026-05-19 13:00:00,25.0,,38.0,,보통,55.0
2026-05-19 14:00:00,24.4,,43.0,,보통,51.0
2026-05-19 15:00:00,23.5,,49.0,,보통,57.0
2026-05-19 16:00:00,23.7,,52.0,,보통,54.0
2026-05-19 17:00:00,23.1,,55.0,,보통,62.0
2026-05-19 18:00:00,22.6,,59.0,,보통,67.0
2026-05-19 19:00:00,21.9,,57.0,,보통,60.0
2026-05-19 20:00:00,21.8,,58.0,,보통,58.0
2026-05-19 21:00:00,21.4,,56.0,,보통,61.0
2026-05-19 22:00:00,21.4,,56.0,,보통,59.0
2026-05-19 23:00:00,21.4,0.0,55.0,,보통,55.0
2026-05-20 00:00:00,21.8,,55.0,,보통,51.0
2026-05-20 01:00:00,21.4,0.0,54.0,,보통,44.0
2026-05-20 02:00:00,21.2,0.0,56.0,,보통,38.0
2026-05-20 03:00:00,21.0,0.0,54.0,,보통,37.0
2026-05-20 04:00:00,20.7,0.0,54.0,,보통,34.0
2026-05-20 05:00:00,20.6,,53.0,,보통,38.0
2026-05-20 06:00:00,20.2,0.1,60.0,,보통,44.0
2026-05-20 07:00:00,18.1,1.2,74.0,,보통,43.0
2026-05-20 08:00:00,17.1,1.2,82.0,,보통,40.0
2026-05-20 09:00:00,17.1,0.4,84.0,,보통,35.0
2026-05-20 10:00:00,16.7,1.1,86.0,,보통,40.0
2026-05-20 11:00:00,16.3,1.8,88.0,,보통,37.0
2026-05-20 12:00:00,15.9,2.6,90.0,,보통,36.0
2026-05-20 13:00:00,15.6,3.4,93.0,,좋음,30.0
2026-05-20 14:00:00,15.8,4.3,95.0,,좋음,25.0
2026-05-20 15:00:00,15.9,3.2,95.0,,좋음,23.0
2026-05-20 16:00:00,15.8,5.7,95.0,,좋음,20.0
2026-05-20 17:00:00,15.7,4.8,96.0,,좋음,17.0
2026-05-20 18:00:00,15.5,5.7,96.0,,좋음,15.0
2026-05-20 19:00:00,15.4,4.5,97.0,,좋음,12.0
2026-05-20 20:00:00,15.3,6.0,97.0,,좋음,13.0
2026-05-20 21:00:00,15.1,6.0,97.0,,좋음,5.0
2026-05-20 22:00:00,15.0,7.1,98.0,,좋음,8.0
2026-05-20 23:00:00,14.9,1.5,97.0,,좋음,5.0
2026-05-21 00:00:00,14.8,2.5,98.0,,좋음,7.0
2026-05-21 01:00:00,14.7,1.5,98.0,,좋음,5.0
2026-05-21 02:00:00,14.7,1.3,98.0,,좋음,5.0
2026-05-21 03:00:00,14.7,4.1,98.0,,좋음,5.0
2026-05-21 04:00:00,14.7,5.8,98.0,,좋음,5.0
2026-05-21 05:00:00,14.8,0.3,97.0,,좋음,5.0
2026-05-21 06:00:00,15.0,0.1,97.0,,좋음,7.0
2026-05-21 07:00:00,15.2,0.0,97.0,,좋음,8.0
2026-05-21 08:00:00,15.5,0.0,95.0,,좋음,9.0
2026-05-21 09:00:00,15.9,0.3,95.0,,좋음,11.0
2026-05-21 10:00:00,16.2,0.1,96.0,,좋음,9.0
2026-05-21 11:00:00,16.7,0.3,97.0,,좋음,9.0
2026-05-21 12:00:00,17.4,0.0,87.0,,좋음,11.0
2026-05-21 13:00:00,17.2,0.0,88.0,,좋음,15.0
2026-05-21 14:00:00,17.6,0.2,87.0,,좋음,22.0
2026-05-21 15:00:00,18.5,0.0,84.0,,좋음,22.0
2026-05-21 16:00:00,20.0,,76.0,,좋음,18.0
2026-05-21 17:00:00,20.1,,71.0,,좋음,25.0
2026-05-21 18:00:00,19.7,,66.0,,보통,55.0
2026-05-21 19:00:00,19.2,,63.0,,보통,34.0
2026-05-21 20:00:00,18.6,,65.0,,좋음,21.0
2026-05-21 21:00:00,18.4,,65.0,,보통,38.0
2026-05-21 22:00:00,18.1,,65.0,,좋음,16.0
2026-05-21 23:00:00,17.4,,67.0,,좋음,12.0
2026-05-22 00:00:00,16.4,,73.0,,좋음,11.0
2026-05-22 01:00:00,15.8,,73.0,,좋음,6.0
2026-05-22 02:00:00,15.4,,74.0,,좋음,5.0
2026-05-22 03:00:00,15.1,,76.0,,좋음,7.0
2026-05-22 04:00:00,15.5,,74.0,,좋음,5.0
2026-05-22 05:00:00,15.3,,74.0,,좋음,5.0
2026-05-22 06:00:00,15.1,,74.0,,좋음,13.0
2026-05-22 07:00:00,16.0,,72.0,,좋음,20.0
2026-05-22 08:00:00,17.9,,64.0,,좋음,26.0
2026-05-22 09:00:00,19.5,,55.0,,좋음,23.0
2026-05-22 10:00:00,21.5,,50.0,,좋음,24.0
2026-05-22 11:00:00,22.8,,43.0,,좋음,25.0
2026-05-22 12:00:00,23.7,,41.0,,좋음,29.0
2026-05-22 13:00:00,24.8,,40.0,,좋음,25.0
2026-05-22 14:00:00,25.9,,38.0,,보통,33.0
2026-05-22 15:00:00,26.4,,34.0,,,
2026-05-22 16:00:00,26.7,,33.0,,,
2026-05-22 17:00:00,26.8,,32.0,,,
2026-05-22 18:00:00,25.6,,30.0,,좋음,28.0
2026-05-22 19:00:00,24.0,,30.0,,좋음,29.0
2026-05-22 20:00:00,22.3,,31.0,,보통,37.0
2026-05-22 21:00:00,21.1,,33.0,,보통,36.0
2026-05-22 22:00:00,20.2,,38.0,,좋음,28.0
2026-05-22 23:00:00,19.4,,43.0,,좋음,27.0
2026-05-23 00:00:00,18.6,,46.0,,보통,33.0
2026-05-23 01:00:00,18.3,,48.0,,보통,32.0
2026-05-23 02:00:00,17.4,,52.0,,좋음,21.0
2026-05-23 03:00:00,17.1,,52.0,,좋음,25.0
2026-05-23 04:00:00,16.9,,58.0,,좋음,23.0
2026-05-23 05:00:00,16.6,,62.0,,좋음,22.0
2026-05-23 06:00:00,16.1,,63.0,,좋음,23.0
2026-05-23 07:00:00,16.3,,66.0,,좋음,27.0
2026-05-23 08:00:00,16.7,,62.0,,좋음,24.0
2026-05-23 09:00:00,16.4,0.0,64.0,,좋음,25.0
2026-05-23 10:00:00,17.2,0.0,62.0,,좋음,30.0
2026-05-23 11:00:00,18.9,,58.0,,좋음,30.0
2026-05-23 12:00:00,19.5,,56.0,,좋음,26.0
2026-05-23 13:00:00,21.1,,52.0,,좋음,25.0
2026-05-23 14:00:00,22.6,,48.0,,좋음,26.0
2026-05-23 15:00:00,23.7,,44.0,,좋음,26.0
2026-05-23 16:00:00,24.1,,41.0,,,
2026-05-23 17:00:00,24.6,,39.0,,좋음,28.0
2026-05-23 18:00:00,24.2,,41.0,,좋음,29.0
2026-05-23 19:00:00,22.6,,53.0,,보통,36.0
2026-05-23 20:00:00,20.5,,65.0,,보통,49.0
2026-05-23 21:00:00,19.5,,67.0,,보통,41.0
2026-05-23 22:00:00,18.5,,70.0,,보통,36.0
2026-05-23 23:00:00,17.9,,69.0,,보통,31.0
2026-05-24 00:00:00,17.2,,68.0,,좋음,30.0
2026-05-24 01:00:00,16.7,,72.0,,좋음,30.0
2026-05-24 02:00:00,16.4,,75.0,,보통,34.0
2026-05-24 03:00:00,15.8,,75.0,,좋음,27.0
2026-05-24 04:00:00,15.3,,80.0,,좋음,28.0
2026-05-24 05:00:00,15.1,,80.0,,좋음,27.0
2026-05-24 06:00:00,14.8,,81.0,,보통,31.0
2026-05-24 07:00:00,15.8,,80.0,,좋음,28.0
2026-05-24 08:00:00,18.2,,72.0,,보통,35.0
2026-05-24 09:00:00,20.5,,62.0,,좋음,28.0
2026-05-24 10:00:00,22.7,,54.0,,좋음,30.0
2026-05-24 11:00:00,24.2,,52.0,,보통,32.0
2026-05-24 12:00:00,25.5,,46.0,,좋음,27.0
2026-05-24 13:00:00,26.5,,45.0,,좋음,28.0
2026-05-24 14:00:00,27.5,,43.0,,보통,31.0
2026-05-24 15:00:00,28.5,,42.0,,좋음,29.0
2026-05-24 16:00:00,28.9,,43.0,,보통,32.0
2026-05-24 17:00:00,28.9,,44.0,,보통,31.0
2026-05-24 18:00:00,28.0,,44.0,,보통,33.0
2026-05-24 19:00:00,26.4,,47.0,,보통,35.0
2026-05-24 20:00:00,24.7,,57.0,,보통,32.0
2026-05-24 21:00:00,23.2,,63.0,,보통,45.0
2026-05-24 22:00:00,22.2,,66.0,,보통,39.0
2026-05-24 23:00:00,21.3,,70.0,,보통,40.0
2026-05-25 00:00:00,20.6,,75.0,,보통,42.0
2026-05-25 01:00:00,19.9,,75.0,,보통,37.0
2026-05-25 02:00:00,19.3,,79.0,,보통,43.0
2026-05-25 03:00:00,18.8,,78.0,,보통,43.0
2026-05-25 04:00:00,18.6,,80.0,,보통,41.0
2026-05-25 05:00:00,18.1,,81.0,,보통,38.0
2026-05-25 06:00:00,18.1,,83.0,,보통,39.0
2026-05-25 07:00:00,19.2,,78.0,,보통,42.0
2026-05-25 08:00:00,21.5,,70.0,,보통,46.0
2026-05-25 09:00:00,23.8,,63.0,,보통,47.0
2026-05-25 10:00:00,25.7,,59.0,,보통,46.0
2026-05-25 11:00:00,27.0,,55.0,,보통,37.0
2026-05-25 12:00:00,27.6,,52.0,,좋음,28.0
2026-05-25 13:00:00,28.5,,53.0,,보통,34.0
2026-05-25 14:00:00,29.3,,47.0,,보통,32.0
2026-05-25 15:00:00,29.6,,46.0,,좋음,29.0
2026-05-25 16:00:00,29.7,,46.0,,보통,31.0
2026-05-25 17:00:00,29.4,,45.0,,보통,33.0
2026-05-25 18:00:00,28.8,,49.0,,보통,33.0
2026-05-25 19:00:00,27.1,,55.0,,좋음,27.0
2026-05-25 20:00:00,25.9,,59.0,,보통,32.0
2026-05-25 21:00:00,24.9,,69.0,,보통,40.0
2026-05-25 22:00:00,24.3,,67.0,,좋음,30.0
2026-05-25 23:00:00,23.7,,69.0,,좋음,29.0
2026-05-26 00:00:00,23.5,,69.0,,좋음,30.0
2026-05-26 01:00:00,23.0,,73.0,,좋음,26.0
2026-05-26 02:00:00,22.6,,73.0,,좋음,27.0
2026-05-26 03:00:00,22.4,,73.0,,,
2026-05-26 04:00:00,22.2,,75.0,,좋음,28.0
2026-05-26 05:00:00,22.2,,74.0,,좋음,28.0
2026-05-26 06:00:00,21.8,,77.0,,보통,33.0
2026-05-26 07:00:00,22.4,,77.0,,보통,43.0
2026-05-26 08:00:00,23.7,,72.0,,보통,40.0
2026-05-26 09:00:00,24.8,,67.0,,보통,43.0
2026-05-26 10:00:00,26.3,,63.0,,보통,48.0
2026-05-26 11:00:00,27.7,,60.0,,보통,45.0
2026-05-26 12:00:00,28.7,,54.0,,보통,41.0
2026-05-26 13:00:00,28.9,,56.0,,보통,41.0
2026-05-26 14:00:00,28.6,,57.0,,보통,43.0
2026-05-26 15:00:00,28.2,,58.0,,보통,45.0
2026-05-26 16:00:00,27.6,0.0,62.0,,보통,36.0
2026-05-26 17:00:00,27.0,0.0,67.0,,보통,39.0
2026-05-26 18:00:00,26.6,0.0,69.0,,보통,36.0
2026-05-26 19:00:00,25.4,0.0,74.0,,보통,33.0
2026-05-26 20:00:00,24.6,0.1,78.0,,좋음,30.0
2026-05-26 21:00:00,24.1,0.0,78.0,,보통,36.0
2026-05-26 22:00:00,22.9,0.3,83.0,,보통,33.0
2026-05-26 23:00:00,22.6,0.2,89.0,,좋음,23.0
2026-05-27 00:00:00,22.6,,89.0,,보통,31.0
2026-05-27 01:00:00,22.4,,87.0,,좋음,26.0
2026-05-27 02:00:00,22.3,,82.0,,좋음,26.0
2026-05-27 03:00:00,22.3,,78.0,,보통,31.0
2026-05-27 04:00:00,22.2,,79.0,,보통,31.0
2026-05-27 05:00:00,21.5,0.4,79.0,,좋음,27.0
2026-05-27 06:00:00,21.2,0.0,80.0,,보통,32.0
2026-05-27 07:00:00,21.1,0.1,79.0,,좋음,28.0
2026-05-27 08:00:00,20.6,0.2,86.0,,보통,32.0
2026-05-27 09:00:00,21.3,0.0,79.0,,좋음,30.0
2026-05-27 10:00:00,22.0,,73.0,,보통,36.0
2026-05-27 11:00:00,22.9,,70.0,,보통,34.0
2026-05-27 12:00:00,24.1,,67.0,,보통,37.0
2026-05-27 13:00:00,25.0,,66.0,,보통,39.0
2026-05-27 14:00:00,25.1,,66.0,,보통,37.0
2026-05-27 15:00:00,24.7,,68.0,,좋음,25.0
2026-05-27 16:00:00,24.4,,70.0,,좋음,28.0
2026-05-27 17:00:00,23.9,0.0,73.0,,좋음,16.0
2026-05-27 18:00:00,23.4,0.0,75.0,,좋음,23.0
2026-05-27 19:00:00,22.4,0.2,82.0,,좋음,15.0
2026-05-27 20:00:00,21.5,0.0,87.0,,좋음,24.0
2026-05-27 21:00:00,21.1,0.7,89.0,,좋음,21.0
2026-05-27 22:00:00,20.8,0.6,91.0,,보통,36.0
2026-05-27 23:00:00,20.5,0.3,92.0,,보통,34.0
2026-05-28 00:00:00,20.1,0.0,91.0,,좋음,21.0
2026-05-28 01:00:00,19.9,0.2,93.0,,좋음,19.0
2026-05-28 02:00:00,19.6,0.8,93.0,,좋음,15.0
2026-05-28 03:00:00,19.6,1.0,93.0,,좋음,11.0
2026-05-28 04:00:00,19.7,1.0,92.0,,좋음,5.0
2026-05-28 05:00:00,19.1,0.2,93.0,,좋음,7.0
2026-05-28 06:00:00,18.8,0.0,92.0,,좋음,5.0
2026-05-28 07:00:00,19.0,,91.0,,좋음,5.0
2026-05-28 08:00:00,19.0,,91.0,,좋음,7.0
2026-05-28 09:00:00,19.1,0.2,94.0,,,
2026-05-28 10:00:00,19.7,0.1,91.0,,,
2026-05-28 11:00:00,20.7,0.0,89.0,,좋음,27.0
2026-05-28 12:00:00,21.8,,85.0,,보통,40.0
2026-05-28 13:00:00,23.5,,79.0,,보통,33.0
2026-05-28 14:00:00,25.3,,68.0,,보통,31.0
2026-05-28 15:00:00,26.2,,58.0,,좋음,25.0
2026-05-28 16:00:00,26.2,,62.0,,좋음,21.0
2026-05-28 17:00:00,24.7,,67.0,,좋음,18.0
2026-05-28 18:00:00,24.4,,67.0,,좋음,12.0
2026-05-28 19:00:00,22.7,,69.0,,좋음,14.0
2026-05-28 20:00:00,21.4,,74.0,,좋음,19.0
2026-05-28 21:00:00,19.7,,77.0,,좋음,17.0
2026-05-28 22:00:00,18.7,,80.0,,좋음,24.0
2026-05-28 23:00:00,17.8,,83.0,,보통,36.0
2026-05-29 00:00:00,17.6,,85.0,,보통,39.0
2026-05-29 01:00:00,17.4,,87.0,,보통,44.0
2026-05-29 02:00:00,17.3,,88.0,,보통,51.0
2026-05-29 03:00:00,17.0,,88.0,,보통,57.0
2026-05-29 04:00:00,16.8,,89.0,,보통,67.0
2026-05-29 05:00:00,16.6,,90.0,,보통,62.0
2026-05-29 06:00:00,16.6,,89.0,,보통,64.0
2026-05-29 07:00:00,17.3,,91.0,,보통,71.0
2026-05-29 08:00:00,19.2,,83.0,,보통,77.0
2026-05-29 09:00:00,21.4,,71.0,,보통,68.0
2026-05-29 10:00:00,22.8,,64.0,,보통,74.0
2026-05-29 11:00:00,24.0,,56.0,,보통,63.0
2026-05-29 12:00:00,25.3,,45.0,,보통,40.0
2026-05-29 13:00:00,25.9,,40.0,,보통,39.0
2026-05-29 14:00:00,26.3,,49.0,,보통,41.0
2026-05-29 15:00:00,26.7,,47.0,,보통,42.0
2026-05-29 16:00:00,26.6,,37.0,,보통,31.0
2026-05-29 17:00:00,26.4,,35.0,,좋음,29.0
2026-05-29 18:00:00,25.8,,36.0,,좋음,20.0
2026-05-29 19:00:00,23.9,,40.0,,좋음,27.0
2026-05-29 20:00:00,22.5,,49.0,,보통,34.0
2026-05-29 21:00:00,20.9,,57.0,,보통,36.0
2026-05-29 22:00:00,20.1,,62.0,,보통,36.0
2026-05-29 23:00:00,19.4,,65.0,,보통,38.0
2026-05-30 00:00:00,18.5,,69.0,,보통,37.0
2026-05-30 01:00:00,17.8,,73.0,,보통,41.0
2026-05-30 02:00:00,17.2,,74.0,,보통,39.0
2026-05-30 03:00:00,16.7,,76.0,,보통,39.0
2026-05-30 04:00:00,16.2,,77.0,,보통,41.0
2026-05-30 05:00:00,16.0,,81.0,,보통,40.0
2026-05-30 06:00:00,16.0,,81.0,,보통,44.0
2026-05-30 07:00:00,17.1,,78.0,,보통,48.0
2026-05-30 08:00:00,19.5,,70.0,,보통,48.0
2026-05-30 09:00:00,21.5,,65.0,,보통,54.0
2026-05-30 10:00:00,23.3,,59.0,,보통,49.0
2026-05-30 11:00:00,25.0,,53.0,,보통,46.0
2026-05-30 12:00:00,26.3,,49.0,,보통,51.0
2026-05-30 13:00:00,27.6,,46.0,,보통,47.0
2026-05-30 14:00:00,28.3,,41.0,,보통,47.0
2026-05-30 15:00:00,28.9,,42.0,,보통,37.0
2026-05-30 16:00:00,28.2,,39.0,,보통,39.0
2026-05-30 17:00:00,27.7,,43.0,,보통,40.0
2026-05-30 18:00:00,27.1,,42.0,,좋음,30.0
2026-05-30 19:00:00,25.7,,44.0,,보통,36.0
2026-05-30 20:00:00,24.3,,51.0,,보통,36.0
2026-05-30 21:00:00,22.9,,55.0,,보통,39.0
2026-05-30 22:00:00,21.9,,59.0,,보통,34.0
2026-05-30 23:00:00,21.4,,60.0,,보통,39.0
2026-05-31 00:00:00,20.5,,64.0,,보통,36.0
2026-05-31 01:00:00,19.9,,67.0,,보통,39.0
2026-05-31 02:00:00,19.3,,70.0,,보통,37.0
2026-05-31 03:00:00,18.7,,72.0,,보통,37.0
2026-05-31 04:00:00,18.4,,72.0,,보통,44.0
2026-05-31 05:00:00,17.7,,75.0,,보통,37.0
2026-05-31 06:00:00,17.6,,76.0,,보통,34.0
2026-05-31 07:00:00,19.0,,73.0,,보통,36.0
2026-05-31 08:00:00,21.7,,66.0,,보통,36.0
2026-05-31 09:00:00,23.9,,55.0,,보통,41.0
2026-05-31 10:00:00,25.7,,46.0,,보통,42.0
2026-05-31 11:00:00,27.5,,38.0,,보통,39.0
2026-05-31 12:00:00,29.1,,34.0,,보통,32.0
2026-05-31 13:00:00,29.7,,26.0,,보통,31.0
2026-05-31 14:00:00,30.2,,24.0,,좋음,28.0
2026-05-31 15:00:00,30.7,,21.0,,좋음,16.0
2026-05-31 16:00:00,30.4,,28.0,,좋음,17.0
2026-05-31 17:00:00,29.7,,23.0,,좋음,13.0
2026-05-31 18:00:00,29.1,,24.0,,좋음,17.0
2026-05-31 19:00:00,27.3,,24.0,,좋음,18.0
2026-05-31 20:00:00,25.3,,28.0,,좋음,20.0
2026-05-31 21:00:00,24.0,,31.0,,좋음,19.0
2026-05-31 22:00:00,22.7,,39.0,,좋음,25.0
2026-05-31 23:00:00,21.6,,41.0,,좋음,26.0
2026-06-01 00:00:00,21.1,,43.0,,좋음,29.0
2026-06-01 01:00:00,20.3,,45.0,,좋음,24.0
2026-06-01 02:00:00,19.9,,46.0,,좋음,22.0
2026-06-01 03:00:00,19.5,,47.0,,좋음,25.0
2026-06-01 04:00:00,18.7,,51.0,,좋음,21.0
2026-06-01 05:00:00,18.7,,51.0,,좋음,22.0
2026-06-01 06:00:00,18.4,,53.0,,좋음,26.0
2026-06-01 07:00:00,18.6,,57.0,,좋음,24.0
2026-06-01 08:00:00,20.4,,56.0,,보통,32.0
2026-06-01 09:00:00,22.5,,50.0,,좋음,29.0
2026-06-01 10:00:00,25.2,,42.0,,보통,37.0
2026-06-01 11:00:00,27.1,,34.0,,보통,35.0
2026-06-01 12:00:00,27.9,,35.0,,보통,38.0
2026-06-01 13:00:00,28.7,,33.0,,보통,37.0
2026-06-01 14:00:00,28.2,,38.0,,보통,44.0
2026-06-01 15:00:00,27.6,,38.0,,보통,34.0
2026-06-01 16:00:00,26.3,,42.0,,보통,32.0
2026-06-01 17:00:00,25.8,,39.0,,보통,35.0
2026-06-01 18:00:00,25.1,,41.0,,좋음,27.0
2026-06-01 19:00:00,24.9,,38.0,,좋음,30.0
2026-06-01 20:00:00,23.9,,41.0,,좋음,29.0
2026-06-01 21:00:00,22.1,,48.0,,좋음,29.0
2026-06-01 22:00:00,21.4,,53.0,,보통,32.0
2026-06-01 23:00:00,20.4,,51.0,,보통,33.0
2026-06-02 00:00:00,19.7,,51.0,,보통,34.0
2026-06-02 01:00:00,19.4,,52.0,,좋음,29.0
2026-06-02 02:00:00,19.0,,54.0,,보통,35.0
2026-06-02 03:00:00,18.6,,57.0,,좋음,29.0
2026-06-02 04:00:00,18.2,,59.0,,좋음,30.0
2026-06-02 05:00:00,17.9,,61.0,,보통,36.0
2026-06-02 06:00:00,17.7,,64.0,,보통,38.0
2026-06-02 07:00:00,19.2,,65.0,,보통,42.0
2026-06-02 08:00:00,22.1,,56.0,,보통,44.0
2026-06-02 09:00:00,24.6,,52.0,,보통,42.0
2026-06-02 10:00:00,26.6,,48.0,,보통,52.0
2026-06-02 11:00:00,28.3,,46.0,,보통,47.0
2026-06-02 12:00:00,29.8,,46.0,,보통,42.0
2026-06-02 13:00:00,30.8,,41.0,,보통,53.0
2026-06-02 14:00:00,31.1,,40.0,,보통,50.0
2026-06-02 15:00:00,30.8,,42.0,,보통,45.0
2026-06-02 16:00:00,30.9,,39.0,,보통,53.0
2026-06-02 17:00:00,31.3,,41.0,,보통,52.0
2026-06-02 18:00:00,30.9,,44.0,,보통,50.0
2026-06-02 19:00:00,29.5,,47.0,,보통,59.0
2026-06-02 20:00:00,27.8,,51.0,,보통,43.0
2026-06-02 21:00:00,26.8,,54.0,,보통,45.0
2026-06-02 22:00:00,26.0,,59.0,,보통,45.0
2026-06-02 23:00:00,24.9,,64.0,,보통,48.0
2026-06-03 00:00:00,24.1,,65.0,,보통,46.0
2026-06-03 01:00:00,23.4,,68.0,,보통,40.0
2026-06-03 02:00:00,22.9,,70.0,,보통,42.0
2026-06-03 03:00:00,22.4,,74.0,,보통,44.0
2026-06-03 04:00:00,22.0,,75.0,,보통,53.0
2026-06-03 05:00:00,21.3,,75.0,,보통,50.0
2026-06-03 06:00:00,20.8,,75.0,,보통,49.0
2026-06-03 07:00:00,21.4,,67.0,,보통,47.0
2026-06-03 08:00:00,23.8,,67.0,,보통,52.0
2026-06-03 09:00:00,25.3,,55.0,,보통,57.0
2026-06-03 10:00:00,27.1,,49.0,,보통,53.0
2026-06-03 11:00:00,28.4,,43.0,,보통,52.0
2026-06-03 12:00:00,30.1,,43.0,,보통,55.0
2026-06-03 13:00:00,30.4,,42.0,,보통,50.0
2026-06-03 14:00:00,30.7,,43.0,,보통,51.0
2026-06-03 15:00:00,30.1,,43.0,,보통,54.0
2026-06-03 16:00:00,29.8,,50.0,,보통,51.0
2026-06-03 17:00:00,29.1,,53.0,,보통,51.0
2026-06-03 18:00:00,27.7,,53.0,,보통,51.0
2026-06-03 19:00:00,26.5,,57.0,,보통,40.0
2026-06-03 20:00:00,25.3,,62.0,,보통,39.0
2026-06-03 21:00:00,24.6,,65.0,,보통,41.0
2026-06-03 22:00:00,24.0,,65.0,,보통,40.0
2026-06-03 23:00:00,23.5,,66.0,,보통,37.0
2026-06-04 00:00:00,23.2,,64.0,,보통,33.0
2026-06-04 01:00:00,22.9,,66.0,,좋음,29.0
2026-06-04 02:00:00,22.8,,67.0,,보통,34.0
2026-06-04 03:00:00,22.9,,68.0,,보통,39.0
2026-06-04 04:00:00,22.8,,69.0,,보통,37.0
2026-06-04 05:00:00,22.9,,70.0,,보통,42.0
2026-06-04 06:00:00,22.8,,70.0,,보통,44.0
2026-06-04 07:00:00,23.3,,71.0,,보통,45.0
2026-06-04 08:00:00,24.3,,70.0,,보통,49.0
2026-06-04 09:00:00,25.9,,64.0,,보통,50.0
2026-06-04 10:00:00,26.8,,60.0,,보통,50.0
2026-06-04 11:00:00,27.5,,58.0,,보통,56.0
2026-06-04 12:00:00,27.4,,60.0,,,
2026-06-04 13:00:00,28.4,,58.0,,,
2026-06-04 14:00:00,26.6,1.7,67.0,,,
2026-06-04 15:00:00,26.5,0.1,66.0,,보통,62.0
2026-06-04 16:00:00,25.1,,64.0,,보통,61.0
2026-06-04 17:00:00,23.8,,71.0,,보통,44.0
2026-06-04 18:00:00,22.6,0.0,77.0,,좋음,24.0
2026-06-04 19:00:00,20.9,0.7,86.0,,좋음,25.0
2026-06-04 20:00:00,20.6,0.4,90.0,,좋음,28.0
2026-06-04 21:00:00,20.7,0.0,87.0,,좋음,29.0
2026-06-04 22:00:00,20.8,,85.0,,좋음,26.0
2026-06-04 23:00:00,20.2,0.0,85.0,,좋음,25.0
2026-06-05 00:00:00,20.1,,84.0,,좋음,18.0
2026-06-05 01:00:00,19.7,,86.0,,좋음,15.0
2026-06-05 02:00:00,19.3,,87.0,,좋음,10.0
2026-06-05 03:00:00,19.1,,85.0,,좋음,11.0
2026-06-05 04:00:00,18.6,,81.0,,좋음,13.0
2026-06-05 05:00:00,18.2,,82.0,,좋음,10.0
2026-06-05 06:00:00,18.0,,82.0,,좋음,15.0
2026-06-05 07:00:00,17.5,,78.0,,좋음,16.0
2026-06-05 08:00:00,18.3,,72.0,,좋음,15.0
2026-06-05 09:00:00,18.9,,69.0,,좋음,13.0
2026-06-05 10:00:00,19.4,,69.0,,좋음,16.0
2026-06-05 11:00:00,20.8,,62.0,,좋음,15.0
2026-06-05 12:00:00,21.8,,58.0,,좋음,12.0
2026-06-05 13:00:00,22.4,,53.0,,좋음,15.0
2026-06-05 14:00:00,23.8,,44.0,,좋음,25.0
2026-06-05 15:00:00,24.5,,44.0,,좋음,16.0
2026-06-05 16:00:00,25.2,,43.0,,좋음,13.0
2026-06-05 17:00:00,24.6,,44.0,,좋음,21.0
2026-06-05 18:00:00,24.2,,47.0,,좋음,19.0
2026-06-05 19:00:00,22.7,,52.0,,좋음,21.0
2026-06-05 20:00:00,21.5,,57.0,,좋음,26.0
2026-06-05 21:00:00,20.4,,60.0,,좋음,25.0
2026-06-05 22:00:00,19.7,,63.0,,좋음,26.0
2026-06-05 23:00:00,19.0,,66.0,,좋음,24.0
2026-06-06 00:00:00,18.2,,69.0,,좋음,26.0
2026-06-06 01:00:00,17.8,,72.0,,좋음,23.0
2026-06-06 02:00:00,17.2,,76.0,,좋음,22.0
2026-06-06 03:00:00,16.7,,78.0,,좋음,21.0
2026-06-06 04:00:00,16.4,,80.0,,좋음,22.0
2026-06-06 05:00:00,16.0,,85.0,,좋음,24.0
2026-06-06 06:00:00,15.7,,86.0,,좋음,27.0
2026-06-06 07:00:00,16.9,,81.0,,좋음,30.0
2026-06-06 08:00:00,19.2,,73.0,,좋음,30.0
2026-06-06 09:00:00,21.0,,64.0,,보통,33.0
2026-06-06 10:00:00,22.6,,57.0,,좋음,30.0
2026-06-06 11:00:00,24.2,,50.0,,좋음,27.0
2026-06-06 12:00:00,25.4,,39.0,,좋음,23.0
2026-06-06 13:00:00,26.9,,36.0,,좋음,27.0
2026-06-06 14:00:00,27.3,,33.0,,좋음,21.0
2026-06-06 15:00:00,27.0,,32.0,,좋음,17.0
2026-06-06 16:00:00,27.3,,32.0,,좋음,19.0
2026-06-06 17:00:00,27.1,,32.0,,좋음,21.0
2026-06-06 18:00:00,26.2,,34.0,,좋음,19.0
2026-06-06 19:00:00,25.0,,41.0,,좋음,26.0
2026-06-06 20:00:00,24.0,,46.0,,좋음,24.0
2026-06-06 21:00:00,23.4,0.0,43.0,,좋음,22.0
2026-06-06 22:00:00,23.3,0.0,44.0,,좋음,22.0
2026-06-06 23:00:00,22.7,0.0,46.0,,좋음,17.0
2026-06-07 00:00:00,22.7,,46.0,,좋음,20.0
2026-06-07 01:00:00,22.4,,48.0,,좋음,16.0
2026-06-07 02:00:00,22.3,,47.0,,좋음,18.0
2026-06-07 03:00:00,22.0,,48.0,,좋음,18.0
2026-06-07 04:00:00,21.5,,46.0,,좋음,15.0
2026-06-07 05:00:00,21.1,,49.0,,좋음,15.0
2026-06-07 06:00:00,20.8,,52.0,,좋음,14.0
2026-06-07 07:00:00,21.1,,53.0,,좋음,15.0
2026-06-07 08:00:00,21.8,,50.0,,좋음,18.0
2026-06-07 09:00:00,22.4,,49.0,,좋음,19.0
2026-06-07 10:00:00,22.3,,53.0,,좋음,18.0
2026-06-07 11:00:00,22.3,,51.0,,좋음,18.0
2026-06-07 12:00:00,22.8,,50.0,,좋음,19.0
2026-06-07 13:00:00,22.7,,49.0,,좋음,20.0
2026-06-07 14:00:00,22.7,0.0,52.0,,좋음,20.0
2026-06-07 15:00:00,22.9,,55.0,,좋음,20.0
2026-06-07 16:00:00,23.4,,55.0,,좋음,19.0
2026-06-07 17:00:00,24.1,,53.0,,좋음,25.0
2026-06-07 18:00:00,24.6,,54.0,,좋음,23.0
2026-06-07 19:00:00,23.7,,56.0,,좋음,25.0
2026-06-07 20:00:00,22.4,,64.0,,좋음,21.0
2026-06-07 21:00:00,21.6,,66.0,,좋음,18.0
2026-06-07 22:00:00,20.8,,67.0,,좋음,20.0
2026-06-07 23:00:00,20.2,,71.0,,좋음,18.0
2026-06-08 00:00:00,19.7,,71.0,,좋음,23.0
2026-06-08 01:00:00,19.7,,72.0,,좋음,20.0
2026-06-08 02:00:00,19.2,,75.0,,좋음,21.0
2026-06-08 03:00:00,18.6,,76.0,,좋음,19.0
2026-06-08 04:00:00,18.2,,78.0,,좋음,19.0
2026-06-08 05:00:00,18.0,,82.0,,좋음,19.0
2026-06-08 06:00:00,17.3,,84.0,,좋음,20.0
2026-06-08 07:00:00,17.0,,84.0,,좋음,19.0
2026-06-08 08:00:00,17.3,,81.0,,좋음,20.0
2026-06-08 09:00:00,17.9,,77.0,,좋음,25.0
2026-06-08 10:00:00,19.6,,73.0,,좋음,23.0
2026-06-08 11:00:00,21.9,,63.0,,좋음,23.0
2026-06-08 12:00:00,23.8,,54.0,,좋음,22.0
2026-06-08 13:00:00,25.5,,46.0,,좋음,19.0
2026-06-08 14:00:00,24.7,,48.0,,좋음,21.0
2026-06-08 15:00:00,25.5,,45.0,,좋음,24.0
2026-06-08 16:00:00,25.9,,39.0,,좋음,27.0
2026-06-08 17:00:00,25.4,,39.0,,보통,31.0
2026-06-08 18:00:00,24.6,,47.0,,좋음,25.0
2026-06-08 19:00:00,24.0,,43.0,,좋음,26.0
2026-06-08 20:00:00,22.5,,55.0,,좋음,26.0
2026-06-08 21:00:00,21.4,,61.0,,좋음,22.0
2026-06-08 22:00:00,20.6,,64.0,,좋음,22.0
2026-06-08 23:00:00,20.3,,61.0,,좋음,19.0
2026-06-09 00:00:00,19.8,,60.0,,좋음,20.0
2026-06-09 01:00:00,19.0,,63.0,,좋음,24.0
2026-06-09 02:00:00,18.1,,64.0,,좋음,26.0
2026-06-09 03:00:00,17.6,,67.0,,좋음,25.0
2026-06-09 04:00:00,16.9,,69.0,,좋음,24.0
2026-06-09 05:00:00,16.4,,70.0,,좋음,25.0
2026-06-09 06:00:00,16.2,,72.0,,좋음,25.0
2026-06-09 07:00:00,17.4,,71.0,,좋음,28.0
2026-06-09 08:00:00,19.9,,64.0,,보통,31.0
2026-06-09 09:00:00,22.0,,58.0,,좋음,26.0
2026-06-09 10:00:00,23.5,,49.0,,좋음,27.0
2026-06-09 11:00:00,25.1,,42.0,,좋음,23.0
2026-06-09 12:00:00,26.3,,36.0,,좋음,18.0
2026-06-09 13:00:00,27.5,,31.0,,좋음,26.0
2026-06-09 14:00:00,26.9,,34.0,,보통,31.0
2026-06-09 15:00:00,27.6,,37.0,,좋음,26.0
2026-06-09 16:00:00,25.9,,37.0,,좋음,23.0
2026-06-09 17:00:00,25.3,,35.0,,좋음,20.0
2026-06-09 18:00:00,24.1,,35.0,,좋음,17.0
2026-06-09 19:00:00,23.1,,39.0,,좋음,16.0
2026-06-09 20:00:00,21.2,0.0,44.0,,좋음,15.0
2026-06-09 21:00:00,19.8,0.1,57.0,,좋음,16.0
2026-06-09 22:00:00,19.7,0.0,55.0,,좋음,19.0
2026-06-09 23:00:00,19.1,,58.0,,좋음,19.0
2026-06-10 00:00:00,18.8,,65.0,,좋음,21.0
2026-06-10 01:00:00,18.6,,75.0,,좋음,18.0
2026-06-10 02:00:00,18.4,,76.0,,좋음,20.0
2026-06-10 03:00:00,18.3,,77.0,,좋음,20.0
2026-06-10 04:00:00,17.9,,81.0,,좋음,19.0
2026-06-10 05:00:00,17.9,0.5,87.0,,좋음,19.0
2026-06-10 06:00:00,18.1,0.1,85.0,,좋음,23.0
2026-06-10 07:00:00,19.1,,81.0,,좋음,27.0
2026-06-10 08:00:00,19.8,,78.0,,좋음,27.0
2026-06-10 09:00:00,20.9,,72.0,,좋음,30.0
2026-06-10 10:00:00,21.6,,68.0,,,
2026-06-10 11:00:00,23.8,,61.0,,,
2026-06-10 12:00:00,24.7,,56.0,,보통,44.0
2026-06-10 13:00:00,26.1,,47.0,,보통,49.0
2026-06-10 14:00:00,26.5,,45.0,,보통,47.0
2026-06-10 15:00:00,26.5,,39.0,,보통,50.0
2026-06-10 16:00:00,26.5,,38.0,,보통,43.0
2026-06-10 17:00:00,26.2,,40.0,,보통,42.0
2026-06-10 18:00:00,24.7,,46.0,,보통,41.0
2026-06-10 19:00:00,23.3,,48.0,,보통,46.0
2026-06-10 20:00:00,21.8,,56.0,,보통,53.0
2026-06-10 21:00:00,20.7,,64.0,,보통,51.0
2026-06-10 22:00:00,19.7,,67.0,,보통,43.0
2026-06-10 23:00:00,19.0,,65.0,,보통,44.0
2026-06-11 00:00:00,18.5,,68.0,,보통,37.0
2026-06-11 01:00:00,18.1,,74.0,,보통,40.0
2026-06-11 02:00:00,17.7,,76.0,,보통,48.0
2026-06-11 03:00:00,17.2,,78.0,,보통,43.0
2026-06-11 04:00:00,16.7,,80.0,,보통,36.0
2026-06-11 05:00:00,16.6,,84.0,,보통,33.0
2026-06-11 06:00:00,16.3,,83.0,,보통,34.0
2026-06-11 07:00:00,17.3,,85.0,,보통,36.0
2026-06-11 08:00:00,18.9,,77.0,,보통,39.0
2026-06-11 09:00:00,21.1,,67.0,,보통,39.0
2026-06-11 10:00:00,22.7,,57.0,,보통,36.0
2026-06-11 11:00:00,23.9,,52.0,,보통,34.0
2026-06-11 12:00:00,25.0,,49.0,,보통,32.0
2026-06-11 13:00:00,25.3,,47.0,,좋음,25.0
2026-06-11 14:00:00,26.1,,45.0,,좋음,22.0
2026-06-11 15:00:00,26.3,,46.0,,좋음,20.0
2026-06-11 16:00:00,25.5,,44.0,,좋음,23.0
2026-06-11 17:00:00,23.8,,45.0,,좋음,19.0
2026-06-11 18:00:00,23.2,,52.0,,좋음,18.0
2026-06-11 19:00:00,22.0,,57.0,,좋음,22.0
2026-06-11 20:00:00,21.0,,63.0,,좋음,25.0
2026-06-11 21:00:00,20.4,,70.0,,좋음,28.0
2026-06-11 22:00:00,19.7,,73.0,,좋음,28.0
2026-06-11 23:00:00,19.1,,75.0,,좋음,23.0
2026-06-12 00:00:00,18.6,,78.0,,좋음,23.0
2026-06-12 01:00:00,18.2,,78.0,,좋음,20.0
2026-06-12 02:00:00,17.8,,81.0,,좋음,23.0
2026-06-12 03:00:00,17.6,,81.0,,좋음,23.0
2026-06-12 04:00:00,17.1,,82.0,,좋음,24.0
2026-06-12 05:00:00,17.0,,85.0,,좋음,25.0
2026-06-12 06:00:00,17.2,,84.0,,좋음,28.0
2026-06-12 07:00:00,17.9,,84.0,,좋음,29.0
2026-06-12 08:00:00,19.8,,76.0,,보통,34.0
2026-06-12 09:00:00,22.1,,65.0,,보통,32.0
2026-06-12 10:00:00,23.6,,54.0,,좋음,29.0
2026-06-12 11:00:00,25.3,,50.0,,좋음,30.0
2026-06-12 12:00:00,26.4,,48.0,,보통,34.0
2026-06-12 13:00:00,26.8,,38.0,,좋음,30.0
2026-06-12 14:00:00,27.5,,39.0,,보통,32.0
2026-06-12 15:00:00,27.1,,38.0,,보통,33.0
2026-06-12 16:00:00,27.2,,38.0,,보통,32.0
2026-06-12 17:00:00,27.0,,36.0,,좋음,27.0
2026-06-12 18:00:00,26.4,,35.0,,좋음,19.0
2026-06-12 19:00:00,24.9,,40.0,,좋음,17.0
2026-06-12 20:00:00,23.3,,44.0,,좋음,22.0
2026-06-12 21:00:00,22.3,,59.0,,좋음,23.0
2026-06-12 22:00:00,21.3,,62.0,,좋음,24.0
2026-06-12 23:00:00,20.6,,65.0,,좋음,25.0
2026-06-13 00:00:00,20.1,,66.0,,좋음,25.0
2026-06-13 01:00:00,19.5,,68.0,,좋음,24.0
2026-06-13 02:00:00,18.6,,71.0,,좋음,27.0
2026-06-13 03:00:00,18.2,,74.0,,좋음,27.0
2026-06-13 04:00:00,17.7,,75.0,,좋음,26.0
2026-06-13 05:00:00,17.1,,75.0,,좋음,27.0
2026-06-13 06:00:00,16.7,,74.0,,좋음,29.0
2026-06-13 07:00:00,18.4,,69.0,,보통,32.0
2026-06-13 08:00:00,21.1,,60.0,,보통,31.0
2026-06-13 09:00:00,23.4,,53.0,,좋음,27.0
2026-06-13 10:00:00,25.0,,42.0,,좋음,29.0
2026-06-13 11:00:00,26.6,,39.0,,좋음,27.0
2026-06-13 12:00:00,28.0,,35.0,,보통,32.0
2026-06-13 13:00:00,29.5,,34.0,,좋음,29.0
2026-06-13 14:00:00,30.7,,29.0,,보통,31.0
2026-06-13 15:00:00,31.6,,30.0,,보통,34.0
2026-06-13 16:00:00,31.5,,32.0,,보통,33.0
2026-06-13 17:00:00,30.8,,33.0,,좋음,28.0
2026-06-13 18:00:00,29.8,,33.0,,좋음,26.0
2026-06-13 19:00:00,27.8,,34.0,,좋음,25.0
2026-06-13 20:00:00,25.4,,42.0,,보통,37.0
2026-06-13 21:00:00,23.8,,52.0,,보통,35.0
2026-06-13 22:00:00,22.9,,57.0,,보통,31.0
2026-06-13 23:00:00,22.1,,60.0,,좋음,29.0
2026-06-14 00:00:00,21.5,,60.0,,좋음,27.0
2026-06-14 01:00:00,21.3,,66.0,,좋음,29.0
2026-06-14 02:00:00,21.2,,68.0,,좋음,30.0
2026-06-14 03:00:00,21.1,,70.0,,좋음,26.0
2026-06-14 04:00:00,20.9,,74.0,,좋음,26.0
2026-06-14 05:00:00,21.0,,77.0,,좋음,22.0
2026-06-14 06:00:00,20.6,,71.0,,좋음,25.0
2026-06-14 07:00:00,21.2,,69.0,,좋음,28.0
2026-06-14 08:00:00,23.0,,64.0,,좋음,26.0
2026-06-14 09:00:00,24.5,,61.0,,좋음,24.0
2026-06-14 10:00:00,26.3,,58.0,,좋음,25.0
2026-06-14 11:00:00,27.9,,51.0,,좋음,25.0
2026-06-14 12:00:00,29.0,,47.0,,좋음,28.0
2026-06-14 13:00:00,30.4,,42.0,,좋음,29.0
2026-06-14 14:00:00,30.9,,40.0,,보통,32.0
2026-06-14 15:00:00,25.0,1.9,64.0,,보통,33.0
2026-06-14 16:00:00,23.9,0.5,72.0,,보통,33.0
2026-06-14 17:00:00,26.4,0.0,62.0,,좋음,30.0
2026-06-14 18:00:00,25.0,,56.0,,보통,35.0
2026-06-14 19:00:00,25.0,,51.0,,보통,42.0
2026-06-14 20:00:00,23.2,,55.0,,보통,33.0
2026-06-14 21:00:00,22.6,,62.0,,보통,35.0
2026-06-14 22:00:00,22.5,,67.0,,보통,34.0
2026-06-14 23:00:00,21.9,,70.0,,좋음,23.0
2026-06-15 00:00:00,21.3,,72.0,,좋음,29.0
2026-06-15 01:00:00,20.7,,72.0,,좋음,28.0
2026-06-15 02:00:00,20.3,,73.0,,좋음,27.0
2026-06-15 03:00:00,20.0,,74.0,,좋음,28.0
2026-06-15 04:00:00,19.5,,75.0,,좋음,29.0
2026-06-15 05:00:00,19.2,,78.0,,보통,32.0
2026-06-15 06:00:00,19.3,,79.0,,보통,35.0
2026-06-15 07:00:00,20.1,,77.0,,보통,47.0
2026-06-15 08:00:00,21.3,,73.0,,보통,52.0
2026-06-15 09:00:00,24.1,,62.0,,보통,48.0
2026-06-15 10:00:00,26.0,,57.0,,보통,45.0
2026-06-15 11:00:00,27.9,,45.0,,보통,41.0
2026-06-15 12:00:00,29.2,,38.0,,보통,33.0
2026-06-15 13:00:00,30.5,,32.0,,보통,32.0
2026-06-15 14:00:00,31.7,,31.0,,보통,34.0
2026-06-15 15:00:00,32.5,,29.0,,보통,38.0
2026-06-15 16:00:00,31.0,,37.0,,보통,38.0
2026-06-15 17:00:00,29.4,,38.0,,보통,45.0
2026-06-15 18:00:00,28.8,,48.0,,보통,47.0
2026-06-15 19:00:00,27.9,,51.0,,보통,45.0
2026-06-15 20:00:00,26.6,,53.0,,보통,50.0
2026-06-15 21:00:00,25.7,,55.0,,보통,50.0
2026-06-15 22:00:00,24.8,,58.0,,보통,42.0
2026-06-15 23:00:00,24.1,,58.0,,보통,44.0
2026-06-16 00:00:00,23.4,,62.0,,보통,48.0
2026-06-16 01:00:00,23.0,,65.0,,보통,50.0
2026-06-16 02:00:00,22.9,,64.0,,보통,55.0
2026-06-16 03:00:00,22.3,,68.0,,보통,47.0
2026-06-16 04:00:00,21.6,,68.0,,보통,41.0
2026-06-16 05:00:00,21.3,,70.0,,보통,44.0
2026-06-16 06:00:00,21.1,,72.0,,보통,48.0
2026-06-16 07:00:00,22.6,,68.0,,보통,53.0
2026-06-16 08:00:00,24.7,,59.0,,보통,54.0
2026-06-16 09:00:00,26.8,,53.0,,보통,39.0
2026-06-16 10:00:00,28.2,,50.0,,보통,38.0
2026-06-16 11:00:00,29.3,,47.0,,보통,39.0
2026-06-16 12:00:00,30.8,,43.0,,보통,41.0
2026-06-16 13:00:00,32.0,,38.0,,보통,44.0
2026-06-16 14:00:00,32.8,,35.0,,보통,41.0
2026-06-16 15:00:00,32.4,,33.0,,보통,38.0
2026-06-16 16:00:00,31.5,,33.0,,보통,43.0
2026-06-16 17:00:00,31.0,,42.0,,보통,37.0
2026-06-16 18:00:00,30.8,,44.0,,보통,57.0
2026-06-16 19:00:00,29.3,,44.0,,보통,56.0
2026-06-16 20:00:00,27.8,,49.0,,보통,57.0
2026-06-16 21:00:00,26.9,,49.0,,보통,48.0
2026-06-16 22:00:00,26.2,,52.0,,보통,56.0
2026-06-16 23:00:00,25.3,,56.0,,보통,58.0
2026-06-17 00:00:00,24.7,,58.0,,보통,58.0
2026-06-17 01:00:00,24.2,,61.0,,보통,55.0
2026-06-17 02:00:00,23.9,,62.0,,보통,57.0
2026-06-17 03:00:00,23.2,,63.0,,보통,61.0
2026-06-17 04:00:00,22.6,,66.0,,보통,62.0
2026-06-17 05:00:00,22.3,,67.0,,보통,58.0
2026-06-17 06:00:00,22.0,,69.0,,보통,60.0
2026-06-17 07:00:00,23.7,,64.0,,보통,60.0
2026-06-17 08:00:00,26.1,,55.0,,보통,48.0
2026-06-17 09:00:00,26.7,,54.0,,보통,35.0
2026-06-17 10:00:00,27.9,,51.0,,보통,40.0
2026-06-17 11:00:00,28.9,,50.0,,보통,39.0
2026-06-17 12:00:00,30.5,,45.0,,보통,38.0
2026-06-17 13:00:00,31.9,,42.0,,보통,42.0
2026-06-17 14:00:00,32.0,,41.0,,보통,41.0
2026-06-17 15:00:00,31.7,0.0,42.0,,보통,33.0
2026-06-17 16:00:00,30.4,0.0,49.0,,보통,48.0
2026-06-17 17:00:00,31.1,,46.0,,보통,55.0
2026-06-17 18:00:00,30.5,,47.0,,보통,56.0
2026-06-17 19:00:00,29.6,,46.0,,보통,48.0
2026-06-17 20:00:00,28.3,,53.0,,보통,36.0
2026-06-17 21:00:00,27.0,,49.0,,보통,35.0
2026-06-17 22:00:00,24.9,,49.0,,좋음,30.0
2026-06-17 23:00:00,24.1,,54.0,,보통,31.0
2026-06-18 00:00:00,23.8,,56.0,,좋음,29.0
2026-06-18 01:00:00,23.6,,60.0,,보통,31.0
2026-06-18 02:00:00,23.4,,62.0,,좋음,29.0
2026-06-18 03:00:00,23.3,,64.0,,좋음,26.0
2026-06-18 04:00:00,23.1,,60.0,,좋음,21.0
2026-06-18 05:00:00,23.1,,60.0,,좋음,22.0
2026-06-18 06:00:00,23.1,,59.0,,좋음,24.0
2026-06-18 07:00:00,23.7,,60.0,,좋음,29.0
2026-06-18 08:00:00,25.4,,60.0,,좋음,27.0
2026-06-18 09:00:00,27.2,,55.0,,좋음,27.0
2026-06-18 10:00:00,28.6,,51.0,,보통,32.0
2026-06-18 11:00:00,30.0,,47.0,,보통,37.0
2026-06-18 12:00:00,31.0,,46.0,,보통,44.0
2026-06-18 13:00:00,31.0,,45.0,,보통,40.0
2026-06-18 14:00:00,32.2,,44.0,,보통,54.0
2026-06-18 15:00:00,30.9,,47.0,,보통,47.0
2026-06-18 16:00:00,31.9,,46.0,,보통,44.0
2026-06-18 17:00:00,31.4,,47.0,,좋음,30.0
2026-06-18 18:00:00,30.7,,48.0,,좋음,28.0
2026-06-18 19:00:00,29.2,,52.0,,좋음,23.0
2026-06-18 20:00:00,27.7,,56.0,,좋음,25.0
2026-06-18 21:00:00,26.8,,59.0,,좋음,25.0
2026-06-18 22:00:00,26.1,,62.0,,좋음,26.0
2026-06-18 23:00:00,25.3,,63.0,,보통,31.0
2026-06-19 00:00:00,24.7,,66.0,,보통,32.0
2026-06-19 01:00:00,24.2,,67.0,,보통,33.0
2026-06-19 02:00:00,23.8,,66.0,,보통,34.0
2026-06-19 03:00:00,23.4,,68.0,,좋음,30.0
2026-06-19 04:00:00,23.0,,71.0,,좋음,29.0
2026-06-19 05:00:00,22.7,,72.0,,좋음,29.0
2026-06-19 06:00:00,22.7,,75.0,,보통,34.0
2026-06-19 07:00:00,24.1,,72.0,,보통,41.0
2026-06-19 08:00:00,26.0,,66.0,,보통,41.0
2026-06-19 09:00:00,28.0,,61.0,,보통,39.0
2026-06-19 10:00:00,29.7,,54.0,,보통,45.0
2026-06-19 11:00:00,31.7,,47.0,,보통,45.0
2026-06-19 12:00:00,32.3,,46.0,,보통,46.0
2026-06-19 13:00:00,32.9,,43.0,,보통,43.0
2026-06-19 14:00:00,33.0,,44.0,,보통,39.0
2026-06-19 15:00:00,33.3,,42.0,,보통,40.0
2026-06-19 16:00:00,31.4,,51.0,,,
2026-06-19 17:00:00,25.6,2.0,74.0,,,
2026-06-19 18:00:00,24.8,0.0,77.0,,좋음,22.0
2026-06-19 19:00:00,24.1,4.4,86.0,,좋음,26.0
2026-06-19 20:00:00,23.9,0.5,88.0,,보통,33.0
2026-06-19 21:00:00,23.7,0.2,89.0,,보통,41.0
2026-06-19 22:00:00,23.5,0.2,89.0,,보통,45.0
2026-06-19 23:00:00,23.3,0.3,89.0,,보통,31.0
2026-06-20 00:00:00,23.0,0.4,90.0,,좋음,28.0
2026-06-20 01:00:00,22.7,0.5,92.0,,좋음,28.0
2026-06-20 02:00:00,22.3,9.8,95.0,,좋음,26.0
2026-06-20 03:00:00,22.0,9.7,96.0,,좋음,18.0
2026-06-20 04:00:00,21.6,7.4,96.0,,좋음,15.0
2026-06-20 05:00:00,21.2,11.9,97.0,,좋음,11.0
2026-06-20 06:00:00,21.1,15.3,97.0,,좋음,9.0
2026-06-20 07:00:00,21.0,5.4,97.0,,좋음,8.0
2026-06-20 08:00:00,20.6,2.9,96.0,,좋음,8.0
2026-06-20 09:00:00,20.8,0.4,95.0,,좋음,9.0
2026-06-20 10:00:00,20.6,0.8,95.0,,좋음,7.0
2026-06-20 11:00:00,20.6,5.1,97.0,,좋음,7.0
2026-06-20 12:00:00,20.9,1.2,96.0,,좋음,6.0
2026-06-20 13:00:00,21.3,0.5,96.0,,좋음,10.0
2026-06-20 14:00:00,21.4,0.3,93.0,,좋음,8.0
2026-06-20 15:00:00,21.7,0.5,94.0,,좋음,10.0
2026-06-20 16:00:00,22.1,0.0,89.0,,좋음,9.0
2026-06-20 17:00:00,22.3,0.0,84.0,,좋음,10.0
2026-06-20 18:00:00,22.0,0.0,85.0,,좋음,12.0
2026-06-20 19:00:00,21.2,0.0,83.0,,좋음,15.0
2026-06-20 20:00:00,21.0,0.0,84.0,,좋음,13.0
2026-06-20 21:00:00,20.9,0.0,81.0,,좋음,14.0
2026-06-20 22:00:00,20.8,,83.0,,좋음,12.0
2026-06-20 23:00:00,20.7,,82.0,,좋음,14.0
2026-06-21 00:00:00,20.6,,80.0,,좋음,15.0
2026-06-21 01:00:00,20.4,,78.0,,좋음,16.0
2026-06-21 02:00:00,20.3,,77.0,,좋음,12.0
2026-06-21 03:00:00,20.0,,72.0,,좋음,13.0
2026-06-21 04:00:00,19.9,,73.0,,좋음,14.0
2026-06-21 05:00:00,19.8,,77.0,,좋음,15.0
2026-06-21 06:00:00,19.8,,76.0,,좋음,17.0
2026-06-21 07:00:00,20.2,,75.0,,좋음,21.0
2026-06-21 08:00:00,20.7,,75.0,,좋음,23.0
2026-06-21 09:00:00,21.6,,70.0,,좋음,18.0
2026-06-21 10:00:00,23.7,,64.0,,좋음,19.0
2026-06-21 11:00:00,24.9,,56.0,,좋음,13.0
2026-06-21 12:00:00,26.3,,54.0,,좋음,13.0
2026-06-21 13:00:00,26.6,,53.0,,좋음,17.0
2026-06-21 14:00:00,27.6,,52.0,,좋음,16.0
2026-06-21 15:00:00,27.4,,53.0,,좋음,17.0
2026-06-21 16:00:00,27.1,,53.0,,좋음,16.0
2026-06-21 17:00:00,27.0,,53.0,,좋음,15.0
2026-06-21 18:00:00,26.4,,56.0,,좋음,12.0
2026-06-21 19:00:00,25.9,,58.0,,좋음,9.0
2026-06-21 20:00:00,25.4,,60.0,,좋음,9.0
2026-06-21 21:00:00,24.8,,67.0,,좋음,14.0
2026-06-21 22:00:00,24.0,,70.0,,좋음,14.0
2026-06-21 23:00:00,23.6,,73.0,,좋음,17.0
2026-06-22 00:00:00,23.2,,75.0,,좋음,18.0
2026-06-22 01:00:00,22.9,,75.0,,좋음,19.0
2026-06-22 02:00:00,22.5,,78.0,,좋음,20.0
2026-06-22 03:00:00,22.2,,77.0,,좋음,23.0
2026-06-22 04:00:00,21.8,,78.0,,좋음,20.0
2026-06-22 05:00:00,21.5,,80.0,,좋음,21.0
2026-06-22 06:00:00,21.3,,79.0,,좋음,26.0
2026-06-22 07:00:00,21.7,,79.0,,보통,32.0
2026-06-22 08:00:00,22.9,,75.0,,좋음,30.0
2026-06-22 09:00:00,24.1,,68.0,,좋음,26.0
2026-06-22 10:00:00,25.1,,66.0,,좋음,25.0
2026-06-22 11:00:00,26.4,,61.0,,좋음,25.0
2026-06-22 12:00:00,27.2,,58.0,,좋음,23.0
2026-06-22 13:00:00,27.4,,55.0,,좋음,25.0
2026-06-22 14:00:00,27.9,,56.0,,좋음,23.0
2026-06-22 15:00:00,27.4,,59.0,,좋음,26.0
2026-06-22 16:00:00,27.0,,61.0,,좋음,26.0
2026-06-22 17:00:00,26.4,0.0,57.0,,보통,34.0
2026-06-22 18:00:00,26.0,,59.0,,좋음,29.0
2026-06-22 19:00:00,25.8,,61.0,,보통,35.0
2026-06-22 20:00:00,25.0,,65.0,,보통,31.0
2026-06-22 21:00:00,24.2,,68.0,,좋음,28.0
2026-06-22 22:00:00,23.8,,70.0,,좋음,30.0
2026-06-22 23:00:00,23.2,,73.0,,좋음,30.0
2026-06-23 00:00:00,22.9,,74.0,,보통,31.0
2026-06-23 01:00:00,22.3,,77.0,,좋음,30.0
2026-06-23 02:00:00,21.7,,77.0,,보통,36.0
2026-06-23 03:00:00,21.3,,83.0,,보통,39.0
2026-06-23 04:00:00,21.3,,83.0,,보통,35.0
2026-06-23 05:00:00,21.1,,82.0,,보통,35.0
2026-06-23 06:00:00,20.9,,80.0,,보통,36.0
2026-06-23 07:00:00,21.5,,77.0,,보통,33.0
2026-06-23 08:00:00,23.1,,70.0,,좋음,30.0
2026-06-23 09:00:00,24.8,,67.0,,좋음,21.0
2026-06-23 10:00:00,26.2,,57.0,,좋음,24.0
2026-06-23 11:00:00,27.3,,49.0,,좋음,23.0
2026-06-23 12:00:00,28.3,,45.0,,좋음,23.0
2026-06-23 13:00:00,29.0,,43.0,,좋음,22.0
2026-06-23 14:00:00,29.5,,38.0,,좋음,17.0
2026-06-23 15:00:00,30.6,,35.0,,좋음,20.0
2026-06-23 16:00:00,30.6,,33.0,,좋음,17.0
2026-06-23 17:00:00,30.8,,34.0,,좋음,20.0
2026-06-23 18:00:00,30.3,,35.0,,좋음,13.0
2026-06-23 19:00:00,29.3,,38.0,,좋음,11.0
2026-06-23 20:00:00,28.2,,40.0,,좋음,16.0
2026-06-23 21:00:00,26.5,,54.0,,좋음,17.0
2026-06-23 22:00:00,25.6,,54.0,,좋음,17.0
2026-06-23 23:00:00,24.5,,54.0,,좋음,11.0
2026-06-24 00:00:00,23.4,,56.0,,좋음,10.0
2026-06-24 01:00:00,22.5,,59.0,,좋음,9.0
2026-06-24 02:00:00,22.0,,63.0,,좋음,9.0
2026-06-24 03:00:00,21.3,,66.0,,좋음,11.0
2026-06-24 04:00:00,20.5,,67.0,,좋음,9.0
2026-06-24 05:00:00,19.7,,65.0,,좋음,11.0
2026-06-24 06:00:00,19.2,,61.0,,좋음,15.0
2026-06-24 07:00:00,19.7,,59.0,,좋음,16.0
2026-06-24 08:00:00,21.0,,56.0,,좋음,14.0
2026-06-24 09:00:00,22.6,,52.0,,좋음,15.0
2026-06-24 10:00:00,23.4,,51.0,,좋음,17.0
2026-06-24 11:00:00,24.6,,51.0,,좋음,16.0
2026-06-24 12:00:00,26.0,,45.0,,좋음,14.0
2026-06-24 13:00:00,26.7,,44.0,,좋음,14.0
2026-06-24 14:00:00,27.3,,44.0,,좋음,21.0
2026-06-24 15:00:00,27.6,,44.0,,좋음,12.0
2026-06-24 16:00:00,27.9,,46.0,,좋음,14.0
2026-06-24 17:00:00,28.6,,43.0,,좋음,19.0
2026-06-24 18:00:00,28.5,,43.0,,좋음,20.0
2026-06-24 19:00:00,27.6,,46.0,,좋음,22.0
2026-06-24 20:00:00,26.4,,51.0,,좋음,16.0
2026-06-24 21:00:00,25.7,,53.0,,좋음,18.0
2026-06-24 22:00:00,24.9,,53.0,,좋음,19.0
2026-06-24 23:00:00,24.0,,55.0,,좋음,15.0
2026-06-25 00:00:00,23.3,,56.0,,좋음,14.0
2026-06-25 01:00:00,22.7,,57.0,,좋음,11.0
2026-06-25 02:00:00,22.3,,60.0,,좋음,11.0
2026-06-25 03:00:00,21.8,,61.0,,좋음,11.0
2026-06-25 04:00:00,21.2,,60.0,,좋음,14.0
2026-06-25 05:00:00,21.1,,60.0,,좋음,10.0
2026-06-25 06:00:00,21.2,,57.0,,좋음,15.0
2026-06-25 07:00:00,21.5,,58.0,,좋음,16.0
2026-06-25 08:00:00,22.3,,56.0,,좋음,16.0
2026-06-25 09:00:00,22.8,,56.0,,좋음,12.0
2026-06-25 10:00:00,23.2,,56.0,,좋음,14.0
2026-06-25 11:00:00,23.2,0.0,58.0,,좋음,19.0
2026-06-25 12:00:00,23.5,,64.0,,좋음,15.0
2026-06-25 13:00:00,23.0,,71.0,,좋음,16.0
2026-06-25 14:00:00,23.1,,71.0,,좋음,14.0
2026-06-25 15:00:00,23.6,,70.0,,좋음,10.0
2026-06-25 16:00:00,23.9,,69.0,,좋음,13.0
2026-06-25 17:00:00,23.7,,69.0,,보통,40.0
2026-06-25 18:00:00,23.6,,69.0,,보통,49.0
2026-06-25 19:00:00,23.4,,70.0,,좋음,20.0
2026-06-25 20:00:00,22.8,,71.0,,좋음,21.0
2026-06-25 21:00:00,21.9,0.0,77.0,,좋음,25.0
2026-06-25 22:00:00,20.9,0.3,80.0,,좋음,22.0
2026-06-25 23:00:00,20.4,0.0,80.0,,좋음,16.0
2026-06-26 00:00:00,19.6,,83.0,,좋음,15.0
2026-06-26 01:00:00,19.2,,83.0,,좋음,9.0
2026-06-26 02:00:00,18.7,,83.0,,좋음,9.0
2026-06-26 03:00:00,18.1,,84.0,,좋음,9.0
2026-06-26 04:00:00,17.6,,86.0,,좋음,10.0
2026-06-26 05:00:00,17.4,,85.0,,좋음,9.0
2026-06-26 06:00:00,17.3,,83.0,,좋음,8.0
2026-06-26 07:00:00,18.4,,83.0,,좋음,13.0
2026-06-26 08:00:00,20.6,,72.0,,좋음,16.0
2026-06-26 09:00:00,22.2,,68.0,,좋음,13.0
2026-06-26 10:00:00,23.3,,65.0,,좋음,12.0
2026-06-26 11:00:00,24.4,,58.0,,좋음,17.0
2026-06-26 12:00:00,24.9,,57.0,,좋음,21.0
2026-06-26 13:00:00,26.5,,55.0,,좋음,21.0
2026-06-26 14:00:00,27.8,,45.0,,,
2026-06-26 15:00:00,28.4,,44.0,,,
2026-06-26 16:00:00,29.5,,41.0,,좋음,10.0
2026-06-26 17:00:00,29.8,,42.0,,좋음,24.0
2026-06-26 18:00:00,28.9,,43.0,,좋음,30.0
2026-06-26 19:00:00,27.7,,48.0,,좋음,28.0
2026-06-26 20:00:00,26.2,,58.0,,좋음,30.0
2026-06-26 21:00:00,25.1,,62.0,,보통,31.0
2026-06-26 22:00:00,24.3,,65.0,,보통,33.0
2026-06-26 23:00:00,23.8,,66.0,,보통,33.0
2026-06-27 00:00:00,23.2,,68.0,,보통,35.0
2026-06-27 01:00:00,22.6,,72.0,,보통,38.0
2026-06-27 02:00:00,22.0,,75.0,,보통,38.0
2026-06-27 03:00:00,21.5,,74.0,,보통,39.0
2026-06-27 04:00:00,21.1,,75.0,,보통,35.0
2026-06-27 05:00:00,20.9,,76.0,,보통,38.0
2026-06-27 06:00:00,20.8,,78.0,,보통,37.0
2026-06-27 07:00:00,21.4,,79.0,,보통,39.0
2026-06-27 08:00:00,23.2,,72.0,,보통,38.0
2026-06-27 09:00:00,25.0,,66.0,,보통,45.0
2026-06-27 10:00:00,26.8,,58.0,,보통,45.0
2026-06-27 11:00:00,28.2,,54.0,,보통,34.0
2026-06-27 12:00:00,29.9,,49.0,,보통,43.0
2026-06-27 13:00:00,31.2,,44.0,,보통,48.0
2026-06-27 14:00:00,30.2,,42.0,,보통,51.0
2026-06-27 15:00:00,31.6,,45.0,,보통,45.0
2026-06-27 16:00:00,31.9,,43.0,,보통,45.0
2026-06-27 17:00:00,31.1,,48.0,,보통,49.0
2026-06-27 18:00:00,30.4,,49.0,,보통,43.0
2026-06-27 19:00:00,29.2,,55.0,,보통,42.0
2026-06-27 20:00:00,28.0,,55.0,,보통,37.0
2026-06-27 21:00:00,26.8,,60.0,,보통,35.0
2026-06-27 22:00:00,25.5,,63.0,,보통,38.0
2026-06-27 23:00:00,24.8,,68.0,,좋음,28.0
2026-06-28 00:00:00,24.5,,69.0,,보통,32.0
2026-06-28 01:00:00,24.1,,69.0,,보통,33.0
2026-06-28 02:00:00,23.5,,70.0,,보통,39.0
2026-06-28 03:00:00,22.9,,72.0,,보통,35.0
2026-06-28 04:00:00,22.7,,73.0,,보통,33.0
2026-06-28 05:00:00,22.3,,74.0,,좋음,30.0
2026-06-28 06:00:00,21.8,,71.0,,좋음,26.0
2026-06-28 07:00:00,22.4,,71.0,,좋음,24.0
2026-06-28 08:00:00,24.7,,67.0,,좋음,28.0
2026-06-28 09:00:00,26.3,,64.0,,좋음,29.0
2026-06-28 10:00:00,27.7,,58.0,,좋음,28.0
2026-06-28 11:00:00,29.1,,54.0,,보통,35.0
2026-06-28 12:00:00,30.3,,51.0,,보통,38.0
2026-06-28 13:00:00,30.6,,49.0,,보통,42.0
2026-06-28 14:00:00,29.7,,56.0,,보통,46.0
2026-06-28 15:00:00,30.5,,50.0,,보통,39.0
2026-06-28 16:00:00,29.1,,58.0,,보통,39.0
2026-06-28 17:00:00,30.1,,53.0,,보통,40.0
2026-06-28 18:00:00,29.1,,49.0,,좋음,23.0
2026-06-28 19:00:00,27.4,,51.0,,좋음,19.0
2026-06-28 20:00:00,25.9,,48.0,,좋음,24.0
2026-06-28 21:00:00,24.8,,59.0,,좋음,18.0
2026-06-28 22:00:00,24.1,,63.0,,좋음,20.0
2026-06-28 23:00:00,23.7,,68.0,,좋음,20.0
2026-06-29 00:00:00,23.3,,70.0,,좋음,23.0
2026-06-29 01:00:00,22.8,,70.0,,좋음,24.0
2026-06-29 02:00:00,22.3,,72.0,,좋음,22.0
2026-06-29 03:00:00,22.0,,76.0,,좋음,26.0
2026-06-29 04:00:00,21.6,,79.0,,좋음,23.0
2026-06-29 05:00:00,21.7,,85.0,,좋음,27.0
2026-06-29 06:00:00,22.0,,85.0,,좋음,29.0
2026-06-29 07:00:00,22.5,,82.0,,좋음,30.0
2026-06-29 08:00:00,23.0,,79.0,,보통,32.0
2026-06-29 09:00:00,24.1,,75.0,,보통,33.0
2026-06-29 10:00:00,26.3,,70.0,,보통,37.0
2026-06-29 11:00:00,28.0,,62.0,,보통,44.0
2026-06-29 12:00:00,29.1,,59.0,,보통,49.0
2026-06-29 13:00:00,30.4,,53.0,,보통,47.0
2026-06-29 14:00:00,32.0,,49.0,,보통,55.0
2026-06-29 15:00:00,32.2,,47.0,,보통,61.0
2026-06-29 16:00:00,31.2,,49.0,,보통,54.0
2026-06-29 17:00:00,31.1,,53.0,,보통,43.0
2026-06-29 18:00:00,30.3,,56.0,,보통,39.0
2026-06-29 19:00:00,28.2,,60.0,,좋음,30.0
2026-06-29 20:00:00,26.7,,62.0,,좋음,28.0
2026-06-29 21:00:00,25.7,,63.0,,좋음,30.0
2026-06-29 22:00:00,24.6,,63.0,,좋음,28.0
2026-06-29 23:00:00,24.1,,67.0,,좋음,26.0
2026-06-30 00:00:00,23.8,,70.0,,좋음,22.0
2026-06-30 01:00:00,,,,,좋음,22.0
2026-06-30 02:00:00,,,,,좋음,21.0
2026-06-30 03:00:00,,,,,좋음,20.0
2026-06-30 04:00:00,,,,,좋음,20.0
2026-06-30 05:00:00,,,,,좋음,21.0
2026-06-30 06:00:00,,,,,좋음,24.0
2026-06-30 07:00:00,,,,,좋음,24.0
2026-06-30 08:00:00,,,,,좋음,23.0
2026-06-30 09:00:00,,,,,좋음,30.0
2026-06-30 10:00:00,,,,,보통,31.0
2026-06-30 11:00:00,,,,,보통,35.0
2026-06-30 12:00:00,,,,,보통,35.0
2026-06-30 13:00:00,,,,,보통,35.0
2026-06-30 14:00:00,,,,,보통,39.0
2026-06-30 15:00:00,,,,,보통,42.0
2026-06-30 16:00:00,,,,,보통,39.0
2026-06-30 17:00:00,,,,,보통,40.0
2026-06-30 18:00:00,,,,,보통,32.0
2026-06-30 19:00:00,,,,,좋음,25.0
2026-06-30 20:00:00,,,,,좋음,23.0
2026-06-30 21:00:00,,,,,좋음,23.0
2026-06-30 22:00:00,,,,,좋음,19.0
2026-06-30 23:00:00,,,,,좋음,20.0
2026-07-01 00:00:00,,,,,,
